player,team,position,service_time,years_of_control,total_future_salary,salary
Giancarlo Stanton,MIA,rf,5.118,13,300000000,9000000.0
Miguel Cabrera,DET,1b,12.101,10,248000000,28000000.0
David Price,BOS,lhp-s,6.164,7,217000000,30000000.0
Zack Greinke,ARI,rhp-s,11.057,6,206500000,34000000.0
Robinson Cano,SEA,2b,10.153,8,192000000,24000000.0
Jason Heyward,CHC,rf,6.0,8,184000000,21666667.0
Joey Votto,CIN,1b,8.027,8,180000000,20000000.0
Max Scherzer,WSH,rhp-s,7.079,6,180000000,22142857.0
Chris Davis,BAL,1b,6.061,7,161000000,21118782.0
Clayton Kershaw,LAD,lhp-s,7.105,5,153571428,34571429.0
Albert Pujols,LAA,1b,15.0,6,144000000,25000000.0
Justin Upton,DET,lf,8.06,6,132750000,22125000.0
Johnny Cueto,SF,rhp-s,8.0,7,130000000,17500000.0
Jon Lester,CHC,lhp-s,9.075,6,129166666,25000000.0
Mike Trout,LAA,cf,4.07,5,120416666,16083333.0
Prince Fielder,TEX,1b,10.068,5,118888888,24000000.0
Buster Posey,SF,c,5.161,7,111333333,20777777.0
Masahiro Tanaka,NYY,rhp-s,2.0,5,110714285,22000000.0
Jordan Zimmermann,DET,rhp-s,6.154,5,110000000,18000000.0
Jacoby Ellsbury,NYY,cf,8.037,6,109285714,21142857.0
Ryan Braun,MIL,lf,8.129,6,105000000,20000000.0
Elvis Andrus,TEX,ss,7.0,8,105000000,15250000.0
Justin Verlander,DET,rhp-s,10.002,5,102857142,28000000.0
Freddie Freeman,ATL,1b,5.033,6,101250000,12359375.0
Evan Longoria,TB,3b,7.17,8,100000000,12100000.0
Felix Hernandez,SEA,rhp-s,10.06,4,100000000,25857143.0
Troy Tulowitzki,TOR,ss,9.033,6,95714285,20000000.0
Shin-Soo Choo,TEX,lf,8.119,5,92857142,20000000.0
Jeff Samardzija,SF,rhp-s,6.028,5,90000000,10800000.0
David Wright,NYM,3b,11.075,5,86250000,20000000.0
Kyle Seager,SEA,3b,4.085,7,85714285,8000000.0
Dustin Pedroia,BOS,2b,9.041,6,82500000,13125000.0
Rick Porcello,BOS,rhp-s,6.17,4,82500000,20125000.0
Wei-Yin Chen,MIA,lhp-s,4.0,6,80000000,12500000.0
Mike Leake,STL,rhp-s,6.0,6,80000000,12000000.0
Matt Kemp,SD,rf,9.049,4,80000000,21750000.0
Pablo Sandoval,BOS,3b,7.047,5,76000000,17600000.0
Yoenis Cespedes,NYM,lf,4.0,3,75000000,27500000.0
Brandon Crawford,SF,ss,4.094,6,75000000,6000000.0
Cole Hamels,TEX,lhp-s,9.143,4,72000000,23500000.0
Alex Gordon,KC,lf,8.092,5,72000000,12000000.0
Homer Bailey,CIN,rhp-s,7.017,5,70000000,18000000.0
Ian Kennedy,KC,rhp-s,6.124,5,70000000,7500000.0
Joe Mauer,MIN,1b,12.0,3,69000000,23000000.0
Ryan Zimmerman,WSH,1b,10.032,5,66666666,14000000.0
Hanley Ramirez,BOS,lf,10.014,4,66000000,22750000.0
Adrian Gonzalez,LAD,1b,10.108,3,66000000,21857143.0
Russell Martin,TOR,c,9.15,4,65600000,15000000.0
Josh Hamilton,TEX,lf,9.0,3,62500000,28410000.0
Adam Wainwright,STL,rhp-s,10.027,3,58500000,19500000.0
Yasmany Tomas,ARI,lf,1.0,5,57083333,7500000.0
Josh Hamilton,LAA,,,2,56820000,28410000.0
James Shields,SD,rhp-s,9.125,4,56250000,21000000.0
Ben Zobrist,CHC,2b,8.134,4,56000000,10500000.0
Alex Rodriguez,NYY,3b,21.011,2,55000000,21000000.0
Hunter Pence,SF,rf,8.156,3,54000000,18500000.0
Salvador Perez,KC,c,4.05,6,52500000,2000000.0
Hector Olivera,ATL,2b-3b,0.034,6,52083333,8666666.0
Rusney Castillo,BOS,of,0.115,6,51785714,11271429.0
Victor Martinez,DET,dh,12.114,3,51000000,18000000.0
Brian McCann,NYY,c,10.117,4,51000000,17000000.0
Dee Gordon,MIA,2b,3.154,6,50000000,3300000.0
Scott Kazmir,LAD,lhp-s,9.119,3,48000000,12666667.0
Phil Hughes,MIN,rhp-s,8.113,4,46400000,9200000.0
Jose Abreu,CHW,1b,2.0,4,45333333,11666667.0
Nelson Cruz,SEA,dh-rf,8.082,3,42750000,14250000.0
Adam Jones,BAL,cf,8.139,3,42750000,16333333.0
Matt Cain,SF,rhp-s,10.038,3,42500000,20833333.0
Christian Yelich,MIA,lf,2.069,7,42488571,1000000.0
Andrelton Simmons,LAA,ss,3.125,5,41428571,6000000.0
Ervin Santana,MIN,rhp-s,10.101,4,41250000,13500000.0
Carl Crawford,LAD,lf,13.072,2,40571428,21607143.0
Chase Headley,NYY,3b,7.123,3,39000000,13000000.0
Brett Gardner,NYY,lf,7.072,4,39000000,13500000.0
Daniel Murphy,WSH,2b,6.109,3,37500000,8000000.0
J.A. Happ,TOR,lhp-s,7.047,3,36000000,10000000.0
Jayson Werth,WSH,lf,12.102,2,36000000,21571429.0
Brandon McCarthy,LAD,rhp-s,9.122,3,36000000,12500000.0
Jose Reyes,COL,ss,12.111,3,35333333,22000000.0
Jason Kipnis,CLE,2b,4.069,5,35000000,6166667.0
Matt Carpenter,STL,3b,4.012,5,34666666,6500000.0
David Robertson,CHW,rhp-c,7.07,3,34500000,11000000.0
Starlin Castro,NYY,2b,5.15,5,34285714,7857142.0
Andre Ethier,LAD,cf,9.153,3,34000000,18000000.0
Nick Markakis,ATL,rf,10.0,3,33000000,11000000.0
John Lackey,CHC,rhp-s,13.095,2,32000000,16000000.0
Anibal Sanchez,DET,rhp-s,9.099,3,32000000,16800000.0
Denard Span,SF,cf,7.111,4,31000000,5000000.0
Darren O'Day,BAL,rhp,7.103,4,31000000,6000000.0
Corey Kluber,CLE,rhp-s,3.074,6,30800000,4700000.0
Melvin Jr. (B.J.) Upton,SD,lf,9.126,2,30100000,16050000.0
Prince Fielder,DET,,,5,30000000,6000000.0
Ian Kinsler,DET,2b,10.0,3,30000000,14000000.0
Yaisel Sierra,LAD,rhp,0.0,6,30000000,2000000.0
Prince Fielder,TEX,,,5,30000000,
Yadier Molina,STL,c,11.123,3,30000000,14200000.0
Curtis Granderson,NYM,rf,10.077,2,30000000,16000000.0
Josh Donaldson,TOR,3b,3.158,3,28650000,11650000.0
Melky Cabrera,CHW,lf,9.148,2,28000000,14000000.0
Gerardo Parra,COL,rf,6.145,5,27500000,8000000.0
Andrew Miller,NYY,lhp,7.062,3,27000000,9000000.0
J.J. Hardy,BAL,ss,10.164,3,26666666,12500000.0
Jhonny Peralta,STL,ss,11.118,2,26500000,12500000.0
Marco Estrada,TOR,rhp-s,6.035,2,26000000,11500000.0
Francisco Liriano,PIT,lhp-s,9.104,2,26000000,13666667.0
Kolten Wong,STL,2b,2.045,5,25500000,1250000.0
Matt Garza,MIL,rhp-s,8.149,3,25000000,12500000.0
Joakim Soria,KC,rhp,9.0,4,25000000,7000000.0
Kenta Maeda,LAD,rhp-s,0.0,8,25000000,3125000.0
Ryan Howard,PHI,1b,10.145,2,25000000,25000000.0
Ubaldo Jimenez,BAL,rhp-s,8.087,2,25000000,13000000.0
Ricky Nolasco,MIN,rhp-s,9.142,3,24500000,12000000.0
CC Sabathia,NYY,lhp-s,15.0,2,24400000,25000000.0
Brandon Phillips,CIN,2b,11.022,2,24166666,13000000.0
Miguel Montero,CHC,c,9.031,2,24000000,14000000.0
Jedd Gyorko,STL,2b,2.164,5,23673933,4000000.0
Anthony Rizzo,CHC,1b,3.168,6,23428571,5285714.0
Hector Olivera,LAD,,,5,23334666,4666666.0
Carlos Gonzalez,COL,cf,7.059,2,22857142,17428571.0
Yovani Gallardo,BAL,rhp-s,8.108,3,22000000,9000000.0
Ryan Madson,ATH,rhp,10.155,3,22000000,6666667.0
Matt Harrison,PHI,lhp-s,7.083,3,22000000,13200000.0
Julio Teheran,ATL,rhp-s,3.062,5,21600000,3466666.0
Devin Mesoraco,CIN,c,4.028,3,21000000,5025000.0
Craig Kimbrel,BOS,rhp-c,5.066,3,21000000,11250000.0
Allen Craig,BOS,,,3,21000000,9000000.0
Starling Marte,PIT,lf,3.07,6,20666666,3333333.0
Josh Harrison,PIT,3b-ss,4.033,5,20475000,5250000.0
Howie Kendrick,LAD,2b,9.091,2,20000000,10000000.0
Billy Butler,ATH,dh-1b,8.102,2,20000000,11666667.0
Raisel Iglesias,CIN,rhp-s,0.154,6,19285714,3214286.0
Paul Goldschmidt,ARI,1b,4.059,4,19200000,5850000.0
Adam Eaton,CHW,cf,3.03,6,18800000,2750000.0
Yu Darvish,TEX,rhp-s,4.0,2,18666666,10000000.0
Asdrubal Cabrera,NYM,ss-2b,8.027,3,18500000,8250000.0
J.D. Martinez,DET,rf,4.036,2,18500000,6750000.0
Yordano Ventura,KC,rhp-s,2.013,6,18400000,1200000.0
Tony Sipp,HOU,lhp,6.1,3,18000000,6000000.0
Hyun-Jin Ryu,LAD,lhp-s,3.0,3,18000000,7833333.0
Adrian Beltre,TEX,3b,17.096,1,18000000,18000000.0
Yasiel Puig,LAD,rf,2.119,4,18000000,7214286.0
Huston Street,LAA,rhp-c,11.0,3,18000000,8000000.0
Lorenzo Cain,KC,cf,4.074,2,17500000,6500000.0
Erisbel Arruebarruena,LAD,,,3,17500000,5500000.0
Andrew McCutchen,PIT,cf,6.123,3,17166666,13208333.0
Matt Holliday,STL,lf,12.0,2,17142857,17000000.0
Chris Archer,TB,rhp-s,2.156,4,17000000,2916667.0
Jered Weaver,LAA,rhp-s,9.129,1,17000000,20200000.0
Jorge Soler,CHC,lf-rf,1.033,5,16666666,3666667.0
Carlos Carrasco,CLE,rhp-s,4.147,5,16500000,4500000.0
Mike Pelfrey,DET,rhp-s,8.122,2,16000000,8000000.0
David Ortiz,BOS,dh,17.048,2,16000000,16000000.0
Jason Vargas,KC,lhp-s,8.114,2,16000000,8500000.0
Matt Wieters,BAL,c,6.129,1,15800000,15800000.0
Brett Anderson,LAD,lhp-s,7.0,1,15800000,15800000.0
Colby Rasmus,HOU,cf-lf,7.0,1,15800000,15800000.0
Chris Johnson,MIA,3b,5.144,3,15666666,7500000.0
C.J. Wilson,LAA,lhp-s,10.055,1,15500000,20500000.0
Yan Gomes,CLE,c,3.083,5,15333333,2583333.0
Jed Lowrie,ATH,ss,7.111,2,15333333,7500000.0
Omar Infante,KC,2b,12.12,3,15125000,7750000.0
"M & Swisher, N Bourn",CLE,,,1,15000000,15000000.0
Shawn Kelley,WSH,rhp,6.128,3,15000000,4000000.0
Carlos Beltran,NYY,rf,17.014,1,15000000,15000000.0
Nick Swisher,ATL,,,1,15000000,15000000.0
Brian Dozier,MIN,2b,3.1,3,15000000,3000000.0
Lance Lynn,STL,rhp-s,4.119,2,14666666,7500000.0
Mike Moustakas,KC,3b,4.111,2,14300000,5600000.0
Jose Bautista,TOR,rf,10.165,1,14000000,14000000.0
Madison Bumgarner,SF,lhp-s,5.127,4,14000000,9950000.0
Matt Kemp,LAD,,,4,14000000,3500000.0
Alexander Guerrero,LAD,2b,1.031,5,14000000,7500000.0
Michael Bourn,ATL,,,1,14000000,14000000.0
Clay Buchholz,BOS,rhp-s,7.059,2,13500000,13000000.0
Edwin Jackson,MIA,rhp-s,10.064,1,13000000,13000000.0
Chris Young,BOS,rf,9.039,2,13000000,6500000.0
John Danks,CHW,lhp-s,9.0,1,13000000,15750000.0
Chris Sale,CHW,lhp-s,5.061,4,13000000,9150000.0
Dexter Fowler,CHC,cf,6.168,2,13000000,8000000.0
Wade Miley,SEA,lhp-s,4.044,2,12833333,6000000.0
Jose Quintana,CHW,lhp-s,3.133,5,12600000,5400000.0
Jorge De La Rosa,COL,lhp-s,11.015,1,12500000,12500000.0
Michael Brantley,CLE,lf,5.131,3,12500000,7375000.0
Edwin Jackson,CHC,,,1,12492500,12492500.0
Luke Gregerson,HOU,rhp-c,7.0,2,12333333,6750000.0
Tyler Clippard,ARI,rhp,6.148,2,12250000,6100000.0
Jake Peavy,SF,rhp-s,13.101,1,12000000,15000000.0
R.A. Dickey,TOR,rhp-s,10.007,1,12000000,12000000.0
Jaime Garcia,STL,lhp-s,7.047,2,12000000,11500000.0
Byung Ho Park,MIN,dh-1b,0.0,6,12000000,2750000.0
Hisashi Iwakuma,SEA,rhp-s,4.0,3,12000000,11000000.0
Antonio Bastardo,NYM,lhp,6.054,2,12000000,5375000.0
Aaron Hill,MIL,2b,10.136,1,11666666,12000000.0
Chris Young,KC,rhp-s,9.162,3,11500000,4250000.0
Covelli Crisp,ATH,cf,12.158,2,11375000,11000000.0
Aroldis Chapman,NYY,lhp-c,5.034,1,11325000,11325000.0
Glen Perkins,MIN,lhp-c,8.01,3,11087500,6300000.0
Mark Lowe,DET,rhp,7.159,2,11000000,5500000.0
Jonathan Papelbon,WSH,rhp-c,10.064,1,11000000,11000000.0
Jake Arrieta,CHC,rhp-s,4.145,2,10700000,10700000.0
Kenley Jansen,LAD,rhp-c,5.073,1,10650000,10650000.0
Neil Walker,NYM,2b,5.166,1,10550000,10550000.0
Wade Davis,KC,rhp-c,6.032,2,10500000,8000000.0
Stephen Strasburg,WSH,rhp-s,5.118,1,10400000,10400000.0
Adam Ottavino,COL,rhp,4.087,3,10400000,1300000.0
Logan Forsythe,TB,2b,4.113,3,10250000,2250000.0
A.J. Pollock,ARI,cf,3.052,3,10250000,3500000.0
Jason Motte,COL,rhp-c,7.027,2,10000000,5000000.0
Edwin Encarnacion,TOR,1b,10.085,1,10000000,10000000.0
Zach Duke,CHW,lhp,9.054,2,10000000,5000000.0
Scott Feldman,HOU,rhp-s,9.091,1,10000000,8000000.0
Edinson Volquez,KC,rhp-s,8.059,2,10000000,9500000.0
Martin Prado,MIA,3b,8.105,1,10000000,11000000.0
Angel Pagan,SF,lf,9.144,1,10000000,11250000.0
Jason Hammel,CHC,rhp-s,8.153,2,10000000,9000000.0
John Axford,ATH,rhp,5.17,2,10000000,4500000.0
Steve Cishek,SEA,rhp-c,4.143,2,10000000,4000000.0
James Loney,TB,,,1,9666667,9666667.0
Mark Melancon,PIT,rhp,5.098,1,9650000,9650000.0
Tyson Ross,SD,rhp-s,4.126,2,9625000,9625000.0
Mark Trumbo,BAL,rf-1b,5.027,1,9150000,9150000.0
Koji Uehara,BOS,rhp-c,7.0,1,9000000,9000000.0
Erick Aybar,ATL,ss,9.086,1,8750000,8750000.0
Carlos Ruiz,PHI,c,9.069,2,8666666,8500000.0
Jay Bruce,CIN,rf,7.125,1,8500000,12541667.0
Michael Morse,LAD,,,1,8500000,8500000.0
Kendrys Morales,KC,dh-1b,7.17,1,8500000,9000000.0
Gio Gonzalez,WSH,lhp-s,6.162,1,8400000,12100000.0
Drew Storen,TOR,rhp,5.14,1,8375000,8375000.0
Brandon Moss,STL,1b,5.16,1,8250000,8250000.0
Jung-Ho Kang,PIT,ss,1.0,5,8250000,2500000.0
Adam Lind,SEA,1b-dh,8.058,1,8000000,8000000.0
Ian Desmond,TEX,lf-ss,6.027,1,8000000,8000000.0
Joaquin Benoit,SEA,rhp,13.04,1,8000000,8000000.0
Michael Morse,PIT,1b-lf,8.114,1,8000000,8500000.0
John Jaso,PIT,1b,6.032,2,8000000,4000000.0
Jarrod Saltalamacchia,MIA,,,1,8000000,7492500.0
Carlos Gomez,HOU,cf,8.141,1,8000000,9000000.0
Nate Jones,CHW,rhp-c,4.0,6,8000000,900000.0
D.J. LeMahieu,COL,2b,3.128,3,7800000,3000000.0
Jedd Gyorko,SD,,,0,7500000,
Jonathan Broxton,STL,rhp,10.02,2,7500000,3750000.0
Sergio Romo,SF,rhp,7.097,1,7500000,9000000.0
Jedd Gyorko,STL,,,0,7500000,
Trevor Plouffe,MIN,3b,4.162,2,7250000,7250000.0
Dallas Keuchel,HOU,lhp-s,3.089,3,7250000,7250000.0
Bartolo Colon,NYM,rhp-s,17.061,1,7250000,7250000.0
Mike Minor,KC,lhp-s,4.138,3,7250000,2000000.0
Andrew Cashner,SD,rhp-s,5.126,1,7150000,7150000.0
Mike Napoli,CLE,1b,9.151,1,7000000,7000000.0
Hyun-soo Kim,BAL,lf-1b,0.0,6,7000000,2800000.0
Oliver Perez,WSH,lhp,11.058,2,7000000,3000000.0
Charlie Morton,PHI,rhp-s,7.01,2,7000000,8000000.0
Chase Utley,LAD,2b,12.027,1,7000000,7000000.0
Doug Fister,HOU,rhp-s,6.058,1,7000000,7000000.0
Jarrod Saltalamacchia,DET,c,8.031,1,7000000,507500.0
Jeremy Hellickson,PHI,rhp-s,5.045,1,7000000,7000000.0
Eric Hosmer,KC,1b,4.146,2,6950000,8250000.0
Zach Britton,BAL,lhp,3.158,3,6750000,6750000.0
Lucas Duda,NYM,1b,4.137,2,6725000,6725000.0
Josh Reddick,ATH,rf,5.05,1,6575000,6575000.0
Santiago Casilla,SF,rhp-c,8.148,1,6500000,6500000.0
Aaron Hill,ARI,,,1,6500000,6500000.0
Francisco Rodriguez,DET,rhp-c,12.115,2,6500000,7500000.0
Yunel Escobar,LAA,2b-ss,8.121,2,6500000,7000000.0
Seth Smith,SEA,lf-rf,7.119,2,6500000,6750000.0
Garrett Richards,LAA,rhp-s,3.148,3,6425000,6425000.0
Sean Doolittle,ATH,lhp-c,3.122,5,6300000,1580000.0
Martin Perez,TEX,lhp-s,3.038,5,6250000,3150000.0
Ben Revere,WSH,cf,4.149,2,6250000,6250000.0
J.P. Howell,LAD,lhp,9.007,1,6250000,6250000.0
Jose Altuve,HOU,2b,4.072,4,6250000,3687500.0
Pat Neshek,HOU,rhp,7.159,2,6250000,6500000.0
Chris Tillman,BAL,rhp-s,4.113,2,6225000,6225000.0
Brandon Belt,SF,1b,4.128,2,6200000,6200000.0
Travis Wood,CHC,lhp,5.004,1,6170000,6170000.0
Luis Valbuena,HOU,3b,5.148,1,6125000,6125000.0
Kurt Suzuki,MIN,c,8.113,2,6000000,6000000.0
Todd Frazier,CHW,3b,4.071,2,6000000,8250000.0
Colby Lewis,TEX,rhp-s,9.132,1,6000000,6000000.0
Rich Hill,ATH,lhp-s,6.127,1,6000000,6000000.0
Jonathan Singleton,HOU,1b,0.167,6,6000000,2000000.0
Chad Qualls,COL,rhp-c,11.058,2,6000000,2250000.0
Pedro Alvarez,BAL,1b,5.085,1,5750000,5750000.0
Alcides Escobar,KC,ss,6.082,2,5750000,5250000.0
Alejandro De Aza,NYM,cf-lf,6.139,1,5750000,5750000.0
Mitch Moreland,TEX,dh-1b,5.067,1,5700000,5700000.0
Derek Holland,TEX,lhp-s,6.12,3,5700000,10000000.0
Trevor Rosenthal,STL,rhp-c,3.058,3,5600000,5600000.0
Nate Eovaldi,NYY,rhp-s,4.013,2,5600000,5600000.0
Brad Ziegler,ARI,rhp-c,7.122,1,5500000,5500000.0
Josh Tomlin,CLE,rhp,5.033,3,5500000,2250000.0
Nori Aoki,SEA,rf,4.0,2,5500000,5500000.0
Boone Logan,COL,lhp,8.14,1,5500000,6250000.0
Jon Jay,SD,cf,5.134,1,5487500,6850000.0
Wilson Ramos,WSH,c,5.047,1,5350000,5350000.0
Kevin Jepsen,MIN,rhp,5.163,1,5312500,5312500.0
Addison Reed,NYM,rhp,4.001,2,5300000,5300000.0
Tyler Flowers,ATL,c,4.148,3,5300000,2000000.0
Joe Smith,LAA,rhp,8.091,1,5250000,5250000.0
Rajai Davis,CLE,lf,8.167,1,5250000,5250000.0
Jon Niese,PIT,lhp-s,6.107,3,5103900,9050000.0
Justin Turner,LAD,3b,5.045,1,5100000,5100000.0
Brayan Pena,STL,c,8.081,2,5000000,2500000.0
Seung-hwan Oh,STL,rhp,0.0,6,5000000,2500000.0
Cameron Maybin,DET,cf,6.073,2,5000000,8100000.0
Nolan Arenado,COL,3b,2.155,4,5000000,5000000.0
Manny Machado,BAL,3b,3.056,3,5000000,5000000.0
Austin Jackson,CHW,cf,6.0,1,5000000,5000000.0
Luke Hochevar,KC,rhp,7.151,2,5000000,5500000.0
Hector Santiago,LAA,lhp-s,4.016,2,5000000,5000000.0
Jason Castro,HOU,c,5.104,1,5000000,5000000.0
Dian Toscano,ATL,,,4,4900000,1300000.0
Chris Coghlan,ATH,lf,5.148,1,4800000,4800000.0
Jake McGee,COL,lhp,4.127,2,4800000,4800000.0
Steve Pearce,TB,1b-lf,6.116,1,4750000,4750000.0
Miguel Gonzalez,PHI,,,1,4666667,4666667.0
Jose Tabata,PIT,,,1,4666667,4666667.0
A.J. Ellis,LAD,c,5.151,1,4500000,4500000.0
Tom Milone,MIN,lhp-s,3.143,3,4500000,4500000.0
Pedro Strop,CHC,rhp,4.156,2,4400000,4400000.0
Shelby Miller,ARI,rhp-s,3.03,3,4350000,4350000.0
Javier Lopez,SF,lhp,10.167,1,4333333,5000000.0
Matt Harvey,NYM,rhp-s,3.072,3,4325000,4325000.0
Michael Pineda,NYY,rhp-s,4.099,2,4300000,4300000.0
Chris Iannetta,SEA,c,9.013,2,4250000,4250000.0
Henderson Alvarez,ATH,rhp-s,4.051,2,4250000,4250000.0
Trevor Cahill,CHC,rhp,6.098,1,4250000,4250000.0
Kris Medlen,KC,rhp-s,6.137,2,4250000,5500000.0
Danny Duffy,KC,lhp-s,4.085,2,4225000,4225000.0
Carlos Santana,CLE,dh-1b,5.115,2,4200380,8450000.0
Hector Rondon,CHC,rhp-c,3.0,3,4200000,4200000.0
Logan Morrison,TB,1b,5.069,1,4200000,4200000.0
Leonys Martin,SEA,cf,3.078,3,4150000,4150000.0
Cody Allen,CLE,rhp,3.076,3,4150000,4150000.0
Brett Lawrie,CHW,2b,4.055,2,4125000,4125000.0
Jeurys Familia,NYM,rhp-c,3.03,3,4099999,4100000.0
Ivan Nova,NYY,rhp-s,5.024,1,4099999,4100000.0
Jason Grilli,ATL,rhp,9.016,2,4000000,3500000.0
Juan Uribe,CLE,3b,14.089,1,4000000,4000000.0
Alex Cobb,TB,rhp-s,4.061,2,4000000,4000000.0
Aledmys Diaz,STL,ss,0.0,6,4000000,2500000.0
Jesse Chavez,TOR,rhp,5.108,1,4000000,4000000.0
Jerry Blevins,NYM,lhp,6.081,1,4000000,4000000.0
Alexei Ramirez,SD,ss,8.0,2,4000000,3000000.0
Joe Blanton,LAD,rhp,9.158,1,4000000,4000000.0
Dioner Navarro,CHW,c,9.091,1,4000000,4000000.0
Neftali Feliz,PIT,rhp,5.151,1,3900000,3900000.0
Brian Matusz,BAL,lhp,5.156,1,3900000,3900000.0
David Hernandez,PHI,rhp,6.095,1,3900000,3900000.0
Justin Smoak,TOR,1b,5.077,1,3900000,3900000.0
Brett Cecil,TOR,lhp,5.152,1,3800000,3800000.0
Drew Smyly,TB,lhp-s,3.154,3,3750000,3750000.0
Cliff Pennington,LAA,ss-2b,6.114,2,3750000,1500000.0
Bryce Harper,WSH,rf,3.159,3,3750000,5000000.0
Gregor Blanco,SF,cf-lf,5.164,1,3750000,3900000.0
Welington Castillo,ARI,c,4.009,2,3700000,3700000.0
Ryan Hanigan,BOS,c,7.077,2,3583333,3700000.0
Tom Koehler,MIA,rhp-s,3.016,3,3500000,3500000.0
Tony Barnette,TEX,rhp,0.0,6,3500000,1500000.0
Charlie Blackmon,COL,of,3.102,3,3500000,3500000.0
Francisco Cervelli,PIT,c,5.146,1,3500000,3500000.0
Tony Watson,PIT,lhp,4.101,2,3450000,3450000.0
A.J. Ramos,MIA,rhp-c,3.03,3,3400000,3400000.0
Evan Gattis,HOU,dh-lf,3.0,3,3400000,3300000.0
Kole Calhoun,LAA,rf,2.13,4,3400000,3400000.0
Junichi Tazawa,BOS,rhp,5.086,1,3375000,3375000.0
Jordan Walden,STL,rhp,5.043,2,3300000,3675000.0
Desmond Jennings,TB,lf,4.101,2,3300000,3300000.0
Shawn Tolleson,TEX,rhp-c,3.122,3,3275000,3275000.0
Dustin Ackley,NYY,lf,4.087,2,3200000,3200000.0
Danny Valencia,ATH,3b,4.064,2,3150000,3150000.0
Nick Hundley,COL,c,7.059,1,3125000,3150000.0
Tom Wilhelmsen,TEX,rhp,4.091,2,3100000,3100000.0
Jeff Locke,PIT,lhp-s,3.02,3,3025000,3025000.0
Chris Stewart,PIT,c,5.091,3,3000000,1350000.0
Martin Prado,NYY,,,1,3000000,3000000.0
Juan Nicasio,PIT,rhp,4.084,2,3000000,3000000.0
Stephen Drew,WSH,2b-ss,9.038,1,3000000,3000000.0
Mat Latos,CHW,rhp-s,6.079,1,3000000,3000000.0
A.J. Pierzynski,ATL,c,15.1,1,3000000,3000000.0
David Freese,PIT,3b,6.028,1,3000000,3000000.0
Yusmeiro Petit,WSH,rhp,5.016,2,3000000,2500000.0
Jordan Lyles,COL,rhp-s,4.06,2,2975000,2975000.0
Marc Rzepczynski,ATH,lhp,5.132,1,2950000,2950000.0
Derek Norris,SD,c,3.102,3,2925000,2925000.0
Zack Cozart,CIN,ss,4.084,2,2925000,2925000.0
Michael Saunders,TOR,lf,5.138,1,2900000,2900000.0
Michael Dunn,MIA,lhp,5.079,1,2900000,3450000.0
Danny Espinosa,WSH,ss,4.113,2,2875000,2875000.0
Matt Moore,TB,lhp-s,4.0,4,2800000,5100000.0
Geovany Soto,LAA,c,8.096,1,2800000,2800000.0
Jose Fernandez,MIA,rhp-s,3.0,3,2800000,2800000.0
Yasmani Grandal,LAD,c,3.115,3,2800000,2800000.0
Wily Peralta,MIL,rhp-s,3.033,3,2800000,2800000.0
Anthony Rendon,WSH,3b,2.13,4,2800000,2800000.0
Bryan Shaw,CLE,rhp,4.081,2,2750000,2750000.0
Lonnie Chisenhall,CLE,3b,3.158,3,2725000,2725000.0
Daniel Hudson,ARI,rhp,5.117,1,2700000,2700000.0
Yonder Alonso,ATH,1b,4.116,2,2650000,2650000.0
Adeiny Hechavarria,MIA,ss,3.06,3,2625000,2625000.0
Jean Segura,ARI,ss,3.065,3,2600000,2600000.0
Vance Worley,BAL,rhp-s,3.112,3,2600000,2600000.0
Joe Kelly,BOS,rhp-s,3.101,3,2600000,2600000.0
Mark Reynolds,COL,1b,8.138,1,2600000,2600000.0
Patrick Corbin,ARI,lhp-s,3.105,3,2525000,2525000.0
David Ross,CHC,c,13.001,1,2500000,2500000.0
Jim Johnson,ATL,rhp-c,7.161,1,2500000,2500000.0
Bud Norris,ATL,rhp-s,6.068,1,2500000,2500000.0
Chris Carter,MIL,dh-1b,3.159,3,2500000,2500000.0
Sean Rodriguez,PIT,2b-3b,6.133,1,2500000,2500000.0
Erick Aybar,LAA,,,1,2500000,2500000.0
Cameron Maybin,ATL,,,1,2500000,2500000.0
Alex Avila,CHW,c,6.061,1,2500000,2500000.0
David Phelps,MIA,rhp-s,3.156,3,2500000,2500000.0
Didi Gregorius,NYY,ss,2.159,4,2425000,2425000.0
Fernando Salas,LAA,rhp,5.048,1,2400000,2400000.0
Erasmo Ramirez,TB,rhp-s,2.158,4,2375000,2375000.0
Rubby De La Rosa,ARI,rhp-s,3.097,3,2350000,2350000.0
Casey Fien,MIN,rhp,3.143,3,2275000,2275000.0
Matt Albers,CHW,rhp,8.141,1,2250000,2000000.0
Jonathan Lucroy,MIL,c,5.136,2,2200000,4350000.0
Drew Hutchison,TOR,rhp-s,3.128,3,2200000,
Jared Hughes,PIT,rhp,3.162,3,2175000,2175000.0
Eduardo Escobar,MIN,ss,3.128,3,2150000,2150000.0
Drew Storen,WSH,,,1,2125000,2125000.0
Jose Iglesias,DET,ss,3.036,3,2100000,2100000.0
Avisail Garcia,CHW,rf,2.167,4,2100000,2100000.0
Kelvin Herrera,KC,rhp,3.157,3,2075000,2550000.0
Jordy Mercer,PIT,ss,3.095,3,2075000,2075000.0
Alfredo Simon,CIN,rhp-s,6.142,1,2000000,2000000.0
Kelly Johnson,ATL,3b,10.127,1,2000000,2000000.0
Alexi Ogando,ATL,rhp,5.114,1,2000000,2000000.0
Jimmy Rollins,CHW,ss,15.015,1,2000000,2000000.0
Mike Aviles,DET,inf,7.091,1,2000000,2000000.0
Peter Bourjos,PHI,rf,5.062,1,2000000,2000000.0
Dillon Gee,KC,rhp-s,4.108,2,2000000,2000000.0
Marwin Gonzalez,HOU,2b-ss,3.133,3,2000000,2000000.0
Fernando Rodney,SD,rhp-c,12.137,2,2000000,1600000.0
Tommy Hunter,CLE,rhp,6.066,1,2000000,2000000.0
Franklin Morales,TOR,lhp,7.007,1,2000000,2000000.0
Clayton Richard,CHC,lhp,5.163,1,2000000,2000000.0
Felix Doubront,ATH,lhp-s,4.041,2,2000000,2000000.0
Ryan Vogelsong,PIT,rhp-s,9.02,1,2000000,2000000.0
Freddy Galvis,PHI,ss,3.021,3,2000000,2000000.0
Ichiro Suzuki,MIA,rf,15.0,2,2000000,2000000.0
Sam Fuld,ATH,of,5.14,1,1925000,1925000.0
Josh Collmenter,ARI,rhp,5.0,2,1850000,1850000.0
Dylan Bundy,BAL,rhp,0.026,6,1800000,1800000.0
Daniel Descalso,COL,3b-ss,5.016,1,1800000,2100000.0
Eric O'Flaherty,ATL,lhp,8.062,1,1750000,1750000.0
Jarrod Dyson,KC,cf,4.088,2,1725000,1725000.0
Adam Warren,CHC,rhp-s,3.036,3,1700000,1700000.0
Trevor Bauer,CLE,rhp-s,1.158,5,1697500,1697500.0
Justin Ruggiano,TEX,cf,4.123,2,1650000,1650000.0
Matt Adams,STL,1b,3.033,3,1650000,1650000.0
Matt Thornton,SD,lhp,11.129,1,1600000,1600000.0
Charlie Furbush,SEA,lhp,4.121,2,1600000,1600000.0
Robinson Chirinos,TEX,c,3.103,3,1550000,1550000.0
Justin Wilson,DET,lhp,3.035,3,1525000,1525000.0
Rickie Weeks,ARI,2b-of,10.036,1,1500000,1500000.0
Jacob Turner,CHW,,,1,1500000,1500000.0
Yunel Escobar,WSH,,,1,1500000,1500000.0
Jeff Mathis,MIA,c,9.012,1,1500000,1500000.0
Brandon Beachy,LAD,,,1,1500000,1500000.0
Carlos Villanueva,SD,rhp,9.03,1,1500000,1500000.0
Eric Sogard,ATH,2b,4.064,2,1500000,1500000.0
Ryan Raburn,COL,lf-rf,8.109,1,1500000,1500000.0
Ruben Tejada,STL,ss,5.0,1,1500000,1500000.0
Hank Conger,TB,c,4.051,2,1500000,1500000.0
Franklin Gutierrez,SEA,lf,8.011,1,1500000,1500000.0
James Russell,PHI,lhp,5.122,1,1500000,1500000.0
Ryan Flaherty,BAL,3b-ss,4.0,2,1500000,1500000.0
Craig Breslow,MIA,lhp,8.088,1,1500000,1500000.0
Chris Capuano,MIL,lhp-s,10.152,1,1500000,1500000.0
Tim Collins,KC,lhp,4.097,2,1475000,1475000.0
Will Smith,MIL,lhp,2.155,4,1475000,1475000.0
Eduardo Nunez,MIN,ss-2b,4.09,2,1475000,1475000.0
Andres Blanco,PHI,ss,5.007,1,1450000,1450000.0
J.J. Hoover,CIN,rhp-c,3.102,3,1400000,1400000.0
Seth Maness,STL,rhp,2.154,4,1400000,1400000.0
Jeanmar Gomez,PHI,rhp,4.063,2,1400000,1400000.0
Luis Avilan,LAD,lhp,3.077,3,1390000,1390000.0
Jose Lobaton,WSH,c,4.138,2,1387500,1387500.0
Daniel Nava,LAA,lf,4.045,2,1375000,1375000.0
Bryan Morris,MIA,rhp,3.011,3,1350000,1350000.0
Drew Pomeranz,SD,lhp-s,3.013,3,1350000,1350000.0
Zach McAllister,CLE,rhp-s,3.077,3,1300000,1300000.0
Nolan Reimold,BAL,lf,5.113,1,1300000,1300000.0
Randall Delgado,ARI,rhp,3.1,3,1275000,1275000.0
Justin Grimm,CHC,rhp,2.17,4,1275000,1275000.0
Jake Diekman,TEX,lhp,3.05,3,1255000,1255000.0
Miguel Gonzalez,BAL,,,1,1254098,1254098.0
Matt Belisle,WSH,rhp,10.019,1,1250000,1250000.0
Alexi Amarista,SD,2b-ss,4.053,2,1250000,1350000.0
Joel Peralta,SEA,rhp,9.132,1,1250000,1250000.0
Emilio Bonifacio,ATL,,,1,1250000,1250000.0
Chris Heisey,WSH,of,5.042,1,1250000,1250000.0
Gordon Beckham,ATL,2b,6.123,1,1250000,1250000.0
Fernando Abad,MIN,lhp,4.073,2,1250000,125000.0
Brad Brach,BAL,rhp,3.063,3,1250000,1250000.0
Robbie Ross,BOS,lhp,3.1,3,1250000,1250000.0
Scott Van Slyke,LAD,of-1b,2.151,4,1225000,1225000.0
Gerardo Concepcion,CHC,,,1,1200000,1200000.0
Chris Narveson,MIA,lhp,4.073,2,1200000,1200000.0
Brandon Guyer,TB,of,3.066,3,1185000,1185000.0
Drew Butera,KC,c,5.018,1,1162500,1162500.0
George Kontos,SF,rhp,2.171,4,1150000,1150000.0
Ryan Cook,SEA,rhp,3.086,3,1100000,1100000.0
Al Alburquerque,LAA,rhp,4.147,2,1100000,
Chris Hatcher,LAD,rhp,2.146,4,1065000,1065000.0
Darwin Barney,TOR,2b,4.085,2,1050000,1050000.0
Aaron Loup,TOR,lhp,3.083,3,1050000,1050000.0
Fernando Rodriguez,ATH,rhp,4.032,2,1050000,1050000.0
Ross Detwiler,CLE,lhp-s,6.002,1,1000000,1000000.0
Gavin Floyd,TOR,rhp,9.045,1,1000000,1000000.0
Marlon Byrd,CLE,lf,11.115,1,1000000,1000000.0
Ryan Webb,TB,rhp,6.003,1,1000000,1000000.0
Dae-ho Lee,SEA,1b,0.0,6,1000000,1000000.0
Chien-Ming Wang,KC,rhp-s,8.016,1,1000000,1000000.0
Brett Wallace,SD,1b,3.003,3,1000000,1000000.0
Tyler Chatwood,COL,rhp-s,4.039,2,1000000,1000000.0
Brandon Barnes,COL,lf-cf,3.024,3,1000000,1000000.0
Collin Cowgill,CLE,cf-rf,3.151,3,1000000,1000000.0
Matt Joyce,PIT,of,6.123,1,1000000,1000000.0
Cory Luebke,PIT,lhp,5.033,1,1000000,1000000.0
Brendan Ryan,CHC,,,1,1000000,1000000.0
Dustin McGowan,MIA,rhp,8.17,1,1000000,1000000.0
Craig Gentry,LAA,cf-rf,4.152,2,1000000,1000000.0
Jeff Francoeur,ATL,rf,9.075,1,1000000,1000000.0
Carter Capps,MIA,rhp,3.007,3,987500,987500.0
Chris Gimenez,TEX,c,3.163,3,975000,975000.0
Martin Maldonado,MIL,c,3.156,3,975000,1125000.0
Zach Putnam,CHW,rhp,2.135,4,975000,975000.0
Tony Cruz,KC,c,4.105,2,975000,
Carlos Torres,MIL,rhp,3.114,3,950000,950000.0
Blaine Boyer,MIL,rhp,6.07,1,950000,950000.0
Emmanuel Burriss,PHI,ss,3.164,3,925000,925000.0
Tanner Scheppers,TEX,rhp,3.094,3,900000,900000.0
Andrew Romine,DET,ss-2b,3.049,3,900000,900000.0
Josh Fields,HOU,rhp,3.0,3,900000,900000.0
Tyler Moore,ATL,,,1,900000,900000.0
Arodys Vizcaino,ATL,rhp,2.168,4,897500,897500.0
Erik Kratz,HOU,c,3.075,3,850000,850000.0
Jarrod Parker,ATH,rhp-s,4.0,2,850000,850000.0
Dan Jennings,CHW,lhp,2.171,4,810000,810000.0
Evan Scribner,SEA,rhp,2.142,4,807500,807500.0
Ross Ohlendorf,CIN,rhp,6.108,1,800000,800000.0
Adam Rosales,SD,inf,5.163,1,800000,800000.0
Josh Thole,TOR,c,4.165,2,800000,800000.0
Jeff Manship,CLE,rhp,2.13,4,765000,765000.0
Louis Coleman,LAD,rhp,3.018,3,725000,725000.0
Jason Gurka,COL,lhp,0.038,6,660000,660000.0
Kris Bryant,CHC,3b,0.171,6,652000,652000.0
Ji-Man Choi,LAA,1b,0.0,6,650000,650000.0
Xander Bogaerts,BOS,ss,2.042,4,650000,650000.0
Josh Edgin,NYM,lhp,3.015,3,625000,625000.0
Chris Withrow,ATL,rhp,2.132,4,610000,
Jacob deGrom,NYM,rhp-s,1.139,5,607000,607000.0
Brock Holt,BOS,ss,2.052,4,606000,606000.0
Jurickson Profar,TEX,2b,2.167,4,605000,
Blake Wood,CIN,rhp,3.131,3,600000,600000.0
Jim Henderson,NYM,rhp,2.07,4,600000,600000.0
Joe Wieland,SEA,rhp,3.027,3,590000,
Kyle Gibson,MIN,rhp,2.056,4,587500,587500.0
Eric Fryer,STL,c,1.108,5,575000,575000.0
Logan Kensing,DET,rhp,4.086,2,575000,575000.0
Aaron Hicks,NYY,of,2.041,4,574000,574000.0
Billy Hamilton,CIN,cf,2.028,4,570000,570000.0
Marcell Ozuna,MIA,cf,2.124,4,570000,570000.0
Mookie Betts,BOS,cf,1.07,5,566000,566000.0
Roenis Elias,BOS,lhp,1.112,5,558000,
Austin Romine,NYY,c,2.045,4,556000,556000.0
Cory Gearrin,SF,rhp,2.136,4,550000,550000.0
Jarred Cosart,MIA,rhp-s,2.02,4,550000,550000.0
Rey Navarro,LAA,ss,0.029,6,550000,
Gerrit Cole,PIT,rhp-s,2.111,4,548000,548000.0
Miguel Jean Sano,MIN,rf,0.095,6,547500,547500.0
Jackie Jr. Bradley,BOS,cf,1.15,5,546500,546500.0
Zack Wheeler,NYM,rhp-s,2.098,4,546250,546250.0
Joe Panik,SF,2b,1.1,5,545000,545000.0
Eugenio Suarez,CIN,ss-2b,1.061,5,545000,545000.0
Trevor May,MIN,rhp,1.051,5,545000,545000.0
Tanner Roark,WSH,rhp-s,2.055,4,543400,543400.0
Eddie Rosario,MIN,lf,0.154,6,542500,542500.0
Kyle Hendricks,CHC,rhp-s,1.081,5,541000,541000.0
Francisco Lindor,CLE,ss,0.113,6,540300,540300.0
Anthony DeSclafani,CIN,rhp,1.062,5,540000,540000.0
Brandon Workman,BOS,rhp,2.018,4,539500,539500.0
Michael Wacha,STL,rhp-s,2.062,4,539000,539000.0
Carlos Martinez,STL,rhp-s,2.073,4,539000,539000.0
Kevin Siegrist,STL,lhp,2.116,4,539000,539000.0
Danny Santana,MIN,ss,1.111,5,537500,537500.0
Matt Duffy,SF,3b,1.059,5,537500,537500.0
Justin Bour,MIA,1b,1.064,5,537500,537500.0
Nick Castellanos,DET,3b,2.029,4,536500,536500.0
Danny Salazar,CLE,rhp-s,1.162,5,536200,536200.0
Jerry Sands,CHW,of-1b,1.142,5,535000,535000.0
Gregory Polanco,PIT,rf,1.103,5,535000,535000.0
Charlie Culberson,LAD,inf,1.137,5,535000,535000.0
Oswaldo Arcia,MIN,lf-rf,2.02,4,535000,535000.0
Jake Petricka,CHW,rhp,2.044,4,535000,535000.0
Clint Robinson,WSH,1b,1.028,5,534900,534900.0
Chasen Shreve,NYY,lhp,1.041,5,533400,533400.0
Vidal Nuno,SEA,lhp,2.015,4,532900,532900.0
Rob Scahill,PIT,rhp,1.147,5,532500,
J.T. Realmuto,MIA,c,1.038,5,532500,532500.0
Arquimedes Caminero,PIT,rhp,1.06,5,532500,532500.0
Johnny Giavotella,LAA,2b,2.055,4,532500,532500.0
Tommy La Stella,CHC,2b,1.124,5,532000,532000.0
Kevin Gausman,BAL,rhp-s,1.151,5,532000,532000.0
Chris Owings,ARI,2b,2.027,4,530500,530500.0
Tony Cingrani,CIN,lhp,2.088,4,530000,530000.0
Alex Wood,LAD,lhp-s,2.123,4,530000,530000.0
Matt Shoemaker,LAA,rhp-s,1.166,5,530000,530000.0
Cody Asche,PHI,3b-lf,2.062,4,530000,530000.0
Chris Heston,SF,rhp-s,1.027,5,530000,530000.0
David Peralta,ARI,rf,1.12,5,529600,529600.0
Carson Smith,BOS,rhp,1.028,5,529000,529000.0
Collin McHugh,HOU,rhp-s,2.085,4,529000,529000.0
John Ryan Murphy,MIN,c,1.12,5,528700,528700.0
Taijuan Walker,SEA,rhp-s,1.142,5,528600,528600.0
Ken Giles,HOU,rhp,1.113,5,528200,528200.0
Odubel Herrera,PHI,cf,1.0,5,528000,528000.0
Brad Miller,TB,ss,2.094,4,527600,527600.0
Stephen Vogt,ATH,c,2.084,4,527500,527500.0
Sonny Gray,ATH,rhp-s,2.061,4,527500,527500.0
Addison Russell,CHC,ss,0.167,6,527000,527000.0
Darin Ruf,PHI,1b-of,2.066,4,527000,527000.0
Danny Farquhar,TB,rhp,2.08,4,527000,527000.0
Brandon Maurer,SD,rhp,2.089,4,526400,526400.0
Yangervis Solarte,SD,2b-3b,2.0,4,525500,525500.0
Will Harris,HOU,rhp,2.102,4,525500,525500.0
Nick Vincent,SEA,rhp,2.067,4,525500,525500.0
Greg Bird,NYY,1b,0.053,6,525300,525300.0
Tyler Duffey,MIN,rhp,0.062,6,525000,
C.J. Cron,LAA,1b,1.11,5,525000,525000.0
Cesar Hernandez,PHI,2b,1.154,5,525000,525000.0
Anthony Gose,DET,of,2.082,4,525000,525000.0
Rafael Oretga,LAA,cf,0.004,6,525000,
"Jose ""Jumbo"" Diaz",CIN,rhp,1.073,5,525000,525000.0
Blake Treinen,WSH,rhp,1.065,5,524900,524900.0
Khris Davis,ATH,lf,2.104,4,524500,524500.0
Zac Rosscup,CHC,lhp,1.105,5,524500,524500.0
Neil Ramirez,CHC,rhp,1.158,5,524500,524500.0
Xavier Cedeno,TB,lhp,2.06,4,524100,524100.0
Michael Fiers,HOU,rhp,2.085,4,524100,524100.0
Michael Taylor,WSH,of,1.037,5,524000,524000.0
Wil Myers,SD,1b,2.104,4,523900,523900.0
Nate Karns,SEA,rhp,1.033,5,523700,523700.0
Jason Rogers,PIT,1b,0.163,6,523499,
Caleb Joseph,BAL,c,1.145,5,523499,523500.0
T.J. McFarland,BAL,lhp,2.061,4,523499,523500.0
Liam Hendriks,ATH,rhp,2.038,4,523400,523400.0
Ender Inciarte,ATL,of,1.157,5,523000,523000.0
Corey Dickerson,TB,lf-dh,2.101,4,522900,522900.0
Rougned Odor,TEX,2b,1.121,5,522700,522700.0
Jonathan Schoop,BAL,2b-3b,2.027,4,522499,522500.0
Alex Wilson,DET,rhp,2.038,4,522499,522500.0
Derek Dietrich,MIA,2b-ss,1.151,5,522499,522500.0
George Springer,HOU,rf,1.166,5,522400,522400.0
Jimmy Nelson,MIL,rhp-s,1.107,5,522300,522300.0
Kyle Schwarber,CHC,lf,0.086,6,522000,522000.0
Ezequiel Carrera,TOR,of,2.039,4,521800,521800.0
Alex Colome,TB,rhp-s,1.118,5,521700,521700.0
Nick Ahmed,ARI,ss,1.054,5,521599,521600.0
Luis Severino,NYY,rhp,0.061,6,521300,521300.0
Chris Colabello,TOR,1b,1.157,5,521300,521300.0
Kevin Quackenbush,SD,rhp,1.136,5,521200,521200.0
Kevin Pillar,TOR,cf,1.113,5,521100,521100.0
Robbie Ray,ARI,lhp-s,1.007,5,521000,521000.0
J.B. Shuck,CHW,lf,2.111,4,521000,521000.0
Eduardo Rodriguez,BOS,lhp,0.13,6,521000,521000.0
Jake Odorizzi,TB,rhp-s,2.042,4,520700,520700.0
Paco Rodriguez,ATL,lhp,2.12,4,520499,520500.0
Blaine Hardy,DET,lhp,1.106,5,520499,520500.0
Jace Peterson,ATL,2b,1.058,5,520499,520500.0
Jake Lamb,ARI,3b,1.053,5,520300,520300.0
Chase Anderson,MIL,rhp,1.146,5,520200,520200.0
Ryan Goins,TOR,ss,1.116,5,520200,520200.0
Randal Grichuk,STL,cf,1.061,5,520000,520000.0
Joc Pederson,LAD,cf,1.028,5,520000,520000.0
Pedro Baez,LAD,rhp,1.059,5,520000,520000.0
"Enrique ""Kike"" Hernandez",LAD,2b-ss,1.054,5,520000,520000.0
Danny Otero,CLE,rhp,2.124,4,520000,520000.0
Buddy Baumann,SD,lhp,0.0,6,520000,520000.0
Ryan Buchter,SD,lhp,0.01,6,520000,520000.0
Jimmy Paredes,BAL,3b-rf,2.059,4,520000,520000.0
Ryan Pressly,MIN,rhp,2.053,4,520000,520000.0
Mike Morin,LAA,rhp,1.137,5,520000,520000.0
Andrew Lambo,ATH,of,1.079,5,520000,
Kyle Lobstein,PIT,lhp,1.033,5,520000,520000.0
Andrew Chafin,ARI,lhp,1.02,5,519700,519700.0
Jake Marisnick,HOU,cf-rf,1.145,5,519499,519500.0
Jose Alvarez,LAA,lhp,1.059,5,519499,519500.0
James McCann,DET,c,1.028,5,519499,519500.0
Aaron Barrett,WSH,rhp,1.144,5,519400,519400.0
Steve Geltz,TB,rhp,1.035,5,519300,519300.0
Brad Boxberger,TB,rhp,2.109,4,519200,519200.0
Jeremy Jeffress,MIL,rhp,2.104,4,519100,519100.0
Bryan Holaday,TEX,c,2.025,4,519000,519000.0
Blake Swihart,BOS,c,0.156,6,518499,518500.0
Taylor Jungmann,MIL,rhp,0.118,6,518499,518500.0
Jose Ramirez,CLE,2b-ss,1.074,5,518200,518200.0
Scooter Gennett,MIL,2b-ss,2.071,4,518100,518100.0
Brett Oberholtzer,PHI,lhp,1.127,5,518000,518000.0
Cameron Rupp,PHI,c,1.089,5,518000,518000.0
Keone Kela,TEX,rhp,1.0,5,518000,518000.0
Carlos Rodon,CHW,lhp,0.168,6,518000,518000.0
Aaron Sanchez,TOR,rhp-s,1.069,5,517800,517800.0
Cory Spangenberg,SD,2b,1.028,5,517700,517700.0
Sean Gilmartin,NYM,lhp,1.0,5,517499,
Aaron Nola,PHI,rhp-s,0.076,6,517499,517500.0
Carlos Frias,LAD,rhp-s,1.047,5,517499,517500.0
Yimi Garcia,LAD,rhp,1.004,5,517499,517500.0
Maikel Franco,PHI,3b,0.17,6,517499,517500.0
Hunter Strickland,SF,rhp,0.163,6,517499,517500.0
Tucker Barnhart,CIN,c,1.075,5,517499,517500.0
Delino DeShields Jr.,TEX,2b-of,1.0,5,517300,517300.0
Ivan DeJesus Jr.,CIN,ss,1.099,5,517000,517000.0
Shane Greene,DET,rhp,1.075,5,517000,517000.0
Lance McCullers Jr.,HOU,rhp,0.139,6,516700,516700.0
Carlos Correa,HOU,ss,0.119,6,516700,516700.0
Bryan Mitchell,NYY,rhp,0.129,6,516650,516650.0
Hansel Robles,NYM,rhp,1.0,5,516499,516500.0
Michael Lorenzen,CIN,rhp,0.159,6,516499,516500.0
Steve Clevenger,SEA,c,2.123,4,516499,516500.0
Robbie Erlin,SD,lhp-s,1.078,5,516399,
Evan Marshall,ARI,rhp,1.038,5,516200,
Roberto Osuna,TOR,rhp-c,1.0,5,516100,516100.0
Steven Souza,TB,rf,1.072,5,516100,516100.0
Felipe Rivero,WSH,lhp,0.162,6,516100,516100.0
Vincent Velasquez,PHI,rhp-s,0.086,6,516000,516000.0
Trevor Gott,WSH,rhp,0.114,6,516000,
Jerad Eickhoff,PHI,rhp-s,0.045,6,516000,516000.0
Chris Herrmann,ARI,c,2.001,4,515900,515900.0
Matt den Dekker,WSH,cf-rf,1.033,5,515900,
Marcus Stroman,TOR,rhp,1.148,5,515900,515900.0
Roberto Perez,CLE,c,1.083,5,515800,515800.0
Steven Matz,NYM,lhp-s,0.099,6,515750,515750.0
Aaron Altherr,PHI,lf,0.054,6,515499,515500.0
Ketel Marte,SEA,ss,0.066,6,515399,515400.0
Tuffy Gosewisch,ARI,c,2.06,4,515200,
Andrew Heaney,LAA,lhp,0.15,6,515000,515000.0
Michael Tonkin,MIN,rhp,1.005,5,515000,515000.0
Mike Montgomery,SEA,lhp,0.089,6,515000,515000.0
Tyler Skaggs,LAA,lhp-s,2.066,4,515000,
Mike Bolsinger,LAD,rhp,0.168,6,515000,515000.0
Josh Ravin,LAD,rhp,0.059,6,515000,515000.0
Preston Tucker,HOU,of,0.15,6,515000,515000.0
Hector Neris,PHI,rhp,0.104,6,515000,515000.0
Travis Shaw,BOS,1b,0.088,6,515000,515000.0
Tim Beckham,TB,2b-ss,1.145,5,514499,514500.0
Cory Rasmus,LAA,rhp,1.155,5,514499,514500.0
Steve Wright,BOS,rhp,1.089,5,514499,514500.0
Daniel Norris,DET,lhp,0.122,6,514499,514500.0
Kevin Kiermaier,TB,cf,1.131,5,514399,514400.0
Joe Ross,WSH,rhp-s,0.094,6,514399,514400.0
Michael Blazek,MIL,rhp,1.067,5,514200,514200.0
Kirk Nieuwenhuis,MIL,cf-lf,2.112,4,514000,514000.0
Dalier Hinojosa,PHI,rhp,0.046,6,514000,514000.0
Tyler Thornburg,MIL,rhp-s,2.057,4,513900,513900.0
Phil Gosselin,ARI,2b,1.085,5,513900,513900.0
Domingo Santana,MIL,rf,0.079,6,513800,513800.0
Curt Casali,TB,c,1.015,5,513599,513600.0
Bo Schultz,TOR,rhp,0.146,6,513300,513300.0
Tyler Saladino,CHW,ss,0.087,6,513000,513000.0
Carlos Perez,LAA,c,0.154,6,513000,513000.0
Christian Vazquez,BOS,c,1.082,5,513000,513000.0
Corey Knebel,MIL,rhp,0.166,6,513000,513000.0
Jonathan Villar,MIL,ss,1.113,5,512900,512900.0
Austin Barnes,LAD,c,0.06,6,512499,512500.0
Adam Conley,MIA,lhp,0.07,6,512499,512500.0
Stephen Piscotty,STL,rf,0.076,6,512499,512500.0
Tyler Lyons,STL,lhp,1.07,5,512499,512500.0
Chris Rusin,COL,lhp-s,1.092,5,512499,512500.0
Ehire Adrianza,SF,ss,1.131,5,512499,512500.0
Kelby Tomlinson,SF,2b,0.063,6,512499,512500.0
Josh Osich,SF,lhp,0.094,6,512499,512500.0
Trayce Thompson,LAD,of,0.063,6,512499,512500.0
Marcus Semien,ATH,ss,1.118,5,512499,512500.0
Mark Canha,ATH,1b-dh,1.0,5,512499,512500.0
Ben Paulsen,COL,1b,1.012,5,512499,512500.0
Christian Bergman,COL,rhp,1.112,5,512499,512500.0
Chad Bettis,COL,rhp-s,1.096,5,512499,512500.0
Kendall Graveman,ATH,rhp-s,1.014,5,512499,512500.0
Josh Phegley,ATH,c,1.114,5,512499,512500.0
Michael Mariot,PHI,rhp,0.122,6,512499,512500.0
Billy Burns,ATH,cf,1.02,5,512499,512500.0
Mario Hollands,PHI,lhp,2.0,4,512499,512500.0
Byron Buxton,MIN,cf,0.113,6,512499,512500.0
Ryan Tepera,TOR,rhp,0.109,6,512200,
Mikie Mahtook,TB,of,0.058,6,512200,
Dan Straily,CIN,rhp,1.126,5,512100,512100.0
Luis Sardinas,SEA,2b,0.143,6,512000,512000.0
Jesus Sucre,SEA,c,1.169,5,512000,512000.0
Javier Baez,CHC,ss,0.089,6,512000,512000.0
Kirby Yates,NYY,rhp,1.066,5,511900,511900.0
Andrew Bellatti,TB,rhp,0.072,6,511800,
Andrew McKirahan,ATL,lhp,0.168,6,511750,511750.0
Hanser Alberto,TEX,ss,0.086,6,511499,511500.0
Mychal Givens,BAL,rhp,0.069,6,511499,511500.0
Tyler Wilson,BAL,rhp,0.068,6,511499,511500.0
Enrique Burgos,ARI,rhp,0.115,6,511499,
Matt Szczur,CHC,of,0.134,6,511499,511500.0
Brandon Finnegan,CIN,lhp-s,0.107,6,511499,511500.0
Cody Anderson,CLE,rhp,0.106,6,511399,511400.0
Kevin Plawecki,NYM,c,0.147,6,511360,511360.0
Williams Perez,ATL,rhp,0.149,6,511250,511250.0
Christian Bethancourt,SD,c,1.014,5,511200,511200.0
Devon Travis,TOR,2b,1.0,5,511200,511200.0
Tony Zych,SEA,rhp,0.034,6,511000,511000.0
Miguel Rojas,MIA,ss,1.043,5,511000,511000.0
Matt Barnes,BOS,rhp,0.11,6,511000,511000.0
Tyler Cravy,MIL,rhp,0.081,6,510600,
Tyler Collins,DET,of,0.145,6,510499,510500.0
Mike Wright,BAL,rhp,0.1,6,510499,510500.0
Arnold Leon,TOR,rhp,0.073,6,510499,510500.0
Cam Bedrosian,LAA,rhp,0.161,6,510499,510500.0
Matt Duffy,HOU,3b,1.059,5,510200,510200.0
Colin Rea,SD,rhp-s,0.055,6,510200,510200.0
Ariel Pena,MIL,rhp,0.031,6,510100,510100.0
Elias Diaz,PIT,c,0.034,6,510000,510000.0
Enny Romero,TB,lhp-s,0.072,6,510000,510000.0
Adam Duvall,CIN,lf,0.096,6,510000,510000.0
Corey Seager,LAD,ss,0.032,6,510000,510000.0
Chris Bassitt,ATH,rhp-s,0.127,6,510000,510000.0
R.J. Alvarez,ATH,rhp,0.091,6,510000,510000.0
Aaron Brooks,CHC,rhp,0.07,6,510000,510000.0
Frankie Montas,LAD,rhp,0.035,6,510000,510000.0
Tommy Pham,STL,of,0.149,6,510000,510000.0
Mason Williams,NYY,of,0.116,6,509700,509700.0
Sean Nolin,MIL,lhp-s,0.1,6,509700,509700.0
Jon Edwards,SD,rhp,0.111,6,509600,509600.0
Tyler Anderson,COL,lhp,0.087,6,509499,509500.0
Austin Hedges,SD,c,0.154,6,509499,
Justin Miller,COL,rhp,0.171,6,509499,509500.0
Tyler Matzek,COL,lhp,0.144,6,509499,509500.0
Jefry Marte,LAA,3b,0.074,6,509499,
"Alex ""Chi Chi"" Gonzalez",TEX,rhp,0.066,6,509499,
Anthony Ranaudo,TEX,rhp,0.052,6,509499,
Cristhian Adames,COL,ss,0.052,6,509499,509500.0
Jon Gray,COL,rhp-s,0.062,6,509499,509500.0
Noe Ramirez,BOS,rhp,0.044,6,509499,509500.0
Scott Oberg,COL,rhp,0.154,6,509499,
Buck Farmer,DET,rhp,0.128,6,509499,509500.0
Joey Gallo,TEX,3b,0.063,6,509499,
Phil Klein,TEX,rhp,0.086,6,509499,509500.0
Drew VerHagen,DET,rhp-s,0.029,6,509499,509500.0
Miguel Castro,COL,rhp,0.063,6,509499,509500.0
Jairo Diaz,COL,rhp,0.064,6,509499,509500.0
Kyle Ryan,DET,lhp-s,0.113,6,509499,509500.0
Jose Pirela,SD,2b,0.131,6,509300,
Silvino Bracho,ARI,rhp,0.036,6,509300,509300.0
Yhonathan Barrios,MIL,rhp,0.013,6,509200,509200.0
Francisco Pena,BAL,c,0.07,6,509000,
Mitch Harris,STL,rhp,0.117,6,509000,509000.0
Brandon Drury,ARI,3b,0.034,6,508900,508900.0
Travis Jankowski,SD,of,0.047,6,508800,508800.0
Ramon Flores,MIL,lf,0.021,6,508800,508800.0
Scott Alexander,KC,lhp,0.034,6,508800,
Adonis Garcia,ATL,of,0.076,6,508750,508750.0
Yadiel Rivera,MIL,ss,0.013,6,508600,508600.0
Ronnie Torreyes,NYY,2b,0.022,6,508600,508600.0
Andrew Faulkner,TEX,lhp,0.038,6,508499,508500.0
Luke Jackson,TEX,rhp,0.04,6,508499,508500.0
Terrance Gore,KC,of,0.066,6,508499,508500.0
Daniel Winkler,ATL,rhp,1.0,5,508499,508500.0
Socrates Brito,ARI,of,0.027,6,508499,508500.0
Pete O'Brien,ARI,of,0.027,6,508499,
Raudel Lazo,MIA,lhp,0.033,6,508499,508500.0
Rymer Liriano,MIL,of,0.049,6,508499,508500.0
Keon Broxton,MIL,of,0.014,6,508499,508500.0
Dallas Beeler,CHC,rhp,0.05,6,508499,508500.0
Miguel Almonte,KC,rhp-s,0.034,6,508499,
Angel Nesbitt,DET,rhp,0.069,6,508499,508500.0
Max Stassi,HOU,c,0.105,6,508200,508200.0
Michael Feliz,HOU,rhp,0.038,6,508200,508200.0
Jon Moscot,CIN,rhp-s,0.122,6,508000,508000.0
Ramon Cabrera,CIN,c,0.034,6,508000,
Trevor Brown,SF,c,0.019,6,508000,508000.0
Shae Simmons,ATL,rhp,1.121,5,508000,508000.0
Kyle Skipworth,CIN,c,0.029,6,508000,508000.0
Patrick Kivlehan,TEX,3b,0.0,6,507499,
Jose Leclerc,TEX,rhp,0.0,6,507499,
Nomar Mazara,TEX,of,0.0,6,507499,
Yohander Mendez,TEX,lhp,0.0,6,507499,
Connor Sadzeck,TEX,rhp,0.0,6,507499,
Joey Rickard,BAL,of,0.0,6,507499,507500.0
Kyle Zimmer,KC,rhp,0.0,6,507499,
Marco Hernandez,BOS,ss,0.0,6,507499,
Jesse Biddle,ATL,lhp,0.0,6,507499,507500.0
Manny Banuelos,ATL,lhp,0.095,6,507499,507500.0
Matt Wisler,ATL,rhp-s,0.108,6,507499,507500.0
Tyler Naquin,CLE,of,0.0,6,507499,507500.0
Drew Stubbs,ATL,lf,6.005,1,507499,507500.0
John Hicks,MIN,c,0.038,6,507499,
Jose A. Ramirez,ATL,rhp,0.074,6,507499,507500.0
John Gant,ATL,rhp,0.0,6,507499,507500.0
Greg Garcia,STL,ss,0.11,6,507499,507500.0
Jeremy Hazelbaker,STL,of,0.0,6,507499,507500.0
Matt Bowman,STL,rhp,0.0,6,507499,507500.0
Sean Coyle,BOS,2b,0.0,6,507499,
Matt Reynolds,NYM,ss,0.0,6,507499,
Jorge Bonifacio,KC,of,0.0,6,507499,
Tyler White,HOU,1b,0.0,6,507499,507500.0
Pat Light,BOS,rhp,0.0,6,507499,
John Lamb,CIN,lhp-s,0.054,6,507499,507500.0
Jose Peraza,CIN,2b,0.042,6,507499,507500.0
Yorman Rodriguez,CIN,of,0.032,6,507499,507500.0
Keyvius Sampson,CIN,rhp,0.067,6,507499,507500.0
Scott Schebler,CIN,of,0.035,6,507499,507500.0
Dellin Betances,NYY,rhp,2.078,4,507499,507500.0
Luis Cessa,NYY,rhp,0.0,6,507499,507500.0
Guillermo Heredia,SEA,of,0.0,6,507499,
Johnny Barbato,NYY,rhp,0.0,6,507499,507500.0
Williams Jerez,BOS,lhp,0.0,6,507499,
Jabari Blash,SD,rf,0.0,6,507499,507500.0
Tyler Holt,CIN,of,0.075,6,507499,507500.0
Colin Walsh,MIL,2b,0.0,6,507499,507500.0
Luis Perdomo,SD,rhp,0.0,6,507499,507500.0
Trevor Story,COL,ss,0.0,6,507499,507500.0
Tony Wolters,COL,c,0.0,6,507499,507500.0
Tyler Goeddel,PHI,lf,0.0,6,507499,507500.0
Cedric Hunter,PHI,of,0.01,6,507499,507500.0
Zach Jones,MIL,rhp,0.0,6,507499,507500.0
Daniel Stumpf,PHI,lhp,0.0,6,507499,507500.0
Jeff Ferrell,DET,rhp,0.04,6,507499,507500.0
Christian Villanueva,CHC,3b,0.0,6,507499,507500.0
Ryan Dull,ATH,rhp,0.034,6,507499,507500.0
Ramon Torres,KC,2b,0.0,6,507499,
Alec Mills,KC,rhp,0.0,6,507499,
Raul Adalberto Mondesi,KC,ss,0.0,6,507499,
Bubba Starling,KC,of,0.0,6,507499,
Matt Strahm,KC,lhp,0.0,6,507499,
Jake Barrett,ARI,rhp,0.0,6,507499,507500.0
Brett Eibner,KC,of,0.0,6,507499,
Jose Martinez,KC,of,0.0,6,507499,
Joe Biagini,TOR,rhp,0.0,6,507499,507500.0
Ruben Tejada,NYM,,,1,491803,491803.0
Rene Rivera,TB,,,1,418032,418032.0
Rex Brothers,CHC,,,1,232786,232786.0
Steve Delabar,TOR,,,1,205327,205327.0
Matt Reynolds,ARI,,,1,165983,165983.0
Justin De Fratus,SEA,,,1,122950,122950.0
Tommy Layne,BOS,lhp,1.144,5,563,563750.0
Travis d'Arnaud,NYM,c,2.044,4,542,542604.0
Noah Syndergaard,NYM,rhp-s,0.149,6,535,535375.0
Wilmer Flores,NYM,ss,2.003,4,526,526014.0
Sam Dyson,TEX,rhp,1.142,5,525,525270.0
Chase Whitley,TB,rhp-s,1.125,5,524,524525.0
Nick Martinez,TEX,rhp,1.143,5,519,
Christian Colon,KC,2b,1.022,5,518,518425.0
Michael Conforto,NYM,lf,0.073,6,517,517246.0
Brian Flynn,KC,lhp,1.002,5,515,
Erik Goeddel,NYM,rhp,1.028,5,515,
Paulo Orlando,KC,of,0.137,6,514,514250.0
Logan Verrett,NYM,rhp,0.094,6,514,514875.0
Eric Campbell,NYM,1b-3b,1.112,5,513,513308.0
Ryan Rua,TEX,inf,1.008,5,510,510120.0
Alex Claudio,TEX,lhp,0.133,6,510,
Cheslor Cuthbert,KC,3b,0.055,6,509,
Caleb Cotham,CIN,rhp,0.042,6,509,509675.0
Reymond Fuentes,KC,of,0.037,6,508,508450.0
Mark Teixeira,NYY,1b,13.0,1,22,23125000.0
Juan Lagares,NYM,cf,2.16,4,18,2500000.0
Chris Johnson,CLE,,,3,7,6992500.0
Jose Tabata,LAD,,,1,1,1.0
Pat Venditte,TOR,rhp-lhp,0.121,6,0,
Drew Storen,TOR,,,1,0,
Zack Godley,ARI,rhp-s,0.051,6,0,
Danny Reynolds,HOU,rhp,0.0,6,0,
Asher Wojciechowski,HOU,rhp,0.114,6,0,
Hector Olivera,ATL,,,5,0,
Erick Aybar,ATL,,,1,0,
"M & Swisher, N Bourn",ATL,,,1,0,
Wynton Bernard,DET,of,0.0,6,0,
Matt Boyd,DET,lhp,0.067,6,0,
Michael Fulmer,DET,rhp,0.0,6,0,
Roman Quinn,PHI,ss,0.0,6,0,
Edubray Ramos,PHI,rhp,0.0,6,0,
Darnell Sweeney,PHI,2b,0.046,6,0,
Matt Harrison,PHI,,,2,0,
Raul Alcantara,ATH,rhp,0.0,6,0,
Jesse Hahn,ATH,rhp,1.086,5,0,
Tyler Ladendorf,ATH,ss,0.132,6,0,
Max Muncy,ATH,1b,0.106,6,0,
Renato Nunez,ATH,3b,0.0,6,0,
Rangel Ravelo,ATH,1b,0.0,6,0,
Cole Figueroa,PIT,2b,0.067,6,0,
Josh Bell,PIT,of,0.0,6,0,
Willy Garcia,PIT,of,0.0,6,0,
Tyler Glasnow,PIT,rhp,0.0,6,0,
Trey Haley,PIT,rhp,0.0,6,0,
Alen Hanson,PIT,ss,0.0,6,0,
Nick Kingham,PIT,rhp,0.0,6,0,
Max Moroff,PIT,2b,0.0,6,0,
Gift Ngoepe,PIT,2b,0.0,6,0,
Harold Ramirez,PIT,of,0.0,6,0,
Severino Gonzalez,PHI,rhp-s,0.03,6,0,
Adam Morgan,PHI,lhp-s,0.106,6,0,
Colton Murray,PHI,rhp,0.034,6,0,
Orlando Arcia,MIL,ss,0.0,6,0,
Jacob Barnes,MIL,rhp,0.0,6,0,
Garin Cecchini,MIL,3b,0.019,6,0,
Zach Davies,MIL,rhp,0.034,6,0,
Andury Acevedo,CHC,rhp,0.0,6,0,
Arismendy Alcantara,CHC,ss,0.098,6,0,
Jeimer Candelario,CHC,3b,0.0,6,0,
Willson Contreras,CHC,c,0.0,6,0,
Carl (C.J.) Edwards,CHC,rhp,0.028,6,0,
Pierce Johnson,CHC,rhp,0.0,6,0,
Eric Jokisch,CHC,lhp,0.027,6,0,
Munenori Kawasaki,CHC,ss,2.138,4,0,
James Pazos,NYY,lhp,0.034,6,0,
Branden Pinder,NYY,rhp,0.091,6,0,
Rob Refsnyder,NYY,2b,0.043,6,0,
Nick Rumbelow,NYY,rhp,0.061,6,0,
Gary Sanchez,NYY,c,0.023,6,0,
Aroldis Chapman,NYY,,,1,0,
Jorge Alfaro,PHI,c,0.0,6,0,
Elvis Araujo,PHI,lhp,0.155,6,0,
Alec Asher,PHI,rhp-s,0.036,6,0,
David Buchanan,PHI,rhp,1.008,5,0,
Jimmy Cordero,PHI,rhp,0.0,6,0,
Taylor Featherston,PHI,2b-ss,1.0,5,0,
Luis Garcia,PHI,rhp,1.143,5,0,
Jameson Taillon,PIT,rhp-s,0.0,6,0,
Michael Morse,PIT,,,1,0,
Chris Jones,LAA,lhp,0.0,6,0,
Kyle Kubitza,LAA,3b,0.052,6,0,
Nick Wittgren,MIA,rhp,0.0,6,0,
Edwin Jackson,MIA,,,1,0,
Chris Johnson,MIA,,,1,0,
Martin Prado,MIA,,,1,0,
Eddie Butler,COL,rhp,0.149,6,0,
Carlos Estevez,COL,rhp,0.0,6,0,
Leonel Campos,SD,rhp,0.032,6,0,
Alex Dickerson,SD,rf,0.036,6,0,
Tayron Guerrero,SD,rhp,0.0,6,0,
Rafael Ynoa,COL,2b,0.147,6,0,
Jacob Lindgren,NYY,lhp,0.049,6,0,
Tyler Olson,NYY,lhp,0.059,6,0,
Jairo Labourt,DET,lhp,0.0,6,0,
Dixon Machado,DET,ss,0.038,6,0,
Steven Moya,DET,rf,0.055,6,0,
Bruce Rondon,DET,rhp,2.103,4,0,
Jose Valdez,DET,rhp,0.038,6,0,
David Goforth,MIL,rhp,0.078,6,0,
Junior Guerra,MIL,rhp,0.024,6,0,
Adrian Houser,MIL,rhp,0.013,6,0,
Jorge Lopez,MIL,rhp,0.013,6,0,
Damien Magnifico,MIL,rhp,0.0,6,0,
Michael Reed,MIL,rf,0.013,6,0,
Andy Wilkins,MIL,1b,0.029,6,0,
Aaron Hill,MIL,,,1,0,
Manuel Margot,SD,of,0.0,6,0,
Cory Mazzoni,SD,rhp,0.056,6,0,
Jose Rondon,SD,ss,0.0,6,0,
Jose Torres,SD,lhp,0.0,6,0,
Rookie Davis,CIN,rhp,0.0,6,0,
Juan Duran,CIN,of,0.0,6,0,
Amir Garrett,CIN,lhp,0.0,6,0,
Cesar Vargas,SD,rhp,0.0,6,0,
Melvin Jr. (B.J.) Upton,SD,,,2,0,
Jon Jay,SD,,,1,0,
Matt Kemp,SD,,,4,0,
Matt Kemp,SD,,,4,0,
Henry Owens,BOS,lhp,0.062,6,0,
Craig Kimbrel,BOS,,,2,0,
Jonathan Aro,SEA,rhp,0.04,6,0,
Steve Baron,SEA,c,0.027,6,0,
Mayckol Guaipe,SEA,rhp,0.054,6,0,
Cody Martin,SEA,rhp,0.075,6,0,
Shawn O'Malley,SEA,ss,0.063,6,0,
James Paxton,SEA,lhp-s,2.027,4,0,
Boog Powell,SEA,of,0.0,6,0,
David Rollins,SEA,lhp,0.167,6,0,
Stefen Romero,SEA,2b,0.17,6,0,
Chris Taylor,SEA,ss,0.139,6,0,
Mike Zunino,SEA,c,2.084,4,0,
Ty Blach,SF,lhp,0.0,6,0,
Ray Black,SF,rhp,0.0,6,0,
Clayton Blackburn,SF,rhp,0.0,6,0,
Mike Broadway,SF,rhp,0.06,6,0,
Kyle Crick,SF,rhp,0.0,6,0,
Ian Gardeck,SF,rhp,0.0,6,0,
Kyle Crockett,CLE,lhp,1.033,5,0,
Vicente Campos,NYY,rhp,0.0,6,0,
Ben Gamel,NYY,of,0.0,6,0,
Nick Goody,NYY,rhp,0.039,6,0,
Slade Heathcott,NYY,cf,0.123,6,0,
Dustin Garneau,COL,c,0.047,6,0,
David Hale,COL,rhp-s,1.158,5,0,
German Marquez,COL,rhp,0.0,6,0,
Tom Murphy,COL,c,0.024,6,0,
Antonio Senzatela,COL,rhp,0.0,6,0,
Raimel Tapia,COL,of,0.0,6,0,
Erik Gonzalez,CLE,3b,0.0,6,0,
T.J. House,CLE,lhp,1.104,5,0,
Ryan Merritt,CLE,lhp,0.0,6,0,
Shawn Morimando,CLE,lhp,0.0,6,0,
James Ramsey,CLE,of,0.0,6,0,
Tommy Kahnle,CHW,rhp,1.087,5,0,
Carlos Sanchez,CHW,2b,1.023,5,0,
Kevan Smith,CHW,c,0.0,6,0,
Daniel Webb,CHW,rhp,1.158,5,0,
Michael Ynoa,CHW,rhp,0.0,6,0,
Oliver Drake,BAL,lhp,0.048,6,0,
Andrew Aplin,HOU,of,0.0,6,0,
Kevin Chapman,HOU,lhp,0.128,6,0,
Nolan Fontana,HOU,ss,0.0,6,0,
Alfredo Gonzalez,HOU,c,0.0,6,0,
Jandel Gustave,HOU,rhp,0.0,6,0,
Juan Minaya,HOU,rhp,0.0,6,0,
Giovanny Urshela,CLE,3b,0.118,6,0,
Jason Garcia,BAL,rhp,1.0,5,0,
Chris Lee,BAL,lhp,0.0,6,0,
Joan Gregorio,SF,rhp,0.0,6,0,
Derek Law,SF,rhp,0.0,6,0,
Adalberto Mejia,SF,lhp,0.0,6,0,
Steven Okert,SF,lhp,0.0,6,0,
Scott McGough,MIA,rhp,0.045,6,0,
Justin Nicolino,MIA,lhp,0.066,6,0,
Nefi Ogando,MIA,rhp,0.029,6,0,
Tomas Telis,MIA,c,0.096,6,0,
Jose Urena,MIA,rhp,0.112,6,0,
Cameron Maybin,DET,,,1,0,
Jordan Pacheco,CIN,1b-3b,3.073,3,0,
Daniel Castro,ATL,ss,0.051,6,0,
Mike Foltynewicz,ATL,rhp,1.009,5,0,
Tyrell Jenkins,ATL,rhp,0.0,6,0,
Casey Kelly,ATL,rhp,2.059,4,0,
Ian Krol,ATL,lhp,2.003,4,0,
Matt Marksberry,ATL,lhp,0.067,6,0,
Mallex Smith,ATL,of,0.0,6,0,
Ryan Weber,ATL,rhp,0.027,6,0,
Kaleb Cowart,LAA,3b,0.048,6,0,
Dario Alvarez,NYM,lhp,0.061,6,0,
Matt Dominguez,TOR,3b,2.062,4,0,
Robert Gsellman,NYM,rhp,0.0,6,0,
Dilson Herrera,NYM,2b,0.119,6,0,
Seth Lugo,NYM,rhp,0.0,6,0,
Rafael Montero,NYM,rhp,1.051,5,0,
Akeel Morris,NYM,rhp,0.003,6,0,
Brandon Nimmo,NYM,of,0.0,6,0,
Josh Smoker,NYM,lhp,0.0,6,0,
Jeff Walters,NYM,rhp,0.0,6,0,
Gabriel Ynoa,NYM,rhp,0.0,6,0,
Brady Dragmire,TOR,rhp,0.0,6,0,
Blake McFarland,TOR,rhp,0.0,6,0,
Bryce Brentz,BOS,of,0.012,6,0,
Edwin Escobar,BOS,lhp,0.086,6,0,
Heath Hembree,BOS,rhp,0.148,6,0,
Brian Johnson,BOS,lhp,0.012,6,0,
Deven Marrero,BOS,ss,0.06,6,0,
Jarrett Parker,SF,rf,0.036,6,0,
Jake Smith,SF,rhp,0.0,6,0,
Chris Stratton,SF,rhp,0.0,6,0,
Andrew Susac,SF,c,1.065,5,0,
Mac Williamson,SF,of,0.019,6,0,
Dean Anna,STL,2b,0.031,6,0,
Tim Cooney,STL,lhp,0.025,6,0,
Anthony Garcia,STL,of,0.0,6,0,
Marco Gonzales,STL,lhp-s,0.043,6,0,
Dean Kiekhefer,STL,lhp,0.0,6,0,
Michael Ohlman,STL,c,0.0,6,0,
Miguel Socolovich,STL,rhp,0.156,6,0,
Charlie Tilson,STL,of,0.0,6,0,
Sam Tuivailala,STL,rhp,0.075,6,0,
Austin Adams,CLE,rhp,1.002,5,0,
Jesus Aguilar,CLE,1b,0.06,6,0,
Abraham Almonte,CLE,of,1.052,5,0,
Shawn Armstrong,CLE,rhp,0.041,6,0,
Dylan Baker,CLE,rhp,0.0,6,0,
Joey Butler,CLE,rf,1.03,5,0,
Mike Clevinger,CLE,rhp,0.0,6,0,
Kyle Barraclough,MIA,rhp,0.059,6,0,
Tim Berry,MIA,lhp,0.002,6,0,
Austin Brice,MIA,rhp,0.0,6,0,
Brian Ellington,MIA,rhp,0.063,6,0,
Jacob Esch,MIA,rhp,0.0,6,0,
Jett Bandy,LAA,c,0.034,6,0,
Danny Burawa,ATL,rhp,0.035,6,0,
Mauricio Cabrera,ATL,rhp,0.0,6,0,
Spencer Patton,CHC,rhp,0.106,6,0,
C.J. Riefenhauser,CHC,lhp,0.101,6,0,
Dan Vogelbach,CHC,1b,0.0,6,0,
Micah Johnson,LAD,2b,0.067,6,0,
Zach Lee,LAD,rhp,0.008,6,0,
Brad Peacock,HOU,rhp-s,2.124,4,0,
Andrew Triggs,ATH,rhp,0.0,6,0,
Parker Bridwell,BAL,rhp,0.0,6,0,
Adam Liberatore,LAD,lhp,0.106,6,0,
Jharel Cotton,LAD,rhp,0.0,6,0,
Pedro Severino,WSH,c,0.034,6,0,
J.B. Wendelken,ATH,rhp,0.0,6,0,
Kendry Flores,MIA,rhp,0.07,6,0,
Jarlin Garcia,MIA,lhp,0.0,6,0,
Dana Eveland,TB,lhp,4.055,2,0,895000.0
Joey Wendle,ATH,2b,0.0,6,0,
Matt Andriese,TB,rhp,0.095,6,0,
Ryan Brett,TB,2b,0.041,6,0,
Cody Hall,ARI,rhp,0.034,6,0,
Oscar Hernandez,ARI,c,1.0,5,0,
Keith Hessler,ARI,lhp,0.057,6,0,
Matt Koch,ARI,rhp,0.0,6,0,
Dominic Leone,ARI,rhp,1.04,5,0,
Edgar Olmos,BAL,lhp,0.083,6,0,
Henry Urrutia,BAL,of,0.084,6,0,
Christian Walker,BAL,1b,0.033,6,0,
Kyle Waldrop,CIN,of,0.005,6,0,
Tyler Wagner,ARI,rhp,0.014,6,0,
Trea Turner,WSH,ss,0.045,6,0,
Jacob Faria,TB,rhp,0.0,6,0,
Nick Franklin,TB,inf,1.099,5,0,
Taylor Guerrieri,TB,rhp-s,0.0,6,0,
J.T. Chargois,MIN,rhp,0.0,6,0,
Pat Dean,MIN,lhp,0.0,6,0,
J.R. Graham,MIN,rhp,1.0,5,0,
Max Kepler,MIN,of,0.013,6,0,
Yorman Landa,MIN,rhp,0.0,6,0,
Mason Melotakis,MIN,lhp,0.0,6,0,
Alex Meyer,MIN,rhp,0.008,6,0,
Ryan O'Rourke,MIN,lhp,0.09,6,0,
Jorge Polanco,MIN,2b,0.011,6,0,
Taylor Rogers,MIN,lhp,0.0,6,0,
Randy Rosario,MIN,lhp,0.0,6,0,
Michael Strong,MIN,lhp,0.0,6,0,
Kennys Vargas,MIN,1b,0.161,6,0,
Adam Walker,MIN,of,0.0,6,0,
Victor Alcantara,LAA,rhp,0.0,6,0,
Luke Maile,TB,c,0.034,6,0,
Taylor Motter,TB,of,0.0,6,0,
Justin O'Conner,TB,c,0.0,6,0,
Richie Shaffer,TB,3b,0.062,6,0,
Blake Snell,TB,lhp-s,0.0,6,0,
Chris Beck,CHW,rhp,0.002,6,0,
Brandon Brennan,CHW,rhp,0.0,6,0,
Scott Carroll,CHW,rhp-s,1.059,5,0,
Dalton Pompey,TOR,cf,0.088,6,0,
Archie Bradley,ARI,rhp,0.142,6,0,
Ross Stripling,LAD,rhp,0.0,6,0,
Ian Thomas,LAD,lhp,0.123,6,0,
Matt Davidson,CHW,3b,0.05,6,0,
Daniel Fields,CHW,cf,0.003,6,0,
Leury Garcia,CHW,3b-of,1.17,5,0,
Erik Johnson,CHW,rhp-s,0.089,6,0,
Abel De Los Santos,WSH,rhp,0.006,6,0,
Wilmer Difo,WSH,ss,0.051,6,0,
Brian Goodwin,WSH,of,0.0,6,0,
Matt Grace,WSH,lhp,0.074,6,0,
Odrisamer Despaigne,BAL,rhp-s,1.098,5,0,
Jake Smolinski,ATH,of,1.052,5,0,
Joe Musgrove,HOU,rhp,0.0,6,0,
David Paulino,HOU,rhp,0.0,6,0,
Rafael Martin,WSH,rhp,0.048,6,0,
Gabby Guerrero,ARI,of,0.0,6,0,
Josh Hamilton,TEX,,,2,0,
Ben Rowen,TOR,rhp,0.03,6,0,
Nick Tropeano,LAA,rhp,0.068,6,0,
Yunel Escobar,LAA,,,1,0,
Chris Bostick,WSH,2b,0.0,6,0,
A.J. Cole,WSH,rhp,0.047,6,0,
Darrell Ceciliani,TOR,cf,0.076,6,0,
Taylor Jordan,WSH,rhp-s,1.047,5,0,
Spencer Kieboom,WSH,c,0.0,6,0,
Nick Lee,WSH,lhp,0.0,6,0,
Stephen Johnson,CIN,rhp,0.0,6,0,
Sal Romano,CIN,rhp,0.0,6,0,
Robert Stephenson,CIN,rhp,0.0,6,0,
Dariel Alvarez,BAL,of,0.037,6,0,
Sammy Solis,WSH,lhp,0.097,6,0,
