IDfg,Name,Season,primary_position,profile
25764,Bobby Witt Jr.,2026,SS,{'SS': 1.0}
27769,Pete Crow-Armstrong,2026,CF,"{'CF': 0.9736842105263158, 'DH': 0.02631578947368421}"
18568,Luis Arraez,2026,2B,"{'2B': 0.9705882352941176, 'DH': 0.029411764705882353}"
21534,Cal Raleigh,2026,C,"{'C': 0.7142857142857143, 'DH': 0.2857142857142857}"
27464,Dillon Dingler,2026,C,"{'C': 0.84375, 'DH': 0.15625}"
27478,Patrick Bailey,2026,C,"{'C': 0.9310344827586207, 'DH': 0.06896551724137931}"
29712,Colson Montgomery,2026,SS,"{'SS': 0.7297297297297297, '3B': 0.16216216216216217, 'DH': 0.10810810810810811}"
26668,Elly De La Cruz,2026,SS,"{'SS': 0.9736842105263158, 'DH': 0.02631578947368421}"
33266,Jacob Wilson,2026,SS,{'SS': 1.0}
22715,Maikel Garcia,2026,3B,"{'3B': 0.9722222222222222, 'DH': 0.027777777777777776}"
27562,Austin Wells,2026,C,"{'C': 0.9655172413793104, 'DH': 0.034482758620689655}"
21479,Nico Hoerner,2026,2B,"{'2B': 0.9459459459459459, 'SS': 0.05405405405405406}"
25782,Pedro Pages,2026,C,"{'C': 0.96, 'DH': 0.04}"
19722,Carlos Narvaez,2026,C,{'C': 1.0}
34985,JJ Wetherholt,2026,2B,"{'2B': 0.972972972972973, 'DH': 0.02702702702702703}"
35108,Cam Smith,2026,RF,"{'RF': 0.9459459459459459, 'DH': 0.05405405405405406}"
25493,Joey Ortiz,2026,SS,"{'SS': 0.7931034482758621, 'DH': 0.20689655172413793}"
23401,Jose Caballero,2026,SS,"{'SS': 0.972972972972973, 'DH': 0.02702702702702703}"
15905,Luis Torrens,2026,C,"{'C': 0.6875, 'DH': 0.3125}"
23813,Brandon Valenzuela,2026,C,"{'C': 0.75, 'DH': 0.25}"
21646,Rafael Marchan,2026,C,"{'C': 0.7647058823529411, 'DH': 0.23529411764705882}"
19608,Otto Lopez,2026,SS,"{'SS': 0.972972972972973, 'DH': 0.02702702702702703}"
16530,Mauricio Dubon,2026,SS,"{'SS': 0.6388888888888888, 'CF': 0.2222222222222222, 'LF': 0.1111111111111111, '3B': 0.027777777777777776}"
12916,Francisco Lindor,2026,SS,{'SS': 1.0}
24816,Andy Pages,2026,CF,"{'CF': 0.972972972972973, 'DH': 0.02702702702702703}"
21840,Freddy Fermin,2026,C,"{'C': 0.7407407407407407, 'DH': 0.25925925925925924}"
31912,Chandler Simpson,2026,LF,"{'LF': 0.918918918918919, 'DH': 0.08108108108108109}"
22263,Nolan Gorman,2026,3B,"{'3B': 0.5833333333333334, 'DH': 0.4166666666666667}"
22664,Gabriel Moreno,2026,C,"{'C': 0.7222222222222222, 'DH': 0.2777777777777778}"
11739,J.T. Realmuto,2026,C,{'C': 1.0}
29646,Caleb Durbin,2026,3B,"{'3B': 0.9444444444444444, 'DH': 0.05555555555555555}"
18314,Dansby Swanson,2026,SS,"{'SS': 0.972972972972973, 'DH': 0.02702702702702703}"
13301,Max Muncy,2026,3B,"{'3B': 0.9714285714285714, 'DH': 0.02857142857142857}"
21618,Alec Bohm,2026,3B,"{'3B': 0.9714285714285714, 'DH': 0.02857142857142857}"
7802,Miguel Rojas,2026,SS,"{'SS': 0.3333333333333333, '2B': 0.20833333333333334, 'DH': 0.4583333333333333}"
25931,Michael Harris II,2026,CF,"{'CF': 0.6857142857142857, 'LF': 0.05714285714285714, 'DH': 0.2571428571428571}"
13897,Tyler Heineman,2026,C,"{'C': 0.7727272727272727, 'DH': 0.22727272727272727}"
19612,Bo Bichette,2026,3B,"{'3B': 0.8648648648648649, 'SS': 0.10810810810810811, 'DH': 0.02702702702702703}"
29617,Henry Davis,2026,C,"{'C': 0.7931034482758621, 'DH': 0.20689655172413793}"
19950,Andres Gimenez,2026,SS,"{'SS': 0.9411764705882353, 'DH': 0.058823529411764705}"
20503,William Contreras,2026,C,"{'C': 0.8484848484848485, 'DH': 0.15151515151515152}"
26288,Adley Rutschman,2026,C,"{'C': 0.8181818181818182, 'DH': 0.18181818181818182}"
19197,Will Smith,2026,C,"{'C': 0.8064516129032258, 'DH': 0.1935483870967742}"
25180,Daniel Schneemann,2026,3B,"{'3B': 0.28125, '2B': 0.21875, 'CF': 0.28125, 'SS': 0.0625, 'DH': 0.15625}"
19610,Keibert Ruiz,2026,C,"{'C': 0.8333333333333334, 'DH': 0.16666666666666666}"
30063,Tristan Peters,2026,CF,"{'CF': 0.5, 'RF': 0.20588235294117646, 'DH': 0.29411764705882354}"
16505,Matt Chapman,2026,3B,"{'3B': 0.9722222222222222, 'DH': 0.027777777777777776}"
11493,Manny Machado,2026,3B,"{'3B': 0.9714285714285714, 'DH': 0.02857142857142857}"
22458,Taylor Walls,2026,SS,"{'SS': 0.9615384615384616, 'DH': 0.038461538461538464}"
26294,Bryson Stott,2026,2B,"{'2B': 0.875, 'DH': 0.125}"
25979,Nasim Nunez,2026,2B,"{'2B': 0.8571428571428571, 'SS': 0.05714285714285714, 'DH': 0.08571428571428572}"
27790,Evan Carter,2026,CF,"{'CF': 0.8648648648648649, 'DH': 0.13513513513513514}"
23690,Brayan Rocchio,2026,SS,"{'SS': 0.7297297297297297, '2B': 0.2702702702702703}"
11609,Willson Contreras,2026,1B,"{'1B': 0.972972972972973, 'DH': 0.02702702702702703}"
29591,Colton Cowser,2026,RF,"{'RF': 0.28125, 'LF': 0.0625, 'CF': 0.28125, 'DH': 0.375}"
22563,Gabriel Arias,2026,SS,{'SS': 1.0}
13624,Corey Seager,2026,SS,{'SS': 1.0}
35322,Hyeseong Kim,2026,SS,"{'SS': 0.8461538461538461, 'DH': 0.15384615384615385}"
23772,Wilyer Abreu,2026,RF,{'RF': 1.0}
29524,Bryce Teodosio,2026,LF,"{'CF': 0.10344827586206896, 'LF': 0.3103448275862069, 'DH': 0.5862068965517241}"
18882,Brandon Lowe,2026,2B,"{'2B': 0.96875, 'DH': 0.03125}"
26289,Gunnar Henderson,2026,SS,"{'SS': 0.918918918918919, 'DH': 0.08108108108108109}"
17273,Jorge Mateo,2026,SS,"{'SS': 0.6086956521739131, 'DH': 0.391304347826087}"
22799,Geraldo Perdomo,2026,SS,{'SS': 1.0}
14968,Victor Caratini,2026,C,"{'C': 0.5555555555555556, '1B': 0.2962962962962963, 'DH': 0.14814814814814814}"
29715,Hunter Goodman,2026,C,"{'C': 0.7058823529411765, 'DH': 0.29411764705882354}"
15998,Cody Bellinger,2026,LF,"{'LF': 0.7297297297297297, 'RF': 0.05405405405405406, 'CF': 0.1891891891891892, 'DH': 0.02702702702702703}"
13510,Jose Ramirez,2026,3B,"{'3B': 0.7692307692307693, 'DH': 0.23076923076923078}"
20454,Jazz Chisholm Jr.,2026,2B,"{'2B': 0.9459459459459459, 'DH': 0.05405405405405406}"
14161,Byron Buxton,2026,CF,"{'CF': 0.8571428571428571, 'DH': 0.14285714285714285}"
24610,Steven Kwan,2026,CF,"{'CF': 0.6944444444444444, 'LF': 0.2777777777777778, 'DH': 0.027777777777777776}"
19709,Fernando Tatis Jr.,2026,RF,"{'RF': 0.75, '2B': 0.2222222222222222, 'DH': 0.027777777777777776}"
22217,Luis Campusano,2026,C,"{'C': 0.8888888888888888, 'DH': 0.1111111111111111}"
23792,Alek Thomas,2026,CF,{'CF': 1.0}
9774,Christian Vazquez,2026,C,"{'C': 0.75, 'DH': 0.25}"
33333,Wyatt Langford,2026,LF,"{'LF': 0.7, 'CF': 0.2, 'DH': 0.1}"
21538,Nick Fortes,2026,C,"{'C': 0.7419354838709677, 'DH': 0.25806451612903225}"
15161,Mitch Garver,2026,C,"{'C': 0.6111111111111112, 'DH': 0.3888888888888889}"
31665,Alex Freeland,2026,2B,"{'2B': 0.9354838709677419, 'DH': 0.06451612903225806}"
12564,Trevor Story,2026,SS,"{'SS': 0.9444444444444444, 'DH': 0.05555555555555555}"
33252,Kyle Karros,2026,3B,"{'3B': 0.9166666666666666, 'DH': 0.08333333333333333}"
21524,Joey Bart,2026,C,"{'C': 0.7894736842105263, 'DH': 0.21052631578947367}"
27531,David Hamilton,2026,3B,"{'3B': 0.43333333333333335, '2B': 0.1, 'SS': 0.4, 'DH': 0.06666666666666667}"
27479,Masyn Winn,2026,SS,{'SS': 1.0}
23968,Jorge Barrosa,2026,LF,"{'CF': 0.25925925925925924, 'RF': 0.18518518518518517, 'LF': 0.2962962962962963, 'DH': 0.25925925925925924}"
16512,Isiah Kiner-Falefa,2026,2B,"{'2B': 0.5882352941176471, '3B': 0.11764705882352941, 'DH': 0.29411764705882354}"
12161,Xander Bogaerts,2026,SS,"{'SS': 0.9722222222222222, 'DH': 0.027777777777777776}"
19522,TJ Friedl,2026,CF,"{'CF': 0.8571428571428571, 'LF': 0.05714285714285714, 'DH': 0.08571428571428572}"
28020,Jose Fernandez,2026,1B,"{'3B': 0.13333333333333333, '1B': 0.3, 'SS': 0.1, 'DH': 0.4666666666666667}"
17338,Willi Castro,2026,2B,"{'SS': 0.13793103448275862, '2B': 0.5517241379310345, '3B': 0.1724137931034483, '1B': 0.034482758620689655, 'DH': 0.10344827586206896}"
22581,Alejandro Kirk,2026,C,{'C': 1.0}
24262,Ceddanne Rafaela,2026,CF,"{'CF': 0.9166666666666666, 'DH': 0.08333333333333333}"
16939,Lane Thomas,2026,CF,"{'RF': 0.1, 'LF': 0.2, 'CF': 0.3333333333333333, 'DH': 0.36666666666666664}"
7739,Travis d'Arnaud,2026,C,"{'C': 0.8571428571428571, 'DH': 0.14285714285714285}"
29668,Marcelo Mayer,2026,2B,"{'2B': 0.8484848484848485, 'DH': 0.15151515151515152}"
27504,Nick Yorke,2026,3B,"{'3B': 0.6086956521739131, 'RF': 0.043478260869565216, '1B': 0.043478260869565216, 'DH': 0.30434782608695654}"
21501,Trevor Larnach,2026,LF,"{'LF': 0.7666666666666667, 'DH': 0.23333333333333334}"
29695,Matt McLain,2026,2B,"{'2B': 0.868421052631579, 'SS': 0.02631578947368421, 'DH': 0.10526315789473684}"
13611,Mookie Betts,2026,SS,"{'SS': 0.875, 'DH': 0.125}"
25816,Shea Langeliers,2026,C,"{'C': 0.7575757575757576, 'DH': 0.24242424242424243}"
16556,Ozzie Albies,2026,2B,{'2B': 1.0}
14162,Carlos Correa,2026,SS,"{'SS': 0.625, '3B': 0.375}"
21693,Miguel Amaya,2026,C,"{'C': 0.6521739130434783, 'DH': 0.34782608695652173}"
21735,Sebastian Rivero,2026,C,"{'C': 0.375, 'DH': 0.625}"
33280,Brice Matthews,2026,CF,"{'CF': 0.3448275862068966, '2B': 0.06896551724137931, 'LF': 0.3103448275862069, 'DH': 0.27586206896551724}"
21558,Matt Vierling,2026,CF,"{'CF': 0.5333333333333333, 'RF': 0.06666666666666667, 'LF': 0.1, 'DH': 0.3}"
18067,Garrett Stubbs,2026,C,"{'C': 0.5714285714285714, 'LF': 0.14285714285714285, 'DH': 0.2857142857142857}"
19877,Tristan Gray,2026,3B,"{'3B': 0.55, '2B': 0.05, 'SS': 0.25, 'DH': 0.15}"
20084,J.C. Escarra,2026,C,"{'C': 0.8333333333333334, 'DH': 0.16666666666666666}"
26467,Luis Matos,2026,RF,"{'RF': 0.4444444444444444, 'LF': 0.1111111111111111, 'DH': 0.4444444444444444}"
23800,Parker Meadows,2026,CF,"{'CF': 0.9166666666666666, 'DH': 0.08333333333333333}"
22186,Brice Turang,2026,2B,{'2B': 1.0}
27490,Nick Gonzales,2026,3B,"{'2B': 0.20588235294117646, 'SS': 0.08823529411764706, '3B': 0.6176470588235294, 'DH': 0.08823529411764706}"
29490,Jackson Merrill,2026,CF,"{'CF': 0.9722222222222222, 'DH': 0.027777777777777776}"
26224,Darell Hernaiz,2026,3B,"{'3B': 0.375, '2B': 0.20833333333333334, 'SS': 0.041666666666666664, 'DH': 0.375}"
7304,Salvador Perez,2026,C,"{'C': 0.4594594594594595, '1B': 0.08108108108108109, 'DH': 0.4594594594594595}"
26540,Angel Martinez,2026,LF,"{'LF': 0.5428571428571428, 'CF': 0.05714285714285714, 'RF': 0.17142857142857143, 'DH': 0.22857142857142856}"
13613,Ketel Marte,2026,2B,"{'2B': 0.7714285714285715, 'DH': 0.22857142857142856}"
26365,Jonny DeLuca,2026,RF,"{'CF': 0.27586206896551724, 'RF': 0.3448275862068966, 'DH': 0.3793103448275862}"
26123,Brett Baty,2026,RF,"{'3B': 0.11764705882352941, 'RF': 0.4411764705882353, '1B': 0.20588235294117646, 'DH': 0.23529411764705882}"
23917,Jorbit Vivas,2026,3B,"{'2B': 0.2413793103448276, '3B': 0.4827586206896552, 'DH': 0.27586206896551724}"
31370,Jakob Marsee,2026,CF,"{'CF': 0.9459459459459459, 'DH': 0.05405405405405406}"
27684,Michael Massey,2026,2B,"{'2B': 0.72, 'LF': 0.12, 'DH': 0.16}"
12976,Austin Hedges,2026,C,"{'C': 0.875, 'DH': 0.125}"
22823,Oswald Peraza,2026,3B,"{'2B': 0.34285714285714286, '3B': 0.37142857142857144, 'DH': 0.2857142857142857}"
17919,Ian Happ,2026,LF,"{'LF': 0.9444444444444444, 'DH': 0.05555555555555555}"
27462,Austin Martin,2026,LF,"{'LF': 0.40625, 'CF': 0.09375, 'RF': 0.21875, 'DH': 0.28125}"
31363,Graham Pauley,2026,3B,"{'3B': 0.7857142857142857, '1B': 0.03571428571428571, 'DH': 0.17857142857142858}"
22896,Lenyn Sosa,2026,2B,"{'2B': 0.2962962962962963, '1B': 0.18518518518518517, 'DH': 0.5185185185185185}"
15271,Austin Wynns,2026,C,"{'C': 0.7857142857142857, 'DH': 0.21428571428571427}"
31347,Zach Neto,2026,SS,{'SS': 1.0}
19918,Daulton Varsho,2026,CF,"{'CF': 0.8857142857142857, 'DH': 0.11428571428571428}"
29858,Denzel Clarke,2026,CF,"{'CF': 0.7727272727272727, 'DH': 0.22727272727272727}"
29844,Liam Hicks,2026,C,"{'C': 0.5142857142857142, '1B': 0.17142857142857143, 'DH': 0.3142857142857143}"
16997,Gleyber Torres,2026,2B,"{'2B': 0.8125, 'DH': 0.1875}"
19997,Santiago Espinal,2026,2B,"{'2B': 0.16666666666666666, '3B': 0.16666666666666666, 'DH': 0.6666666666666666}"
22165,Ryan Vilade,2026,RF,"{'RF': 0.2727272727272727, 'LF': 0.13636363636363635, '1B': 0.13636363636363635, 'DH': 0.45454545454545453}"
11680,Elias Diaz,2026,C,"{'C': 0.8, 'DH': 0.2}"
17128,Ramon Laureano,2026,LF,"{'LF': 0.9117647058823529, 'DH': 0.08823529411764706}"
29931,Jacob Young,2026,CF,"{'CF': 0.8888888888888888, 'DH': 0.1111111111111111}"
31680,Cole Young,2026,2B,{'2B': 1.0}
18433,P.J. Higgins,2026,C,"{'C': 0.6666666666666666, 'DH': 0.3333333333333333}"
35177,Carson Benge,2026,RF,"{'LF': 0.29411764705882354, 'RF': 0.35294117647058826, 'CF': 0.20588235294117646, 'DH': 0.14705882352941177}"
31349,Victor Scott II,2026,CF,"{'CF': 0.9142857142857143, 'DH': 0.08571428571428572}"
31500,Ryan Ritter,2026,DH,"{'2B': 0.16666666666666666, 'DH': 0.8333333333333334}"
23733,Ezequiel Duran,2026,2B,"{'2B': 0.3448275862068966, 'RF': 0.034482758620689655, '3B': 0.13793103448275862, 'SS': 0.034482758620689655, 'LF': 0.2413793103448276, 'DH': 0.20689655172413793}"
19287,Adolis Garcia,2026,RF,"{'RF': 0.9459459459459459, 'CF': 0.02702702702702703, 'DH': 0.02702702702702703}"
31539,Drake Baldwin,2026,C,"{'C': 0.631578947368421, 'DH': 0.3684210526315789}"
14111,Eric Haase,2026,C,"{'C': 0.75, 'DH': 0.25}"
26151,Kyle Stowers,2026,LF,"{'RF': 0.125, '1B': 0.0625, 'LF': 0.6875, 'DH': 0.125}"
19452,Jake Rogers,2026,C,"{'C': 0.9166666666666666, 'DH': 0.08333333333333333}"
29554,Adrian Del Castillo,2026,C,"{'C': 0.38095238095238093, 'DH': 0.6190476190476191}"
29478,Carter Jensen,2026,C,"{'C': 0.4857142857142857, 'DH': 0.5142857142857142}"
20178,Miguel Vargas,2026,3B,"{'3B': 0.7777777777777778, '1B': 0.08333333333333333, 'DH': 0.1388888888888889}"
20002,Bryce Johnson,2026,RF,"{'CF': 0.10526315789473684, 'LF': 0.05263157894736842, 'RF': 0.15789473684210525, 'DH': 0.6842105263157895}"
18054,Sam Haggerty,2026,LF,"{'LF': 0.2857142857142857, 'CF': 0.047619047619047616, 'DH': 0.6666666666666666}"
24598,Addison Barger,2026,RF,"{'RF': 0.625, 'DH': 0.375}"
19896,Connor Wong,2026,C,"{'C': 0.9375, 'DH': 0.0625}"
31357,Nathan Church,2026,LF,"{'LF': 0.6176470588235294, 'CF': 0.14705882352941177, 'RF': 0.058823529411764705, 'DH': 0.17647058823529413}"
21009,Leo Rivas,2026,3B,"{'SS': 0.28125, '3B': 0.59375, 'DH': 0.125}"
14854,Mike Yastrzemski,2026,LF,"{'RF': 0.05714285714285714, 'LF': 0.7142857142857143, 'DH': 0.22857142857142856}"
12859,James McCann,2026,C,"{'C': 0.7368421052631579, 'DH': 0.2631578947368421}"
27883,Thomas Saggese,2026,LF,"{'SS': 0.2777777777777778, 'LF': 0.4444444444444444, '2B': 0.05555555555555555, 'DH': 0.2222222222222222}"
17620,Myles Straw,2026,RF,"{'RF': 0.23333333333333334, 'LF': 0.03333333333333333, 'CF': 0.2, 'DH': 0.5333333333333333}"
27577,Casey Schmitt,2026,1B,"{'3B': 0.06451612903225806, '2B': 0.06451612903225806, '1B': 0.2903225806451613, 'DH': 0.5806451612903226}"
29630,Joey Loperfido,2026,LF,"{'LF': 0.45, 'RF': 0.05, 'CF': 0.2, 'DH': 0.3}"
27676,Vinnie Pasquantino,2026,1B,"{'1B': 0.9722222222222222, 'DH': 0.027777777777777776}"
26121,Francisco Alvarez,2026,C,"{'C': 0.7647058823529411, 'DH': 0.23529411764705882}"
25705,Dustin Harris,2026,LF,"{'RF': 0.23529411764705882, 'LF': 0.5294117647058824, 'DH': 0.23529411764705882}"
12979,Javier Baez,2026,SS,"{'SS': 0.6666666666666666, 'CF': 0.25, '2B': 0.041666666666666664, 'DH': 0.041666666666666664}"
15112,Ryan McMahon,2026,3B,"{'SS': 0.027777777777777776, '3B': 0.6666666666666666, 'DH': 0.3055555555555556}"
25807,Jared Triolo,2026,SS,"{'3B': 0.3, 'SS': 0.5, 'DH': 0.2}"
24064,Ezequiel Tovar,2026,SS,"{'SS': 0.8947368421052632, 'DH': 0.10526315789473684}"
14344,Matt Olson,2026,1B,{'1B': 1.0}
16725,Jose Trevino,2026,C,"{'C': 0.7, 'DH': 0.3}"
19392,Zach McKinstry,2026,2B,"{'2B': 0.4375, 'RF': 0.3125, '3B': 0.1875, 'DH': 0.0625}"
20352,Ernie Clement,2026,2B,"{'3B': 0.08333333333333333, 'SS': 0.1388888888888889, '2B': 0.7777777777777778}"
23565,Davis Schneider,2026,LF,"{'2B': 0.07142857142857142, 'LF': 0.4642857142857143, 'DH': 0.4642857142857143}"
19956,Mickey Moniak,2026,LF,"{'CF': 0.06666666666666667, 'LF': 0.43333333333333335, 'RF': 0.26666666666666666, 'DH': 0.23333333333333334}"
23695,Everson Pereira,2026,RF,"{'RF': 0.7777777777777778, 'DH': 0.2222222222222222}"
20043,Luis Robert Jr.,2026,CF,"{'CF': 0.9583333333333334, 'DH': 0.041666666666666664}"
24618,Ryan Jeffers,2026,C,"{'C': 0.7931034482758621, 'DH': 0.20689655172413793}"
22277,Nick Allen,2026,SS,"{'SS': 0.375, 'DH': 0.625}"
22209,Sam Huff,2026,C,"{'C': 0.6666666666666666, 'DH': 0.3333333333333333}"
22857,Wenceel Perez,2026,RF,"{'CF': 0.21739130434782608, 'RF': 0.5217391304347826, 'DH': 0.2608695652173913}"
23986,Curtis Mead,2026,1B,"{'2B': 0.034482758620689655, '1B': 0.4827586206896552, 'DH': 0.4827586206896552}"
17022,Edmundo Sosa,2026,2B,"{'3B': 0.2, '2B': 0.45, 'SS': 0.05, 'DH': 0.3}"
37123,Kazuma Okamoto,2026,3B,"{'3B': 0.9444444444444444, '1B': 0.027777777777777776, 'DH': 0.027777777777777776}"
26319,Michael Busch,2026,1B,"{'1B': 0.972972972972973, 'DH': 0.02702702702702703}"
28253,Javier Sanoja,2026,3B,"{'3B': 0.4666666666666667, 'CF': 0.03333333333333333, 'SS': 0.03333333333333333, 'LF': 0.13333333333333333, 'DH': 0.3333333333333333}"
31431,Jordan Beck,2026,LF,"{'LF': 0.5, 'RF': 0.19230769230769232, 'DH': 0.3076923076923077}"
16153,Austin Slater,2026,RF,"{'RF': 0.5, 'DH': 0.5}"
24770,James Outman,2026,CF,"{'LF': 0.07142857142857142, 'RF': 0.03571428571428571, 'CF': 0.14285714285714285, 'DH': 0.75}"
21865,Bo Naylor,2026,C,"{'C': 0.8214285714285714, 'DH': 0.17857142857142858}"
24617,Jarren Duran,2026,LF,"{'CF': 0.15151515151515152, 'LF': 0.6363636363636364, 'DH': 0.21212121212121213}"
29780,Joe Mack,2026,C,"{'C': 0.75, 'DH': 0.25}"
20036,Isaac Paredes,2026,3B,"{'2B': 0.09090909090909091, '1B': 0.06060606060606061, '3B': 0.7272727272727273, 'DH': 0.12121212121212122}"
29573,Billy Cook,2026,DH,"{'RF': 0.04, 'CF': 0.08, 'LF': 0.04, '1B': 0.04, 'DH': 0.8}"
16442,Ryan O'Hearn,2026,RF,"{'1B': 0.16666666666666666, 'RF': 0.7222222222222222, 'DH': 0.1111111111111111}"
33322,Matt Shaw,2026,RF,"{'RF': 0.3333333333333333, 'CF': 0.030303030303030304, '1B': 0.030303030303030304, '3B': 0.12121212121212122, '2B': 0.09090909090909091, 'DH': 0.3939393939393939}"
28022,Edgar Quero,2026,C,"{'C': 0.8148148148148148, 'DH': 0.18518518518518517}"
29571,Tim Tawa,2026,LF,"{'1B': 0.05, 'LF': 0.5, 'DH': 0.45}"
34967,Travis Bazzana,2026,2B,{'2B': 1.0}
27690,Joey Wiemer,2026,RF,"{'RF': 0.36, 'CF': 0.24, 'DH': 0.4}"
18819,Andy Ibanez,2026,2B,"{'2B': 0.15384615384615385, '1B': 0.07692307692307693, 'LF': 0.15384615384615385, '3B': 0.07692307692307693, 'DH': 0.5384615384615384}"
28806,Jackson Chourio,2026,CF,"{'RF': 0.11450381679389313, 'CF': 0.6641221374045801, 'LF': 0.20610687022900764, 'DH': 0.015267175572519083}"
18795,Ramon Urias,2026,3B,"{'3B': 0.64, '1B': 0.08, 'DH': 0.28}"
29976,Jordan Lawlar,2026,LF,"{'LF': 0.8333333333333334, 'CF': 0.16666666666666666}"
31505,Sal Stewart,2026,1B,"{'3B': 0.07894736842105263, '2B': 0.13157894736842105, '1B': 0.7631578947368421, 'DH': 0.02631578947368421}"
19251,Pete Alonso,2026,1B,"{'1B': 0.868421052631579, 'DH': 0.13157894736842105}"
26664,Yohendrick Pinango,2026,LF,"{'RF': 0.1111111111111111, 'LF': 0.6666666666666666, 'DH': 0.2222222222222222}"
35101,Samuel Antonacci,2026,LF,"{'2B': 0.1, 'LF': 0.75, 'DH': 0.15}"
19346,Eli White,2026,LF,"{'LF': 0.2916666666666667, 'RF': 0.08333333333333333, 'CF': 0.25, 'DH': 0.375}"
16925,Aramis Garcia,2026,C,"{'C': 0.3333333333333333, 'DH': 0.6666666666666666}"
18123,Nathan Lukes,2026,RF,"{'RF': 0.5, 'LF': 0.2, 'DH': 0.3}"
20404,Jared Young,2026,1B,"{'LF': 0.18181818181818182, '1B': 0.36363636363636365, 'DH': 0.45454545454545453}"
16947,Derek Hill,2026,RF,"{'CF': 0.1, 'RF': 0.26666666666666666, 'DH': 0.6333333333333333}"
22532,Tyler Freeman,2026,RF,"{'RF': 0.4090909090909091, '2B': 0.045454545454545456, 'DH': 0.5454545454545454}"
21780,Esteury Ruiz,2026,CF,"{'CF': 0.2, 'LF': 0.2, 'RF': 0.1, 'DH': 0.5}"
23372,Hunter Feduccia,2026,C,"{'C': 0.7, 'DH': 0.3}"
23698,Ronny Mauricio,2026,SS,"{'3B': 0.1, 'SS': 0.8, 'DH': 0.1}"
31583,Zach Cole,2026,CF,"{'CF': 0.6666666666666666, 'LF': 0.3333333333333333}"
14813,Kyle Farmer,2026,DH,{'DH': 1.0}
31812,Roman Anthony,2026,LF,"{'LF': 0.5, 'RF': 0.03333333333333333, 'DH': 0.4666666666666667}"
13675,Tyrone Taylor,2026,CF,"{'LF': 0.13793103448275862, 'CF': 0.2413793103448276, 'RF': 0.20689655172413793, 'DH': 0.41379310344827586}"
23782,Leo Jimenez,2026,2B,"{'3B': 0.1, '2B': 0.3, 'SS': 0.1, 'DH': 0.5}"
28848,Tanner Murray,2026,LF,"{'SS': 0.15384615384615385, '3B': 0.23076923076923078, 'LF': 0.46153846153846156, 'DH': 0.15384615384615385}"
19858,Luis Rengifo,2026,3B,"{'1B': 0.06666666666666667, '3B': 0.7333333333333333, 'DH': 0.2}"
9777,Nolan Arenado,2026,3B,"{'3B': 0.9411764705882353, 'DH': 0.058823529411764705}"
16535,Danny Jansen,2026,C,"{'C': 0.92, 'DH': 0.08}"
26031,Vaughn Grissom,2026,2B,"{'1B': 0.1111111111111111, '2B': 0.6666666666666666, 'DH': 0.2222222222222222}"
17982,Ty France,2026,1B,"{'1B': 0.7619047619047619, 'DH': 0.23809523809523808}"
28763,Felix Reyes,2026,LF,"{'RF': 0.1, '1B': 0.2, 'LF': 0.6, 'DH': 0.1}"
37122,Sung-Mun Song,2026,2B,"{'2B': 0.3333333333333333, 'SS': 0.3333333333333333, 'DH': 0.3333333333333333}"
25817,Braden Shewmake,2026,SS,"{'SS': 0.25, '3B': 0.125, '2B': 0.125, 'DH': 0.5}"
29995,Daylen Lile,2026,LF,"{'LF': 0.8648648648648649, 'DH': 0.13513513513513514}"
21614,Kyle Isbel,2026,CF,"{'CF': 0.9032258064516129, 'DH': 0.0967741935483871}"
19802,Jhonny Pereda,2026,C,"{'C': 0.7333333333333333, 'DH': 0.26666666666666666}"
29592,Connor Norby,2026,1B,"{'1B': 0.7142857142857143, '3B': 0.02857142857142857, 'DH': 0.2571428571428571}"
21626,Griffin Conine,2026,LF,"{'LF': 0.45454545454545453, 'RF': 0.09090909090909091, 'DH': 0.45454545454545453}"
27493,Rece Hinds,2026,RF,"{'RF': 0.75, 'DH': 0.25}"
19566,Nathaniel Lowe,2026,DH,"{'1B': 0.07407407407407407, 'DH': 0.9259259259259259}"
21497,Luken Baker,2026,1B,"{'1B': 0.3333333333333333, 'DH': 0.6666666666666666}"
19968,Jared Oliva,2026,CF,"{'CF': 0.2857142857142857, 'DH': 0.7142857142857143}"
21746,Jose Fermin,2026,LF,"{'LF': 0.5333333333333333, 'DH': 0.4666666666666667}"
24589,Richie Palacios,2026,2B,"{'3B': 0.04, '2B': 0.68, 'DH': 0.28}"
29766,Zack Gelof,2026,CF,"{'CF': 0.42857142857142855, '2B': 0.047619047619047616, '3B': 0.09523809523809523, 'RF': 0.09523809523809523, 'DH': 0.3333333333333333}"
26202,Jake Mangum,2026,LF,"{'CF': 0.06666666666666667, 'RF': 0.13333333333333333, 'LF': 0.3333333333333333, 'DH': 0.4666666666666667}"
18036,Jake Cronenworth,2026,2B,"{'SS': 0.03125, '3B': 0.03125, '2B': 0.875, 'DH': 0.0625}"
27763,Drew Romo,2026,C,"{'C': 0.8571428571428571, 'DH': 0.14285714285714285}"
28272,Jeferson Quero,2026,C,{'C': 1.0}
9241,Starling Marte,2026,RF,"{'RF': 0.6428571428571429, 'DH': 0.35714285714285715}"
31441,Daniel Susac,2026,C,"{'C': 0.45454545454545453, 'DH': 0.5454545454545454}"
35041,Jac Caglianone,2026,RF,"{'RF': 0.7647058823529411, 'DH': 0.23529411764705882}"
17975,Scott Kingery,2026,DH,{'DH': 1.0}
27653,Christian Koss,2026,2B,"{'SS': 0.125, '2B': 0.25, 'DH': 0.625}"
25434,Will Wilson,2026,3B,"{'2B': 0.3235294117647059, '3B': 0.38235294117647056, 'DH': 0.29411764705882354}"
13324,Ildemaro Vargas,2026,1B,"{'2B': 0.3103448275862069, '1B': 0.5862068965517241, 'DH': 0.10344827586206896}"
19352,Sean Murphy,2026,C,"{'C': 0.7659574468085106, 'DH': 0.23404255319148937}"
20958,Rodolfo Duran,2026,C,{'C': 1.0}
23789,Blaze Alexander,2026,3B,"{'3B': 0.28125, 'RF': 0.03125, 'LF': 0.03125, 'SS': 0.125, 'CF': 0.09375, '2B': 0.1875, 'DH': 0.25}"
26197,Andrew Vaughn,2026,1B,"{'1B': 0.3333333333333333, 'DH': 0.6666666666666666}"
30116,Seiya Suzuki,2026,RF,"{'RF': 0.8333333333333334, 'DH': 0.16666666666666666}"
18042,Dylan Moore,2026,DH,"{'2B': 0.06666666666666667, 'CF': 0.06666666666666667, 'DH': 0.8666666666666667}"
21797,Andres Chaparro,2026,1B,"{'1B': 0.75, 'DH': 0.25}"
22266,Xavier Edwards,2026,2B,"{'2B': 0.9210526315789473, 'DH': 0.07894736842105263}"
19953,Josh Lowe,2026,LF,"{'RF': 0.030303030303030304, 'CF': 0.030303030303030304, 'LF': 0.7575757575757576, 'DH': 0.18181818181818182}"
9218,Paul Goldschmidt,2026,1B,"{'1B': 0.8125, 'DH': 0.1875}"
10243,Randal Grichuk,2026,LF,"{'RF': 0.10526315789473684, 'LF': 0.47368421052631576, 'DH': 0.42105263157894735}"
21622,Jake McCarthy,2026,CF,"{'LF': 0.39285714285714285, 'CF': 0.42857142857142855, 'DH': 0.17857142857142858}"
23691,Jose Tena,2026,DH,{'DH': 1.0}
20536,Vidal Brujan,2026,3B,"{'RF': 0.04918032786885246, '2B': 0.01639344262295082, 'SS': 0.04918032786885246, 'CF': 0.01639344262295082, '3B': 0.16393442622950818, 'DH': 0.7049180327868853}"
31580,Chase Meidroth,2026,2B,"{'2B': 0.9714285714285714, 'DH': 0.02857142857142857}"
20572,Kody Clemens,2026,1B,"{'2B': 0.037037037037037035, '1B': 0.8148148148148148, 'DH': 0.14814814814814814}"
29704,Braxton Fulford,2026,DH,{'DH': 1.0}
24488,Max Schuemann,2026,SS,"{'SS': 0.25, 'DH': 0.75}"
33492,Jim Jarvis,2026,SS,{'SS': 1.0}
27534,Edouard Julien,2026,2B,"{'2B': 0.625, 'DH': 0.375}"
27915,Alejandro Osuna,2026,LF,"{'LF': 0.75, 'DH': 0.25}"
18373,Ryan Mountcastle,2026,1B,"{'1B': 0.25, 'DH': 0.75}"
19339,Nicky Lopez,2026,DH,{'DH': 1.0}
26143,Troy Johnston,2026,RF,"{'LF': 0.029411764705882353, '1B': 0.29411764705882354, 'RF': 0.47058823529411764, 'DH': 0.20588235294117646}"
25867,Ryan Kreidler,2026,3B,"{'CF': 0.2, '3B': 0.8}"
19455,Andruw Monasterio,2026,SS,"{'3B': 0.10526315789473684, '1B': 0.10526315789473684, 'SS': 0.21052631578947367, 'DH': 0.5789473684210527}"
25779,Tyler Tolbert,2026,DH,{'DH': 1.0}
19921,Blake Perkins,2026,LF,"{'CF': 0.2631578947368421, 'LF': 0.3684210526315789, 'DH': 0.3684210526315789}"
25448,Greg Jones,2026,LF,"{'RF': 0.09090909090909091, 'LF': 0.45454545454545453, 'DH': 0.45454545454545453}"
27501,Justin Foscue,2026,1B,"{'1B': 0.75, 'DH': 0.25}"
33197,Ben Williamson,2026,2B,"{'SS': 0.18181818181818182, '2B': 0.6060606060606061, 'DH': 0.21212121212121213}"
21496,Brandon Lockridge,2026,LF,"{'CF': 0.14814814814814814, 'LF': 0.6666666666666666, 'DH': 0.18518518518518517}"
9847,Andrew McCutchen,2026,DH,"{'RF': 0.16, 'LF': 0.04, 'DH': 0.8}"
12927,Brandon Nimmo,2026,RF,"{'RF': 0.8857142857142857, 'DH': 0.11428571428571428}"
15362,Jeff McNeil,2026,2B,"{'2B': 0.8285714285714286, 'DH': 0.17142857142857143}"
19931,Luke Williams,2026,DH,"{'SS': 0.06666666666666667, '3B': 0.022222222222222223, 'DH': 0.9111111111111111}"
26323,Spencer Steer,2026,LF,"{'1B': 0.19444444444444445, 'LF': 0.6388888888888888, 'RF': 0.1388888888888889, 'DH': 0.027777777777777776}"
29487,Blake Dunn,2026,RF,"{'RF': 0.25, 'DH': 0.75}"
29788,Brett Harris,2026,3B,"{'3B': 0.25, 'DH': 0.75}"
31855,Colby Thomas,2026,RF,"{'RF': 0.75, 'DH': 0.25}"
18848,Yohel Pozo,2026,DH,{'DH': 1.0}
28080,Jasson Dominguez,2026,LF,"{'LF': 0.2222222222222222, 'DH': 0.7777777777777778}"
15518,Amed Rosario,2026,3B,"{'2B': 0.13636363636363635, '3B': 0.6363636363636364, 'DH': 0.22727272727272727}"
31792,Otto Kemp,2026,LF,"{'LF': 0.5, 'DH': 0.5}"
29949,Tyler Black,2026,DH,"{'LF': 0.125, 'DH': 0.875}"
19643,Daniel Johnson,2026,CF,"{'CF': 0.375, 'DH': 0.625}"
21871,Jerar Encarnacion,2026,RF,"{'LF': 0.058823529411764705, 'RF': 0.29411764705882354, '1B': 0.11764705882352941, 'DH': 0.5294117647058824}"
16478,Kyle Schwarber,2026,DH,"{'LF': 0.05263157894736842, 'DH': 0.9473684210526315}"
24934,David Fry,2026,RF,"{'C': 0.09090909090909091, 'RF': 0.3181818181818182, 'DH': 0.5909090909090909}"
27789,Shay Whitcomb,2026,DH,"{'LF': 0.09090909090909091, '3B': 0.09090909090909091, 'DH': 0.8181818181818182}"
20126,Dylan Carlson,2026,LF,"{'LF': 0.3333333333333333, 'DH': 0.6666666666666666}"
18900,Leody Taveras,2026,CF,"{'CF': 0.7666666666666667, 'DH': 0.23333333333333334}"
18821,Jose Azocar,2026,CF,"{'RF': 0.07142857142857142, 'CF': 0.14285714285714285, 'LF': 0.14285714285714285, 'DH': 0.6428571428571429}"
15878,Miguel Andujar,2026,DH,"{'3B': 0.07407407407407407, 'DH': 0.9259259259259259}"
19296,Alex Call,2026,LF,"{'LF': 0.25, 'RF': 0.125, 'CF': 0.0625, 'DH': 0.5625}"
11477,Christian Yelich,2026,DH,"{'LF': 0.06666666666666667, 'DH': 0.9333333333333333}"
31382,Dalton Rushing,2026,C,"{'C': 0.631578947368421, '1B': 0.05263157894736842, 'DH': 0.3157894736842105}"
26991,Jesus Rodriguez,2026,C,"{'C': 0.6666666666666666, 'RF': 0.3333333333333333}"
11899,Joc Pederson,2026,DH,"{'RF': 0.030303030303030304, '1B': 0.030303030303030304, 'DH': 0.9393939393939394}"
17901,Andrew Benintendi,2026,DH,"{'LF': 0.2, 'DH': 0.8}"
15194,Jake Bauers,2026,1B,"{'LF': 0.030303030303030304, '1B': 0.8484848484848485, 'DH': 0.12121212121212122}"
18872,Jahmai Jones,2026,DH,"{'RF': 0.041666666666666664, 'LF': 0.041666666666666664, 'DH': 0.9166666666666666}"
22197,MJ Melendez,2026,LF,"{'RF': 0.11764705882352941, 'LF': 0.29411764705882354, 'DH': 0.5882352941176471}"
20202,Brandon Marsh,2026,LF,"{'RF': 0.058823529411764705, 'CF': 0.14705882352941177, 'LF': 0.7058823529411765, 'DH': 0.08823529411764706}"
27449,Ryan Ward,2026,1B,{'1B': 1.0}
27969,Deyvison De Los Santos,2026,1B,"{'1B': 0.6666666666666666, 'DH': 0.3333333333333333}"
17929,Cedric Mullins,2026,CF,"{'CF': 0.8787878787878788, 'DH': 0.12121212121212122}"
19627,Brent Rooker,2026,DH,"{'RF': 0.09523809523809523, 'DH': 0.9047619047619048}"
33704,C.J. Kayfus,2026,LF,"{'RF': 0.3333333333333333, 'LF': 0.4444444444444444, 'DH': 0.2222222222222222}"
27899,Colt Keith,2026,3B,"{'1B': 0.09090909090909091, '3B': 0.42424242424242425, 'DH': 0.48484848484848486}"
13620,Carson Kelly,2026,C,"{'1B': 0.037037037037037035, 'C': 0.8148148148148148, 'DH': 0.14814814814814814}"
27931,Petey Halpin,2026,CF,"{'CF': 0.75, 'DH': 0.25}"
21842,Carlos Cortes,2026,RF,"{'LF': 0.10344827586206896, 'RF': 0.3793103448275862, 'DH': 0.5172413793103449}"
33824,Jung Hoo Lee,2026,RF,"{'CF': 0.13513513513513514, 'RF': 0.8378378378378378, 'DH': 0.02702702702702703}"
21897,Christopher Morel,2026,1B,"{'1B': 0.42857142857142855, 'DH': 0.5714285714285714}"
20220,Jo Adell,2026,RF,"{'CF': 0.02631578947368421, 'LF': 0.07894736842105263, 'RF': 0.8157894736842105, 'DH': 0.07894736842105263}"
19960,Taylor Trammell,2026,CF,"{'CF': 0.8, 'DH': 0.2}"
26517,Noelvi Marte,2026,RF,"{'RF': 0.8181818181818182, 'DH': 0.18181818181818182}"
15223,Adam Frazier,2026,2B,"{'2B': 0.5185185185185185, 'LF': 0.037037037037037035, 'DH': 0.4444444444444444}"
11737,Nick Castellanos,2026,RF,"{'LF': 0.125, '1B': 0.08333333333333333, 'RF': 0.2916666666666667, 'DH': 0.5}"
19562,Zack Short,2026,SS,"{'SS': 0.6818181818181818, 'DH': 0.3181818181818182}"
19363,Austin Hays,2026,LF,"{'RF': 0.08333333333333333, 'LF': 0.6666666666666666, 'DH': 0.25}"
26368,JJ Bleday,2026,LF,{'LF': 1.0}
25643,Drew Millas,2026,C,"{'C': 0.72, 'DH': 0.28}"
22542,Lawrence Butler,2026,RF,"{'RF': 0.47058823529411764, 'CF': 0.3235294117647059, 'DH': 0.20588235294117646}"
16572,Connor Joe,2026,RF,"{'RF': 0.3, '1B': 0.3, 'DH': 0.4}"
28820,Moises Ballesteros,2026,DH,"{'C': 0.029411764705882353, 'DH': 0.9705882352941176}"
2967,Tommy Pham,2026,LF,"{'LF': 0.4444444444444444, 'DH': 0.5555555555555556}"
27630,Nick Loftin,2026,2B,"{'2B': 0.42857142857142855, '3B': 0.21428571428571427, 'LF': 0.07142857142857142, 'DH': 0.2857142857142857}"
28824,Samuel Basallo,2026,C,"{'C': 0.6, 'DH': 0.4}"
20308,Jake Meyers,2026,CF,"{'CF': 0.9166666666666666, 'DH': 0.08333333333333333}"
28312,Coby Mayo,2026,3B,"{'1B': 0.09375, '3B': 0.75, 'DH': 0.15625}"
13770,Rob Refsnyder,2026,RF,"{'RF': 0.23809523809523808, 'DH': 0.7619047619047619}"
11442,Gary Sanchez,2026,C,"{'C': 0.25, '1B': 0.16666666666666666, 'DH': 0.5833333333333334}"
17678,Alex Bregman,2026,3B,"{'3B': 0.8947368421052632, 'DH': 0.10526315789473684}"
18030,Harrison Bader,2026,CF,"{'CF': 0.9333333333333333, 'DH': 0.06666666666666667}"
16930,Jonah Heim,2026,C,{'C': 1.0}
21853,Will Benson,2026,RF,"{'LF': 0.10344827586206896, 'RF': 0.4827586206896552, 'DH': 0.41379310344827586}"
18577,Ke'Bryan Hayes,2026,3B,"{'3B': 0.8529411764705882, 'DH': 0.14705882352941177}"
26438,Dominic Canzone,2026,DH,"{'RF': 0.0625, 'DH': 0.9375}"
29805,T.J. Rumfield,2026,1B,"{'1B': 0.7105263157894737, 'DH': 0.2894736842105263}"
22558,Jarred Kelenic,2026,RF,"{'RF': 0.6666666666666666, 'DH': 0.3333333333333333}"
5517,Kyle Higashioka,2026,C,"{'C': 0.8235294117647058, 'DH': 0.17647058823529413}"
13152,Jorge Polanco,2026,DH,"{'1B': 0.14285714285714285, 'DH': 0.8571428571428571}"
18217,Brett Sullivan,2026,C,"{'C': 0.7, 'DH': 0.3}"
24729,Logan O'Hoppe,2026,C,"{'C': 0.8846153846153846, 'DH': 0.11538461538461539}"
26546,Agustin Ramirez,2026,C,"{'C': 0.5483870967741935, 'DH': 0.45161290322580644}"
18363,Victor Robles,2026,RF,"{'RF': 0.8, 'DH': 0.2}"
31695,Dylan Beavers,2026,RF,"{'LF': 0.13333333333333333, 'CF': 0.1, 'RF': 0.43333333333333335, 'DH': 0.3333333333333333}"
26548,Luisangel Acuna,2026,CF,"{'SS': 0.27586206896551724, 'CF': 0.5862068965517241, 'DH': 0.13793103448275862}"
21587,Cesar Salazar,2026,C,"{'C': 0.2727272727272727, 'DH': 0.7272727272727273}"
31562,Zach Dezenzo,2026,LF,"{'1B': 0.029411764705882353, 'RF': 0.3235294117647059, 'LF': 0.4117647058823529, 'DH': 0.23529411764705882}"
22541,George Valera,2026,LF,"{'RF': 0.23076923076923078, 'LF': 0.46153846153846156, 'DH': 0.3076923076923077}"
20123,Juan Soto,2026,LF,"{'LF': 0.45454545454545453, 'DH': 0.5454545454545454}"
31595,Brooks Lee,2026,SS,"{'SS': 0.9428571428571428, 'DH': 0.05714285714285714}"
24878,Heriberto Hernandez,2026,LF,"{'RF': 0.043478260869565216, 'LF': 0.6956521739130435, 'DH': 0.2608695652173913}"
22054,Dane Myers,2026,CF,"{'CF': 0.25, 'DH': 0.75}"
25479,Brenton Doyle,2026,CF,"{'CF': 0.6857142857142857, 'DH': 0.3142857142857143}"
27555,Garrett Mitchell,2026,CF,"{'CF': 0.78125, 'DH': 0.21875}"
30080,Hao Yu Lee,2026,3B,"{'2B': 0.2857142857142857, '3B': 0.5, 'DH': 0.21428571428571427}"
29779,Max Muncy,2026,3B,"{'3B': 0.9230769230769231, 'DH': 0.07692307692307693}"
22239,Jeremiah Jackson,2026,2B,"{'2B': 0.8888888888888888, 'DH': 0.1111111111111111}"
28163,Junior Caminero,2026,3B,"{'3B': 0.972972972972973, 'DH': 0.02702702702702703}"
22515,Heliot Ramos,2026,LF,"{'LF': 0.9444444444444444, 'DH': 0.05555555555555555}"
19358,Weston Wilson,2026,3B,"{'LF': 0.1, '3B': 0.5, 'DH': 0.4}"
20599,Ivan Herrera,2026,C,"{'C': 0.35135135135135137, 'DH': 0.6486486486486487}"
19901,Gavin Sheets,2026,1B,"{'LF': 0.06060606060606061, '1B': 0.5757575757575758, 'DH': 0.36363636363636365}"
13621,Jeimer Candelario,2026,3B,"{'3B': 0.2857142857142857, '1B': 0.2857142857142857, 'DH': 0.42857142857142855}"
25660,Will Brennan,2026,LF,"{'LF': 0.4, 'DH': 0.6}"
26477,Spencer Horwitz,2026,1B,"{'1B': 0.8823529411764706, 'DH': 0.11764705882352941}"
15640,Aaron Judge,2026,RF,"{'RF': 0.9210526315789473, 'DH': 0.07894736842105263}"
18564,Trent Grisham,2026,CF,"{'CF': 0.8378378378378378, 'DH': 0.16216216216216217}"
33572,Kevin McGonigle,2026,SS,"{'3B': 0.3888888888888889, 'SS': 0.5833333333333334, 'DH': 0.027777777777777776}"
15674,Reese McGuire,2026,C,"{'C': 0.8181818181818182, 'DH': 0.18181818181818182}"
19913,Jesus Sanchez,2026,RF,"{'LF': 0.3611111111111111, 'RF': 0.3888888888888889, 'DH': 0.25}"
17988,Tyler Stephenson,2026,C,"{'C': 0.8709677419354839, 'DH': 0.12903225806451613}"
31837,Masataka Yoshida,2026,DH,"{'LF': 0.08695652173913043, 'DH': 0.9130434782608695}"
29794,Kyle Manzardo,2026,1B,"{'1B': 0.6176470588235294, 'DH': 0.38235294117647056}"
32127,Chase DeLauter,2026,RF,"{'RF': 0.5714285714285714, 'DH': 0.42857142857142855}"
33321,Luke Keaschall,2026,2B,"{'2B': 0.972972972972973, 'DH': 0.02702702702702703}"
12552,Eugenio Suarez,2026,3B,"{'3B': 0.24, 'DH': 0.76}"
29622,Sal Frelick,2026,RF,"{'RF': 0.8823529411764706, 'DH': 0.11764705882352941}"
30038,Carson Williams,2026,SS,"{'SS': 0.8571428571428571, 'DH': 0.14285714285714285}"
12533,Marcus Semien,2026,2B,{'2B': 1.0}
35110,Nick Kurtz,2026,1B,{'1B': 1.0}
19611,Vladimir Guerrero Jr.,2026,1B,"{'1B': 0.8648648648648649, 'DH': 0.13513513513513514}"
15711,Tyler O'Neill,2026,RF,"{'RF': 0.631578947368421, 'DH': 0.3684210526315789}"
21636,Jeremy Pena,2026,SS,{'SS': 1.0}
22530,Johnathan Rodriguez,2026,RF,"{'RF': 0.6, 'DH': 0.4}"
16376,Michael Conforto,2026,RF,"{'RF': 0.3333333333333333, 'LF': 0.14285714285714285, 'DH': 0.5238095238095238}"
18360,Austin Riley,2026,3B,"{'3B': 0.9736842105263158, 'DH': 0.02631578947368421}"
5361,Freddie Freeman,2026,1B,{'1B': 1.0}
13066,Teoscar Hernandez,2026,LF,{'LF': 1.0}
31545,Drew Gilbert,2026,CF,"{'CF': 0.8421052631578947, 'DH': 0.15789473684210525}"
18401,Ronald Acuna Jr.,2026,RF,"{'RF': 0.9705882352941176, 'DH': 0.029411764705882353}"
31791,Justin Crawford,2026,CF,"{'CF': 0.9393939393939394, 'DH': 0.06060606060606061}"
29993,Brady House,2026,3B,"{'3B': 0.7058823529411765, 'DH': 0.29411764705882354}"
23003,Yainer Diaz,2026,C,"{'C': 0.8461538461538461, 'DH': 0.15384615384615385}"
19326,Bryan Reynolds,2026,LF,"{'RF': 0.15789473684210525, 'LF': 0.7105263157894737, 'DH': 0.13157894736842105}"
10155,Mike Trout,2026,CF,"{'CF': 0.8918918918918919, 'DH': 0.10810810810810811}"
35376,Konnor Griffin,2026,SS,"{'SS': 0.9375, 'DH': 0.0625}"
13145,Josh Bell,2026,1B,"{'1B': 0.2222222222222222, 'DH': 0.7777777777777778}"
25961,Kerry Carpenter,2026,RF,"{'LF': 0.05714285714285714, 'RF': 0.5142857142857142, 'DH': 0.42857142857142855}"
13419,Christian Walker,2026,1B,"{'1B': 0.9473684210526315, 'DH': 0.05263157894736842}"
15986,Willy Adames,2026,SS,{'SS': 1.0}
26693,Juan Brito,2026,2B,"{'2B': 0.9333333333333333, 'DH': 0.06666666666666667}"
19260,Jake Fraley,2026,RF,"{'RF': 0.84, 'DH': 0.16}"
37120,Munetaka Murakami,2026,1B,"{'1B': 0.8918918918918919, 'DH': 0.10810810810810811}"
25878,Corbin Carroll,2026,RF,"{'RF': 0.9117647058823529, 'DH': 0.08823529411764706}"
5417,Jose Altuve,2026,2B,"{'2B': 0.9411764705882353, 'DH': 0.058823529411764705}"
19238,Lourdes Gurriel Jr.,2026,LF,{'LF': 1.0}
21523,Jonathan India,2026,2B,"{'2B': 0.8235294117647058, 'DH': 0.17647058823529413}"
19556,Yordan Alvarez,2026,LF,"{'LF': 0.23684210526315788, 'DH': 0.7631578947368421}"
20437,Royce Lewis,2026,3B,{'3B': 1.0}
18345,Kyle Tucker,2026,RF,"{'RF': 0.9722222222222222, 'DH': 0.027777777777777776}"
14221,Jorge Soler,2026,DH,"{'RF': 0.17647058823529413, 'DH': 0.8235294117647058}"
19290,Randy Arozarena,2026,LF,{'LF': 1.0}
29518,James Wood,2026,RF,"{'LF': 0.15789473684210525, 'RF': 0.7631578947368421, 'DH': 0.07894736842105263}"
17232,Yoan Moncada,2026,3B,"{'3B': 0.696969696969697, 'DH': 0.30303030303030304}"
26396,Josh Smith,2026,2B,"{'2B': 0.8387096774193549, 'DH': 0.16129032258064516}"
21711,Oneil Cruz,2026,CF,"{'CF': 0.9444444444444444, 'DH': 0.05555555555555555}"
33189,Nolan Schanuel,2026,1B,"{'1B': 0.9714285714285714, 'DH': 0.02857142857142857}"
16252,Trea Turner,2026,SS,{'SS': 1.0}
15491,J.P. Crawford,2026,SS,"{'SS': 0.9666666666666667, 'DH': 0.03333333333333333}"
2396,Carlos Santana,2026,1B,{'1B': 1.0}
27475,Jordan Walker,2026,RF,"{'RF': 0.9722222222222222, 'DH': 0.027777777777777776}"
20391,Luis Garcia Jr.,2026,1B,"{'1B': 0.6363636363636364, 'DH': 0.36363636363636365}"
27467,Tyler Soderstrom,2026,LF,"{'LF': 0.9714285714285714, 'DH': 0.02857142857142857}"
22275,Jake Burger,2026,1B,"{'1B': 0.972972972972973, 'DH': 0.02702702702702703}"
25768,CJ Abrams,2026,SS,"{'SS': 0.972972972972973, 'DH': 0.02702702702702703}"
18839,Josh Naylor,2026,1B,{'1B': 1.0}
26299,Josh Jung,2026,3B,"{'3B': 0.9705882352941176, 'DH': 0.029411764705882353}"
24679,Brendan Donovan,2026,3B,"{'3B': 0.9444444444444444, 'DH': 0.05555555555555555}"
27615,Alec Burleson,2026,1B,"{'1B': 0.9722222222222222, 'DH': 0.027777777777777776}"
29576,Ben Rice,2026,1B,"{'1B': 0.7575757575757576, 'DH': 0.24242424242424243}"
17548,Taylor Ward,2026,LF,"{'LF': 0.8108108108108109, 'DH': 0.1891891891891892}"
23697,Julio Rodriguez,2026,CF,{'CF': 1.0}
25976,Riley Greene,2026,LF,"{'LF': 0.8421052631578947, 'DH': 0.15789473684210525}"
22184,Mark Vientos,2026,1B,"{'1B': 0.8275862068965517, 'DH': 0.1724137931034483}"
16472,Rhys Hoskins,2026,1B,"{'1B': 0.6206896551724138, 'DH': 0.3793103448275862}"
17350,Rafael Devers,2026,1B,"{'1B': 0.7027027027027027, 'DH': 0.2972972972972973}"
26466,Matt Wallner,2026,RF,"{'RF': 0.967741935483871, 'DH': 0.03225806451612903}"
25477,Isaac Collins,2026,LF,"{'LF': 0.8484848484848485, 'DH': 0.15151515151515152}"
21837,Jonathan Aranda,2026,1B,"{'1B': 0.918918918918919, 'DH': 0.08108108108108109}"
19354,Luke Raley,2026,RF,"{'RF': 0.7272727272727273, 'DH': 0.2727272727272727}"
27465,Spencer Torkelson,2026,1B,"{'1B': 0.9459459459459459, 'DH': 0.05405405405405406}"
27496,Owen Caissie,2026,RF,"{'RF': 0.7647058823529411, 'DH': 0.23529411764705882}"
11579,Bryce Harper,2026,1B,"{'1B': 0.9473684210526315, 'DH': 0.05263157894736842}"
3096,Kenley Jansen,2026,DH,{'DH': 1.0}
3137,Max Scherzer,2026,DH,{'DH': 1.0}
6107,Huascar Brazoban,2026,DH,{'DH': 1.0}
6175,Albert Suarez,2026,DH,{'DH': 1.0}
6632,Carlos Carrasco,2026,DH,{'DH': 1.0}
6655,Craig Kimbrel,2026,DH,{'DH': 1.0}
6902,Martin Perez,2026,DH,{'DH': 1.0}
6984,Luis Garcia,2026,DH,{'DH': 1.0}
7048,Fernando Cruz,2026,DH,{'DH': 1.0}
8700,Justin Verlander,2026,DH,{'DH': 1.0}
9132,Nathan Eovaldi,2026,DH,{'DH': 1.0}
9323,Patrick Corbin,2026,DH,{'DH': 1.0}
9803,Miles Mikolas,2026,DH,{'DH': 1.0}
10061,Brooks Raley,2026,DH,{'DH': 1.0}
10078,Caleb Thielbar,2026,DH,{'DH': 1.0}
10233,Aroldis Chapman,2026,DH,{'DH': 1.0}
10310,Zack Wheeler,2026,DH,{'DH': 1.0}
10603,Chris Sale,2026,DH,{'DH': 1.0}
10954,Jacob deGrom,2026,DH,{'DH': 1.0}
11156,Merrill Kelly,2026,DH,{'DH': 1.0}
11189,Vince Velasquez,2026,DH,{'DH': 1.0}
11423,Jose Quintana,2026,DH,{'DH': 1.0}
11426,Drew Pomeranz,2026,DH,{'DH': 1.0}
11486,Robbie Ray,2026,DH,{'DH': 1.0}
11674,Jameson Taillon,2026,DH,{'DH': 1.0}
11836,Taijuan Walker,2026,DH,{'DH': 1.0}
11847,Chris Martin,2026,DH,{'DH': 1.0}
11861,Jason Adam,2026,DH,{'DH': 1.0}
12304,Chris Bassitt,2026,DH,{'DH': 1.0}
12317,Colin Rea,2026,DH,{'DH': 1.0}
12447,Seth Lugo,2026,DH,{'DH': 1.0}
12572,Blake Treinen,2026,DH,{'DH': 1.0}
12718,Adrian Houser,2026,DH,{'DH': 1.0}
12730,Nick Martinez,2026,DH,{'DH': 1.0}
12763,Chris Devenski,2026,DH,{'DH': 1.0}
12768,Sonny Gray,2026,DH,{'DH': 1.0}
12784,Burch Smith,2026,DH,{'DH': 1.0}
12791,Michael Kelly,2026,DH,{'DH': 1.0}
12828,Andrew Kittredge,2026,DH,{'DH': 1.0}
12857,Shawn Armstrong,2026,DH,{'DH': 1.0}
12972,Joe Ross,2026,DH,{'DH': 1.0}
13164,Eduardo Rodriguez,2026,DH,{'DH': 1.0}
13293,Danny Coulombe,2026,DH,{'DH': 1.0}
13346,Hoby Milner,2026,DH,{'DH': 1.0}
13361,Steven Matz,2026,DH,{'DH': 1.0}
13435,Pierce Johnson,2026,DH,{'DH': 1.0}
13449,Taylor Rogers,2026,DH,{'DH': 1.0}
13470,Lucas Sims,2026,DH,{'DH': 1.0}
13580,Steven Okert,2026,DH,{'DH': 1.0}
13607,Carl Edwards Jr.,2026,DH,{'DH': 1.0}
13619,Jakob Junis,2026,DH,{'DH': 1.0}
13649,Clay Holmes,2026,DH,{'DH': 1.0}
13743,Max Fried,2026,DH,{'DH': 1.0}
13774,Zach Eflin,2026,DH,{'DH': 1.0}
13799,Matt Strahm,2026,DH,{'DH': 1.0}
13892,Paul Sewald,2026,DH,{'DH': 1.0}
13932,Dietrich Enns,2026,DH,{'DH': 1.0}
13942,Brent Suter,2026,DH,{'DH': 1.0}
14078,Michael Wacha,2026,DH,{'DH': 1.0}
14107,Kevin Gausman,2026,DH,{'DH': 1.0}
14120,Lance McCullers Jr.,2026,DH,{'DH': 1.0}
14295,Wandy Peralta,2026,DH,{'DH': 1.0}
14332,Joel Payamps,2026,DH,{'DH': 1.0}
14374,Tyler Glasnow,2026,DH,{'DH': 1.0}
14542,Carlos Estevez,2026,DH,{'DH': 1.0}
14706,Anthony Banda,2026,DH,{'DH': 1.0}
14710,Edwin Diaz,2026,DH,{'DH': 1.0}
14739,Paul Blackburn,2026,DH,{'DH': 1.0}
14771,Emilio Pagan,2026,DH,{'DH': 1.0}
14843,Michael Lorenzen,2026,DH,{'DH': 1.0}
14857,Joe Mantiply,2026,DH,{'DH': 1.0}
14874,Sam Moll,2026,DH,{'DH': 1.0}
14993,Scott Barlow,2026,DH,{'DH': 1.0}
15007,Yacksel Rios,2026,DH,{'DH': 1.0}
15009,Kyle Finnegan,2026,DH,{'DH': 1.0}
15038,German Marquez,2026,DH,{'DH': 1.0}
15042,Tim Mayza,2026,DH,{'DH': 1.0}
15043,Lou Trivino,2026,DH,{'DH': 1.0}
15047,Austin Voth,2026,DH,{'DH': 1.0}
15130,Drew Anderson,2026,DH,{'DH': 1.0}
15145,Justin Topa,2026,DH,{'DH': 1.0}
15256,Cole Sulser,2026,DH,{'DH': 1.0}
15440,Matthew Boyd,2026,DH,{'DH': 1.0}
15454,Nick Pivetta,2026,DH,{'DH': 1.0}
15488,Antonio Senzatela,2026,DH,{'DH': 1.0}
15507,Hunter Harvey,2026,DH,{'DH': 1.0}
15541,Tyler Rogers,2026,DH,{'DH': 1.0}
15551,Mark Leiter Jr.,2026,DH,{'DH': 1.0}
15689,Luis Castillo,2026,DH,{'DH': 1.0}
15734,Brad Keller,2026,DH,{'DH': 1.0}
15816,Devin Williams,2026,DH,{'DH': 1.0}
15823,Zack Littell,2026,DH,{'DH': 1.0}
15873,Sean Manaea,2026,DH,{'DH': 1.0}
15890,Luis Severino,2026,DH,{'DH': 1.0}
15947,Ryne Stanek,2026,DH,{'DH': 1.0}
16122,Jordan Romano,2026,DH,{'DH': 1.0}
16149,Aaron Nola,2026,DH,{'DH': 1.0}
16162,Brandon Woodruff,2026,DH,{'DH': 1.0}
16233,Tejay Antone,2026,DH,{'DH': 1.0}
16256,Kyle Freeland,2026,DH,{'DH': 1.0}
16258,Aaron Bummer,2026,DH,{'DH': 1.0}
16350,Ryan Borucki,2026,DH,{'DH': 1.0}
16358,Tyler Mahle,2026,DH,{'DH': 1.0}
16400,Reynaldo Lopez,2026,DH,{'DH': 1.0}
16432,Foster Griffin,2026,DH,{'DH': 1.0}
16502,Ryan Yarbrough,2026,DH,{'DH': 1.0}
16609,Bryan Abreu,2026,DH,{'DH': 1.0}
16647,Ryan Thompson,2026,DH,{'DH': 1.0}
16727,Brock Stewart,2026,DH,{'DH': 1.0}
16814,Tim Hill,2026,DH,{'DH': 1.0}
16835,Brennan Bernardino,2026,DH,{'DH': 1.0}
16918,Luke Weaver,2026,DH,{'DH': 1.0}
16943,Sean Newcomb,2026,DH,{'DH': 1.0}
16944,Grant Holmes,2026,DH,{'DH': 1.0}
16990,Tanner Banks,2026,DH,{'DH': 1.0}
17130,Raisel Iglesias,2026,DH,{'DH': 1.0}
17170,Gabe Speier,2026,DH,{'DH': 1.0}
17192,Jalen Beeks,2026,DH,{'DH': 1.0}
17277,Ranger Suarez,2026,DH,{'DH': 1.0}
17295,Framber Valdez,2026,DH,{'DH': 1.0}
17381,Matt Gage,2026,DH,{'DH': 1.0}
17425,Erick Fedde,2026,DH,{'DH': 1.0}
17432,Jeff Hoffman,2026,DH,{'DH': 1.0}
17479,Jack Flaherty,2026,DH,{'DH': 1.0}
17556,Jimmy Herget,2026,DH,{'DH': 1.0}
17578,JT Brubaker,2026,DH,{'DH': 1.0}
17586,Tanner Scott,2026,DH,{'DH': 1.0}
17594,Mitch Keller,2026,DH,{'DH': 1.0}
17606,Cristian Javier,2026,DH,{'DH': 1.0}
17611,Taylor Clarke,2026,DH,{'DH': 1.0}
17639,Justin Lawrence,2026,DH,{'DH': 1.0}
17677,Jeffrey Springs,2026,DH,{'DH': 1.0}
17722,Trevor Megill,2026,DH,{'DH': 1.0}
17735,Tyler Alexander,2026,DH,{'DH': 1.0}
17780,Jose Alvarado,2026,DH,{'DH': 1.0}
17878,Dennis Santana,2026,DH,{'DH': 1.0}
17888,Tayler Saucedo,2026,DH,{'DH': 1.0}
17897,Garrett Cleavinger,2026,DH,{'DH': 1.0}
17920,Cody Ponce,2026,DH,{'DH': 1.0}
17948,Trent Thornton,2026,DH,{'DH': 1.0}
17964,Tyler Gilbert,2026,DH,{'DH': 1.0}
17968,Brock Burke,2026,DH,{'DH': 1.0}
17969,Peter Lambert,2026,DH,{'DH': 1.0}
17995,Logan Webb,2026,DH,{'DH': 1.0}
17998,Pete Fairbanks,2026,DH,{'DH': 1.0}
18064,Phil Maton,2026,DH,{'DH': 1.0}
18138,Ryan Helsley,2026,DH,{'DH': 1.0}
18297,Tyler Kinley,2026,DH,{'DH': 1.0}
18341,Julian Fernandez,2026,DH,{'DH': 1.0}
18383,Michael Soroka,2026,DH,{'DH': 1.0}
18403,Enyel De Los Santos,2026,DH,{'DH': 1.0}
18413,Jose Urquidy,2026,DH,{'DH': 1.0}
18525,Dylan Cease,2026,DH,{'DH': 1.0}
18554,Enmanuel De Jesus,2026,DH,{'DH': 1.0}
18674,Jake Woodford,2026,DH,{'DH': 1.0}
18679,Freddy Peralta,2026,DH,{'DH': 1.0}
18684,Sandy Alcantara,2026,DH,{'DH': 1.0}
18694,Kolby Allard,2026,DH,{'DH': 1.0}
19178,Tommy Nance,2026,DH,{'DH': 1.0}
19205,Jesse Scholtens,2026,DH,{'DH': 1.0}
19222,Lake Bachar,2026,DH,{'DH': 1.0}
19249,Seranthony Dominguez,2026,DH,{'DH': 1.0}
19261,Ian Hamilton,2026,DH,{'DH': 1.0}
19274,Jacob Webb,2026,DH,{'DH': 1.0}
19291,Zac Gallen,2026,DH,{'DH': 1.0}
19309,Trevor Richards,2026,DH,{'DH': 1.0}
19312,Cal Quantrill,2026,DH,{'DH': 1.0}
19316,Eric Lauer,2026,DH,{'DH': 1.0}
19320,Joey Lucchesi,2026,DH,{'DH': 1.0}
19330,Matt Festa,2026,DH,{'DH': 1.0}
19337,Richard Lovelady,2026,DH,{'DH': 1.0}
19350,Dean Kremer,2026,DH,{'DH': 1.0}
19360,Lucas Erceg,2026,DH,{'DH': 1.0}
19362,Keegan Akin,2026,DH,{'DH': 1.0}
19374,Walker Buehler,2026,DH,{'DH': 1.0}
19444,Yohan Ramirez,2026,DH,{'DH': 1.0}
19453,Shaun Anderson,2026,DH,{'DH': 1.0}
19479,Aaron Civale,2026,DH,{'DH': 1.0}
19481,Tyler Ferguson,2026,DH,{'DH': 1.0}
19524,Alan Rangel,2026,DH,{'DH': 1.0}
19569,David Bednar,2026,DH,{'DH': 1.0}
19574,JoJo Romero,2026,DH,{'DH': 1.0}
19614,Cionel Perez,2026,DH,{'DH': 1.0}
19618,Jordan Hicks,2026,DH,{'DH': 1.0}
19646,Kyle Hart,2026,DH,{'DH': 1.0}
19666,Jason Alexander,2026,DH,{'DH': 1.0}
19677,Gregory Soto,2026,DH,{'DH': 1.0}
19695,Connor Seabold,2026,DH,{'DH': 1.0}
19716,Dustin May,2026,DH,{'DH': 1.0}
19742,Anthony Bender,2026,DH,{'DH': 1.0}
19753,Jonathan Loaisiga,2026,DH,{'DH': 1.0}
19755,Shohei Ohtani,2026,DH,{'DH': 1.0}
19769,Will Vest,2026,DH,{'DH': 1.0}
19804,Bryan Baker,2026,DH,{'DH': 1.0}
19853,Michael King,2026,DH,{'DH': 1.0}
19865,Charlie Barnes,2026,DH,{'DH': 1.0}
19867,Griffin Canning,2026,DH,{'DH': 1.0}
19876,Kevin Ginkel,2026,DH,{'DH': 1.0}
19883,Alex Lange,2026,DH,{'DH': 1.0}
19884,Corbin Martin,2026,DH,{'DH': 1.0}
19911,Jose Suarez,2026,DH,{'DH': 1.0}
19924,Bryan Hudson,2026,DH,{'DH': 1.0}
19926,Tony Santillan,2026,DH,{'DH': 1.0}
19959,Jesus Luzardo,2026,DH,{'DH': 1.0}
19995,Joel Kuhnel,2026,DH,{'DH': 1.0}
19996,Dylan Lee,2026,DH,{'DH': 1.0}
20000,Tyler Wells,2026,DH,{'DH': 1.0}
20020,John Schreiber,2026,DH,{'DH': 1.0}
20023,Rico Garcia,2026,DH,{'DH': 1.0}
20039,Adrian Morejon,2026,DH,{'DH': 1.0}
20070,Bailey Falter,2026,DH,{'DH': 1.0}
20099,Chris Paddack,2026,DH,{'DH': 1.0}
20116,Calvin Faucher,2026,DH,{'DH': 1.0}
20185,Zach Pop,2026,DH,{'DH': 1.0}
20191,Garrett Whitlock,2026,DH,{'DH': 1.0}
20203,Eli Morgan,2026,DH,{'DH': 1.0}
20253,Griffin Jax,2026,DH,{'DH': 1.0}
20302,David Peterson,2026,DH,{'DH': 1.0}
20333,Nick Raquet,2026,DH,{'DH': 1.0}
20348,Riley O'Brien,2026,DH,{'DH': 1.0}
20349,Zack Kelly,2026,DH,{'DH': 1.0}
20373,Andres Munoz,2026,DH,{'DH': 1.0}
20375,Greg Weissert,2026,DH,{'DH': 1.0}
20385,Isaac Mattson,2026,DH,{'DH': 1.0}
20387,Anthony Kay,2026,DH,{'DH': 1.0}
20418,Josh Fleming,2026,DH,{'DH': 1.0}
20422,Jovani Moran,2026,DH,{'DH': 1.0}
20423,Ryan Walker,2026,DH,{'DH': 1.0}
20492,Casey Mize,2026,DH,{'DH': 1.0}
20517,Nick Sandlin,2026,DH,{'DH': 1.0}
20546,Grant Anderson,2026,DH,{'DH': 1.0}
20629,Tyler Phillips,2026,DH,{'DH': 1.0}
20633,Yusei Kikuchi,2026,DH,{'DH': 1.0}
20778,Cristopher Sanchez,2026,DH,{'DH': 1.0}
20827,Michael Petersen,2026,DH,{'DH': 1.0}
20997,Eduard Bazardo,2026,DH,{'DH': 1.0}
21029,Jhoan Duran,2026,DH,{'DH': 1.0}
21052,Luis Gil,2026,DH,{'DH': 1.0}
21189,Brooks Kriske,2026,DH,{'DH': 1.0}
21205,Connor Brogdon,2026,DH,{'DH': 1.0}
21212,J.P. France,2026,DH,{'DH': 1.0}
21224,Bailey Ober,2026,DH,{'DH': 1.0}
21267,Jake Bird,2026,DH,{'DH': 1.0}
21306,Jacob Latz,2026,DH,{'DH': 1.0}
21345,Bennett Sousa,2026,DH,{'DH': 1.0}
21390,Joe Ryan,2026,DH,{'DH': 1.0}
21420,Yerry De Los Santos,2026,DH,{'DH': 1.0}
21446,Ryan Feltner,2026,DH,{'DH': 1.0}
21448,Davis Martin,2026,DH,{'DH': 1.0}
21455,Kris Bubic,2026,DH,{'DH': 1.0}
21461,Cole Sands,2026,DH,{'DH': 1.0}
21483,Shane McClanahan,2026,DH,{'DH': 1.0}
21487,Stephen Kolek,2026,DH,{'DH': 1.0}
21504,Jake Irvin,2026,DH,{'DH': 1.0}
21520,Hogan Harris,2026,DH,{'DH': 1.0}
21537,Daniel Lynch IV,2026,DH,{'DH': 1.0}
21544,Chase Shugart,2026,DH,{'DH': 1.0}
21574,Brendon Little,2026,DH,{'DH': 1.0}
21623,Grant Wolfram,2026,DH,{'DH': 1.0}
21649,Luis Medina,2026,DH,{'DH': 1.0}
21662,Elvis Alvarado,2026,DH,{'DH': 1.0}
21690,Edward Cabrera,2026,DH,{'DH': 1.0}
21741,Javier Assad,2026,DH,{'DH': 1.0}
21846,Cole Ragans,2026,DH,{'DH': 1.0}
21863,George Soriano,2026,DH,{'DH': 1.0}
21894,Gregory Santos,2026,DH,{'DH': 1.0}
21924,Juan Morillo,2026,DH,{'DH': 1.0}
21951,Joel Peguero,2026,DH,{'DH': 1.0}
21992,Camilo Doval,2026,DH,{'DH': 1.0}
22051,John King,2026,DH,{'DH': 1.0}
22100,Jose Soriano,2026,DH,{'DH': 1.0}
22113,Cole Winn,2026,DH,{'DH': 1.0}
22176,Easton McGee,2026,DH,{'DH': 1.0}
22191,Tobias Myers,2026,DH,{'DH': 1.0}
22200,Ryan Rolison,2026,DH,{'DH': 1.0}
22201,MacKenzie Gore,2026,DH,{'DH': 1.0}
22207,DL Hall,2026,DH,{'DH': 1.0}
22210,Jeremiah Estrada,2026,DH,{'DH': 1.0}
22250,Logan Gilbert,2026,DH,{'DH': 1.0}
22264,Shane Baz,2026,DH,{'DH': 1.0}
22267,Tarik Skubal,2026,DH,{'DH': 1.0}
22286,Trevor Rogers,2026,DH,{'DH': 1.0}
22288,Mason Englert,2026,DH,{'DH': 1.0}
22294,Matthew Liberatore,2026,DH,{'DH': 1.0}
22304,Brenan Hanifee,2026,DH,{'DH': 1.0}
22361,Colin Holderman,2026,DH,{'DH': 1.0}
22487,Johan Oviedo,2026,DH,{'DH': 1.0}
22543,Taj Bradley,2026,DH,{'DH': 1.0}
22630,Keider Montero,2026,DH,{'DH': 1.0}
22717,Angel Zerpa,2026,DH,{'DH': 1.0}
22872,Yoendrys Gomez,2026,DH,{'DH': 1.0}
23150,Osvaldo Bido,2026,DH,{'DH': 1.0}
23165,Steven Cruz,2026,DH,{'DH': 1.0}
23237,Juan Mejia,2026,DH,{'DH': 1.0}
23265,Cody Bolton,2026,DH,{'DH': 1.0}
23301,Janson Junk,2026,DH,{'DH': 1.0}
23313,Jose Butto,2026,DH,{'DH': 1.0}
23335,Joey Cantillo,2026,DH,{'DH': 1.0}
23363,Robert Garcia,2026,DH,{'DH': 1.0}
23391,Ricky Vanasco,2026,DH,{'DH': 1.0}
23394,PJ Poulin,2026,DH,{'DH': 1.0}
23455,Hunter Stratton,2026,DH,{'DH': 1.0}
23479,Cam Sanders,2026,DH,{'DH': 1.0}
23488,Ron Marinaccio,2026,DH,{'DH': 1.0}
23499,Keaton Winn,2026,DH,{'DH': 1.0}
23550,Aaron Ashby,2026,DH,{'DH': 1.0}
23590,Ben Brown,2026,DH,{'DH': 1.0}
23779,Justin Bruihl,2026,DH,{'DH': 1.0}
23793,Braxton Ashcraft,2026,DH,{'DH': 1.0}
23796,Ryan Weathers,2026,DH,{'DH': 1.0}
23899,Valente Bellozo,2026,DH,{'DH': 1.0}
23920,Brayan Bello,2026,DH,{'DH': 1.0}
24017,Jose A. Ferrer,2026,DH,{'DH': 1.0}
24282,Kai-Wei Teng,2026,DH,{'DH': 1.0}
24452,Luinder Avila,2026,DH,{'DH': 1.0}
24494,Simeon Woods Richardson,2026,DH,{'DH': 1.0}
24586,Kyle Bradish,2026,DH,{'DH': 1.0}
24591,Joey Gerber,2026,DH,{'DH': 1.0}
24607,Jonathan Bowlan,2026,DH,{'DH': 1.0}
24609,Braydon Fisher,2026,DH,{'DH': 1.0}
24614,Victor Vodnik,2026,DH,{'DH': 1.0}
24621,Ryan Weiss,2026,DH,{'DH': 1.0}
24710,Luis Curvelo,2026,DH,{'DH': 1.0}
24719,Randy Vasquez,2026,DH,{'DH': 1.0}
24728,Mike Burrows,2026,DH,{'DH': 1.0}
24737,Gus Varland,2026,DH,{'DH': 1.0}
24763,Kyle Leahy,2026,DH,{'DH': 1.0}
24862,Ryan Fernandez,2026,DH,{'DH': 1.0}
24930,Ethan Roberts,2026,DH,{'DH': 1.0}
24937,Austin Warren,2026,DH,{'DH': 1.0}
24975,Cooper Criswell,2026,DH,{'DH': 1.0}
24978,Erik Sabrowski,2026,DH,{'DH': 1.0}
24993,Kody Funderburk,2026,DH,{'DH': 1.0}
24995,Evan Sisk,2026,DH,{'DH': 1.0}
25007,Alex Vesia,2026,DH,{'DH': 1.0}
25098,Jacob Lopez,2026,DH,{'DH': 1.0}
25139,Tim Herrin,2026,DH,{'DH': 1.0}
25215,Yaramil Hiraldo,2026,DH,{'DH': 1.0}
25310,Peyton Gray,2026,DH,{'DH': 1.0}
25311,Roddery Munoz,2026,DH,{'DH': 1.0}
25327,Abner Uribe,2026,DH,{'DH': 1.0}
25376,Nick Mears,2026,DH,{'DH': 1.0}
25377,Brady Singer,2026,DH,{'DH': 1.0}
25385,Drew Rasmussen,2026,DH,{'DH': 1.0}
25420,Ryan Zeferjahn,2026,DH,{'DH': 1.0}
25427,Gavin Hollowell,2026,DH,{'DH': 1.0}
25436,George Kirby,2026,DH,{'DH': 1.0}
25463,Brandon Williamson,2026,DH,{'DH': 1.0}
25501,Paxton Schultz,2026,DH,{'DH': 1.0}
25550,Matt Waldron,2026,DH,{'DH': 1.0}
25582,Brady Basso,2026,DH,{'DH': 1.0}
25620,Luis Mey,2026,DH,{'DH': 1.0}
25636,Hunter Gaddis,2026,DH,{'DH': 1.0}
25648,Justin Slaten,2026,DH,{'DH': 1.0}
25679,Kevin Kelly,2026,DH,{'DH': 1.0}
25703,Zak Kent,2026,DH,{'DH': 1.0}
25756,Matt Brash,2026,DH,{'DH': 1.0}
25796,Anthony Nunez,2026,DH,{'DH': 1.0}
25880,Hunter Brown,2026,DH,{'DH': 1.0}
25890,Bryan King,2026,DH,{'DH': 1.0}
25911,Yennier Cano,2026,DH,{'DH': 1.0}
25921,Casey Legumina,2026,DH,{'DH': 1.0}
25942,Andrew Nardi,2026,DH,{'DH': 1.0}
26020,Seth Johnson,2026,DH,{'DH': 1.0}
26108,Andre Pallante,2026,DH,{'DH': 1.0}
26213,Caleb Kilian,2026,DH,{'DH': 1.0}
26214,Chris Murphy,2026,DH,{'DH': 1.0}
26215,Jackson Rutledge,2026,DH,{'DH': 1.0}
26231,Tyler Holton,2026,DH,{'DH': 1.0}
26247,Orlando Ribalta,2026,DH,{'DH': 1.0}
26252,Erik Miller,2026,DH,{'DH': 1.0}
26253,Ryne Nelson,2026,DH,{'DH': 1.0}
26259,Hunter Bigge,2026,DH,{'DH': 1.0}
26344,Taylor Rashi,2026,DH,{'DH': 1.0}
26349,Gavin Collyer,2026,DH,{'DH': 1.0}
26429,Cody Laweryson,2026,DH,{'DH': 1.0}
26440,Ryan Gusto,2026,DH,{'DH': 1.0}
26443,Sam Aldegheri,2026,DH,{'DH': 1.0}
26448,Trevor McDonald,2026,DH,{'DH': 1.0}
26482,Jayden Murray,2026,DH,{'DH': 1.0}
26790,Angel Chivilli,2026,DH,{'DH': 1.0}
26944,Edgardo Henriquez,2026,DH,{'DH': 1.0}
26952,Anthony Molina,2026,DH,{'DH': 1.0}
27014,Jose Franco,2026,DH,{'DH': 1.0}
27407,Rolddy Munoz,2026,DH,{'DH': 1.0}
27463,Garrett Crochet,2026,DH,{'DH': 1.0}
27468,Reid Detmers,2026,DH,{'DH': 1.0}
27470,Emerson Hancock,2026,DH,{'DH': 1.0}
27472,Jared Shuster,2026,DH,{'DH': 1.0}
27473,Cade Cavalli,2026,DH,{'DH': 1.0}
27474,Max Meyer,2026,DH,{'DH': 1.0}
27481,Cole Wilcox,2026,DH,{'DH': 1.0}
27494,Clayton Beeter,2026,DH,{'DH': 1.0}
27498,Spencer Strider,2026,DH,{'DH': 1.0}
27500,Slade Cecconi,2026,DH,{'DH': 1.0}
27514,Kyle Hurt,2026,DH,{'DH': 1.0}
27517,Jared Koenig,2026,DH,{'DH': 1.0}
27552,Graham Ashcraft,2026,DH,{'DH': 1.0}
27570,Cole Henry,2026,DH,{'DH': 1.0}
27572,Carmen Mlodzinski,2026,DH,{'DH': 1.0}
27583,Garrett Acton,2026,DH,{'DH': 1.0}
27590,Jake Eder,2026,DH,{'DH': 1.0}
27626,Eric Orze,2026,DH,{'DH': 1.0}
27636,Mitchell Parker,2026,DH,{'DH': 1.0}
27649,Connor Phillips,2026,DH,{'DH': 1.0}
27662,Christian Roa,2026,DH,{'DH': 1.0}
27668,Brandon Eisert,2026,DH,{'DH': 1.0}
27669,Tanner Gordon,2026,DH,{'DH': 1.0}
27681,Ken Waldichuk,2026,DH,{'DH': 1.0}
27688,Jack Kochanowicz,2026,DH,{'DH': 1.0}
27691,Louie Varland,2026,DH,{'DH': 1.0}
27694,Justin Sterner,2026,DH,{'DH': 1.0}
27702,Brent Headrick,2026,DH,{'DH': 1.0}
27707,Mitch Spence,2026,DH,{'DH': 1.0}
27756,Mick Abel,2026,DH,{'DH': 1.0}
27758,Kyle Harrison,2026,DH,{'DH': 1.0}
27768,Eury Perez,2026,DH,{'DH': 1.0}
27775,Kyle Nicolas,2026,DH,{'DH': 1.0}
27779,Bryce Elder,2026,DH,{'DH': 1.0}
27782,Brandon Pfaadt,2026,DH,{'DH': 1.0}
27787,Will Klein,2026,DH,{'DH': 1.0}
27814,Shane Drohan,2026,DH,{'DH': 1.0}
27819,Brandon Young,2026,DH,{'DH': 1.0}
27853,Ryan Watson,2026,DH,{'DH': 1.0}
27867,Cade Smith,2026,DH,{'DH': 1.0}
27889,J.T. Ginn,2026,DH,{'DH': 1.0}
27914,Daniel Palencia,2026,DH,{'DH': 1.0}
27932,Ian Seymour,2026,DH,{'DH': 1.0}
28036,Luke Little,2026,DH,{'DH': 1.0}
28901,Wilber Dotel,2026,DH,{'DH': 1.0}
29107,Bradgley Rodriguez,2026,DH,{'DH': 1.0}
29114,Jedixson Paez,2026,DH,{'DH': 1.0}
29357,Walbert Urena,2026,DH,{'DH': 1.0}
29519,Gordon Graceffo,2026,DH,{'DH': 1.0}
29542,Andre Granillo,2026,DH,{'DH': 1.0}
29574,Chase Lee,2026,DH,{'DH': 1.0}
29608,Joe Boyle,2026,DH,{'DH': 1.0}
29615,Kyle Backhus,2026,DH,{'DH': 1.0}
29628,Alek Jacob,2026,DH,{'DH': 1.0}
29629,Matt Svanson,2026,DH,{'DH': 1.0}
29633,Andrew Hoffmann,2026,DH,{'DH': 1.0}
29754,Sam Bachman,2026,DH,{'DH': 1.0}
29770,Mason Montgomery,2026,DH,{'DH': 1.0}
29839,Emmet Sheehan,2026,DH,{'DH': 1.0}
29868,Bubba Chandler,2026,DH,{'DH': 1.0}
29869,Michael McGreevy,2026,DH,{'DH': 1.0}
29878,Sean Burke,2026,DH,{'DH': 1.0}
29911,Andrew Abbott,2026,DH,{'DH': 1.0}
29914,Andrew Alvarez,2026,DH,{'DH': 1.0}
29921,Spencer Arrighetti,2026,DH,{'DH': 1.0}
29928,Dylan Dodd,2026,DH,{'DH': 1.0}
29934,Riley Martin,2026,DH,{'DH': 1.0}
29950,Jordan Leasure,2026,DH,{'DH': 1.0}
30055,Cade Povich,2026,DH,{'DH': 1.0}
30074,Chase Silseth,2026,DH,{'DH': 1.0}
30076,Landen Roupp,2026,DH,{'DH': 1.0}
30081,Tyler Samaniego,2026,DH,{'DH': 1.0}
30085,Ben Casparius,2026,DH,{'DH': 1.0}
30086,Jack Anderson,2026,DH,{'DH': 1.0}
30091,Andrew Painter,2026,DH,{'DH': 1.0}
30107,Christian Scott,2026,DH,{'DH': 1.0}
30113,Chad Patrick,2026,DH,{'DH': 1.0}
30115,Robert Suarez,2026,DH,{'DH': 1.0}
30122,Gavin Williams,2026,DH,{'DH': 1.0}
30133,Brant Hurter,2026,DH,{'DH': 1.0}
30134,Tanner Bibee,2026,DH,{'DH': 1.0}
30140,Ty Madden,2026,DH,{'DH': 1.0}
30146,Jack Leiter,2026,DH,{'DH': 1.0}
30161,Carlos Rodriguez,2026,DH,{'DH': 1.0}
30170,Chase Petty,2026,DH,{'DH': 1.0}
30171,Mason Black,2026,DH,{'DH': 1.0}
30182,Will Warren,2026,DH,{'DH': 1.0}
30184,Noah Cameron,2026,DH,{'DH': 1.0}
30231,Carter Baumler,2026,DH,{'DH': 1.0}
30240,Hunter Dobbins,2026,DH,{'DH': 1.0}
30249,Jack Dreyer,2026,DH,{'DH': 1.0}
30250,Jaden Hill,2026,DH,{'DH': 1.0}
30279,Bryan Woo,2026,DH,{'DH': 1.0}
30661,Didier Fuentes,2026,DH,{'DH': 1.0}
31204,Justin Wrobleski,2026,DH,{'DH': 1.0}
31261,Chris Roycroft,2026,DH,{'DH': 1.0}
31312,Colton Gordon,2026,DH,{'DH': 1.0}
31468,Jackson Perkins,2026,DH,{'DH': 1.0}
31475,Logan Henderson,2026,DH,{'DH': 1.0}
31552,Zach Agnos,2026,DH,{'DH': 1.0}
31553,Mason Fluharty,2026,DH,{'DH': 1.0}
31610,Zach Maxwell,2026,DH,{'DH': 1.0}
31616,David Morgan,2026,DH,{'DH': 1.0}
31621,Spencer Miles,2026,DH,{'DH': 1.0}
31623,Jacob Misiorowski,2026,DH,{'DH': 1.0}
31624,Brian Fitzpatrick,2026,DH,{'DH': 1.0}
31687,Shane Smith,2026,DH,{'DH': 1.0}
31701,Blade Tidwell,2026,DH,{'DH': 1.0}
31730,Jonathan Cannon,2026,DH,{'DH': 1.0}
31741,Mason Barnett,2026,DH,{'DH': 1.0}
31757,Mason Miller,2026,DH,{'DH': 1.0}
31760,JR Ritchie,2026,DH,{'DH': 1.0}
31764,A.J. Blubaugh,2026,DH,{'DH': 1.0}
31776,Orion Kerkering,2026,DH,{'DH': 1.0}
31815,Cade Gibson,2026,DH,{'DH': 1.0}
31838,Kodai Senga,2026,DH,{'DH': 1.0}
31843,Kumar Rocker,2026,DH,{'DH': 1.0}
31857,Connor Prielipp,2026,DH,{'DH': 1.0}
31865,Peyton Pallette,2026,DH,{'DH': 1.0}
31872,Cade Horton,2026,DH,{'DH': 1.0}
31878,Trevor Martin,2026,DH,{'DH': 1.0}
31880,Alex Hoppe,2026,DH,{'DH': 1.0}
31891,Andrew Morris,2026,DH,{'DH': 1.0}
31942,Cameron Foster,2026,DH,{'DH': 1.0}
31972,Brad Lord,2026,DH,{'DH': 1.0}
31986,Parker Messick,2026,DH,{'DH': 1.0}
32056,Noah Schultz,2026,DH,{'DH': 1.0}
32095,Cameron Schlittler,2026,DH,{'DH': 1.0}
32227,Luis Morales,2026,DH,{'DH': 1.0}
33174,Hunter Barco,2026,DH,{'DH': 1.0}
33294,Seth Halvorsen,2026,DH,{'DH': 1.0}
33482,Chase Dollander,2026,DH,{'DH': 1.0}
33568,Brandyn Garcia,2026,DH,{'DH': 1.0}
33628,Mitch Farris,2026,DH,{'DH': 1.0}
33666,Connelly Early,2026,DH,{'DH': 1.0}
33677,Paul Skenes,2026,DH,{'DH': 1.0}
33703,Nolan McLean,2026,DH,{'DH': 1.0}
33785,Joshua Ekness,2026,DH,{'DH': 1.0}
33821,Philip Abner,2026,DH,{'DH': 1.0}
33825,Yoshinobu Yamamoto,2026,DH,{'DH': 1.0}
33829,Shota Imanaga,2026,DH,{'DH': 1.0}
33850,Brandon Sproat,2026,DH,{'DH': 1.0}
33876,Rhett Lowder,2026,DH,{'DH': 1.0}
33908,Jose Fermin,2026,DH,{'DH': 1.0}
33927,Grant Taylor,2026,DH,{'DH': 1.0}
34847,Tyler Davis,2026,DH,{'DH': 1.0}
35321,Tomoyuki Sugano,2026,DH,{'DH': 1.0}
35323,Roki Sasaki,2026,DH,{'DH': 1.0}
35325,Ryan Johnson,2026,DH,{'DH': 1.0}
35333,Chase Burns,2026,DH,{'DH': 1.0}
35456,Trey Yesavage,2026,DH,{'DH': 1.0}
35466,Payton Tolle,2026,DH,{'DH': 1.0}
37124,Tatsuya Imai,2026,DH,{'DH': 1.0}
