Name,Season,Age,Role,IDfg,FIP,SIERA,K%,BB%,HR/9,BABIP,LOB%,SwStr%,Contact%,O-Swing%,Z-Contact%,F-Strike%,Zone%,CSW%,CStr%,GB%,FB%,IFFB%,HR/FB,Soft%,Med%,Hard%,Stuff+,Location+,Pitching+,FBv,EV,LA,Barrel%,HardHit%
Paul Skenes,2026,24,SP,33677,3.0466053,3.2550297,0.3032847,0.06397613,0.95302373,0.27909005,0.77450824,0.14071402,0.7129462,0.34926823,0.8312312,0.63626564,0.42813677,0.3049798,0.16583392,0.45325908,0.33858082,0.096559346,0.12669449,0.1766796,0.5207698,0.30654788,115.20125,102.844925,106.34229,96.35193,88.00537,10.6666355,0.06803574,0.35497445
Tyler Glasnow,2026,32,SP,14374,3.1371093,3.342866,0.2952505,0.06417063,1.0406406,0.27798092,0.7721263,0.13310248,0.7182835,0.33792695,0.8450339,0.64131695,0.44286367,0.3077295,0.17230266,0.46005744,0.34759784,0.0913262,0.1315051,0.1658027,0.52063113,0.32407707,115.80311,102.246124,106.00787,95.873,88.9173,10.83515,0.07247444,0.38227335
Zack Wheeler,2026,36,SP,10310,3.188998,3.198112,0.30601618,0.052002672,1.1263552,0.26992208,0.8173255,0.14164506,0.7230335,0.35943738,0.81777745,0.6456391,0.4280223,0.2944501,0.15002526,0.3683571,0.43881148,0.12942466,0.109995306,0.18923113,0.5158211,0.29273164,116.93503,103.701546,107.57331,96.20362,87.970146,17.82689,0.077061735,0.3483835
Tarik Skubal,2026,29,SP,22267,3.2812371,3.3138628,0.30169487,0.060364164,1.1236913,0.274875,0.79034495,0.13598038,0.7281675,0.3478983,0.8313914,0.64698267,0.43919393,0.30056956,0.16521582,0.4074378,0.39106312,0.10612631,0.12436999,0.17537622,0.5206065,0.3084359,112.93223,103.284935,106.14585,95.619415,88.274826,14.011977,0.07560956,0.36115828
Yoshinobu Yamamoto,2026,27,SP,33825,3.468366,3.5879686,0.26819834,0.06837278,1.0418154,0.29448828,0.7460021,0.124254994,0.7390891,0.32779005,0.8595014,0.63213825,0.43132624,0.30093518,0.17820117,0.47933143,0.31451643,0.08154829,0.13305636,0.15437636,0.5241562,0.3293941,106.63689,101.56758,102.92834,94.62288,88.9243,9.143763,0.07187736,0.3881097
Blake Snell,2026,33,SP,13543,3.505819,3.507207,0.30068704,0.08131297,1.095778,0.2790594,0.7836069,0.14582099,0.7077673,0.3431109,0.8246875,0.60784656,0.37872684,0.28971142,0.14696568,0.40117118,0.3998812,0.10899107,0.121849366,0.18007566,0.53180605,0.28922084,113.69403,101.12385,105.53736,95.73499,88.00336,15.502872,0.07957666,0.3572272
Michael King,2026,31,SP,19853,3.5208275,3.523545,0.28350613,0.05902463,1.1372617,0.27829707,0.78940403,0.12959082,0.73706627,0.34075955,0.83431816,0.63912326,0.4217086,0.30203882,0.1772969,0.40278322,0.38451207,0.11178154,0.12118045,0.18161751,0.5231557,0.2981596,107.10915,103.41865,104.293495,92.58202,87.416145,15.138906,0.071627825,0.33846152
Chris Sale,2026,37,SP,10603,3.5386212,3.4475374,0.28548414,0.056927722,1.1738105,0.28016174,0.802015,0.13454208,0.7343527,0.34925273,0.8305246,0.64202523,0.42017502,0.29695684,0.16685638,0.39392287,0.39775667,0.115991585,0.11590649,0.18188475,0.53425723,0.29018435,107.48226,103.03629,103.872734,92.88802,87.57038,15.558518,0.07579517,0.34340712
Corbin Burnes,2026,31,SP,19361,3.5487413,3.625118,0.27646303,0.06014865,1.0809175,0.27763057,0.7764255,0.13010883,0.7390534,0.35414165,0.8382719,0.6313566,0.41193312,0.28672943,0.15883568,0.43696415,0.35513133,0.10313171,0.12040645,0.18107827,0.5267349,0.29714316,112.33311,103.389946,106.01054,95.64585,87.68589,12.551436,0.07041776,0.34309956
Cristopher Sanchez,2026,29,SP,20778,3.558408,3.8195474,0.23766367,0.062277008,0.9726638,0.29912362,0.7419601,0.11338828,0.7573821,0.33248007,0.8692395,0.62955815,0.41265422,0.29328084,0.18064532,0.51912546,0.27067053,0.07450832,0.13350265,0.16299547,0.52782875,0.3185907,102.88946,102.19509,102.14964,92.75383,88.24162,6.62419,0.06280578,0.36686778
Garrett Crochet,2026,27,SP,27463,3.5708427,3.512258,0.3029405,0.08679891,1.1240532,0.28178945,0.7740344,0.14214757,0.70420957,0.32875824,0.8287222,0.6106739,0.40789327,0.29521045,0.15442643,0.40603554,0.39550695,0.09803329,0.13206404,0.16654256,0.51684815,0.31875876,115.56432,100.400246,105.480774,96.68233,88.990105,14.484112,0.08155075,0.3819121
Spencer Schwellenbach,2026,26,SP,31846,3.6460462,3.60265,0.27856508,0.06232875,1.2056818,0.28014892,0.7625922,0.12579423,0.7467893,0.33572188,0.8414301,0.6464206,0.44551182,0.2882374,0.1647097,0.406451,0.39052865,0.10072029,0.13138059,0.16869543,0.51188016,0.32450742,108.58759,103.02677,104.80179,95.70225,88.64059,13.990685,0.077945106,0.37072408
Jose Soriano,2026,27,SP,22100,3.6708126,3.8955564,0.25093132,0.09043062,0.9682566,0.29665834,0.7350295,0.12043937,0.73077345,0.31328923,0.87004995,0.5945318,0.39733168,0.2928583,0.17714903,0.53884745,0.25546846,0.066382475,0.14497024,0.14648393,0.53660023,0.3284314,103.2613,99.30135,100.45062,94.576614,89.04551,5.874522,0.06763689,0.39324602
Logan Webb,2026,29,SP,17995,3.6768835,3.9129956,0.22951299,0.06473543,0.98135084,0.30214056,0.73694897,0.106368914,0.7649839,0.321303,0.88151133,0.62440497,0.41833764,0.29301363,0.18631741,0.5351966,0.26028,0.06970147,0.1381682,0.15661368,0.52706885,0.33047011,102.03472,101.53893,101.71802,92.57017,88.84369,5.75431,0.06506757,0.3877585
Hunter Brown,2026,27,SP,25880,3.6889806,3.8339534,0.2507328,0.078530274,1.0196196,0.29393315,0.74060714,0.118663214,0.7450473,0.32400373,0.86234117,0.60981464,0.41346812,0.2893764,0.17270716,0.49627492,0.2977985,0.08030614,0.13223866,0.15986517,0.52210367,0.3225672,105.14961,100.90027,102.18929,94.80333,88.54702,8.494813,0.06772487,0.3735265
Framber Valdez,2026,32,SP,17295,3.6958072,4.0405016,0.23179819,0.08441453,0.90486366,0.292992,0.7348991,0.11338525,0.7438265,0.3145849,0.8733186,0.59621173,0.39567566,0.2863085,0.17722687,0.57833624,0.22109544,0.06100602,0.14699598,0.15698235,0.5310903,0.3242182,102.22431,99.56039,100.63361,93.43765,88.66339,3.4928913,0.059767697,0.37397775
Grayson Rodriguez,2026,26,SP,24492,3.7305775,3.6781032,0.27526855,0.079546094,1.1662261,0.2887081,0.74999183,0.12652773,0.73379207,0.3253201,0.84692115,0.62361836,0.42904818,0.28779832,0.16288048,0.42195657,0.37379706,0.09267961,0.13246852,0.15699308,0.5159752,0.33056584,110.37679,101.15503,104.07712,96.30674,89.142494,12.8904085,0.079754665,0.39092013
Jared Jones,2026,24,SP,27863,3.839291,3.687842,0.28217635,0.08365881,1.2053505,0.2846263,0.7538184,0.12932703,0.728066,0.32063895,0.84116775,0.6184938,0.42654794,0.28732836,0.15917759,0.40009785,0.40303034,0.09646203,0.13276988,0.15817024,0.5121495,0.33205795,112.08337,100.732574,104.50934,96.740295,89.316086,14.590932,0.08236251,0.39262813
Logan Gilbert,2026,29,SP,22250,3.8731177,3.7421443,0.27047288,0.07523458,1.2221045,0.28674543,0.74998176,0.126573,0.739275,0.33329076,0.84535843,0.6326057,0.4240245,0.28153872,0.15700383,0.4048699,0.39453465,0.09740394,0.13050094,0.16045928,0.5192684,0.32572785,108.38924,101.51005,103.89717,95.571304,89.05608,14.317176,0.081576064,0.38572422
Max Fried,2026,32,SP,13743,3.904497,4.1526146,0.22261655,0.07730436,0.91249907,0.29888195,0.739621,0.1090674,0.7591284,0.32036468,0.8721566,0.5988557,0.3805841,0.27851957,0.17676282,0.5388961,0.2503953,0.070599504,0.13801718,0.16118966,0.53456944,0.3119517,98.15389,100.611916,100.162415,91.826706,87.92962,5.698123,0.061160635,0.358252
Dylan Cease,2026,30,SP,18525,3.919566,3.7821271,0.27933326,0.08754654,1.2378135,0.2825124,0.7651578,0.13091707,0.7237912,0.3288264,0.8368688,0.6074547,0.3988364,0.27862644,0.14863339,0.3871905,0.4110667,0.10156524,0.1279338,0.16845223,0.5160882,0.3166,110.28971,100.50147,104.37311,95.97034,88.77968,15.834432,0.0825215,0.37561107
Hunter Greene,2026,26,SP,22182,3.9210746,3.6981497,0.28428975,0.0830027,1.2901824,0.27581745,0.77635366,0.13102853,0.73264855,0.3294628,0.8302439,0.6125594,0.41006774,0.27928466,0.14778753,0.35691234,0.44399184,0.10999323,0.12393961,0.1723126,0.511218,0.31436944,112.57168,101.377,105.56797,96.6584,88.680534,17.908182,0.08342658,0.36997643
Keaton Winn,2026,28,SP,23499,3.9332087,3.9248981,0.23853748,0.07704428,1.1349751,0.30292514,0.7261664,0.11932196,0.75129175,0.3211111,0.8722016,0.62218755,0.41804156,0.2828694,0.16648297,0.4903938,0.30160955,0.07727775,0.13962036,0.14050585,0.5286514,0.33372793,102.51944,100.17856,100.530624,95.02927,89.541405,8.644569,0.07589519,0.408755
Cole Ragans,2026,28,SP,21846,3.9513855,3.7741528,0.28261676,0.0869196,1.2434579,0.28419796,0.76299053,0.13312091,0.7229509,0.3295647,0.83360726,0.6052301,0.39371938,0.27910048,0.14753826,0.38524055,0.41095868,0.1042746,0.12763096,0.17187542,0.5179546,0.3126405,107.1021,100.68311,103.86832,95.55926,88.518906,15.99451,0.08298286,0.36999983
Tanner Houck,2026,30,SP,19879,3.966756,4.1111608,0.22360559,0.08260155,1.0505185,0.30253902,0.72818434,0.110412315,0.75645113,0.31512788,0.8799922,0.6028809,0.39601064,0.28118625,0.17533953,0.53867,0.25537053,0.065887116,0.14687148,0.1474703,0.5321806,0.3315444,98.71414,99.89226,99.74987,93.241295,88.99599,5.726658,0.06827795,0.39123628
Bobby Miller,2026,27,SP,27483,3.9709787,3.904451,0.25256544,0.07893487,1.1744242,0.29202044,0.74017817,0.12030084,0.74874514,0.32406637,0.85551,0.6186429,0.4239729,0.2785628,0.16104105,0.43633068,0.35996664,0.09157352,0.13482092,0.15556744,0.5134613,0.33074796,106.461075,100.89523,102.89859,95.92934,89.03221,12.048223,0.07711043,0.38509977
Shane Baz,2026,27,SP,22264,4.0199404,3.8053014,0.27827772,0.085552946,1.2946719,0.28242832,0.7609949,0.12625429,0.7324767,0.31441996,0.83943594,0.6106128,0.42389616,0.2817632,0.15613279,0.37157977,0.4326742,0.10303975,0.13155296,0.16212691,0.503634,0.33433732,110.207924,100.60821,104.080124,96.14072,89.362404,16.79403,0.08491581,0.3894042
Ryan Pepiot,2026,28,SP,26221,4.022062,3.7674925,0.27447316,0.075906195,1.3453395,0.2745103,0.77809316,0.13059416,0.74394774,0.3336632,0.82871115,0.617975,0.40865606,0.2749861,0.14638776,0.3439454,0.4679955,0.11772994,0.11959789,0.17716362,0.51411957,0.30839327,106.9479,101.65633,104.66428,95.36049,88.39274,19.493803,0.08505149,0.36040857
Nick Lodolo,2026,28,SP,26378,4.0561385,3.9765675,0.23517773,0.06865732,1.2281729,0.3017721,0.731317,0.11387538,0.76302785,0.32613942,0.8679323,0.6319241,0.4195944,0.2822762,0.17273264,0.44283128,0.34841987,0.090137884,0.13119192,0.150902,0.52425593,0.33083263,96.923836,101.353935,100.01164,93.03738,89.22748,11.796628,0.081110075,0.39573234
George Kirby,2026,28,SP,25436,4.059251,3.94319,0.24170075,0.06072947,1.294064,0.28338945,0.743595,0.11248768,0.7735168,0.3330636,0.85971063,0.6470874,0.44074717,0.274796,0.16481625,0.40938517,0.39268655,0.10097524,0.1294877,0.16085424,0.51570666,0.32745132,102.192276,102.87731,103.04643,94.59055,88.85749,14.138568,0.08154615,0.37888247
Reynaldo Lopez,2026,32,SP,16400,4.0763707,3.802319,0.2704962,0.07858213,1.3171681,0.28338656,0.77198833,0.12860924,0.73821694,0.3293953,0.8405115,0.6164399,0.40952194,0.27736473,0.14939755,0.37387383,0.4332692,0.10670928,0.1249168,0.1650579,0.51432836,0.31884453,106.78512,100.96918,103.26027,95.435814,88.85912,16.780607,0.08541669,0.3759256
Justin Steele,2026,30,SP,17312,4.08121,4.065248,0.23768704,0.06326329,1.293447,0.29072514,0.75189316,0.10933356,0.7741334,0.32948908,0.86007893,0.6366075,0.42951554,0.2769111,0.17120343,0.42146045,0.37008673,0.09982323,0.13121885,0.16719346,0.50929415,0.3242208,99.7119,102.569176,102.03752,92.8112,88.175095,13.425037,0.07570934,0.35947457
Yusei Kikuchi,2026,35,SP,20633,4.086695,3.822036,0.2619633,0.076782264,1.2805469,0.28632405,0.7527194,0.12437444,0.7414152,0.323663,0.8496342,0.6284155,0.42452207,0.28016135,0.1584685,0.40297872,0.40164873,0.09705978,0.13299322,0.15420194,0.51832116,0.3359018,106.63557,100.51811,102.42308,95.13553,89.49828,14.510059,0.08410813,0.3934259
Gerrit Cole,2026,35,SP,13125,4.1053295,3.840648,0.25961825,0.06679396,1.3515719,0.2726133,0.7786993,0.12198403,0.75389564,0.33316442,0.84069055,0.6335663,0.4298942,0.27347243,0.15120493,0.36045682,0.4589502,0.11387811,0.12319581,0.17121425,0.51318175,0.31812128,108.35392,102.15553,104.77789,95.58255,88.71135,18.331926,0.08469247,0.3689773
Zach Eflin,2026,32,SP,13774,4.1100545,4.1453056,0.2093661,0.052124403,1.2920978,0.2879307,0.7348854,0.10042981,0.7931729,0.33443695,0.87515235,0.6514419,0.4300834,0.28081548,0.184367,0.4275008,0.37121907,0.105216645,0.12808968,0.1621654,0.51743287,0.32466114,94.50577,103.088104,100.986496,90.25698,88.33199,13.717976,0.08195008,0.36834237
Mitch Keller,2026,30,SP,17594,4.114973,4.1175523,0.22653084,0.06733501,1.2709014,0.2957639,0.73368394,0.10456166,0.7802639,0.3189883,0.87412125,0.6315458,0.4304962,0.27713975,0.17551406,0.42946142,0.36612663,0.094924465,0.13143894,0.15317772,0.50860286,0.33961484,99.15951,101.76818,101.22434,93.02265,89.11657,12.991077,0.08112401,0.38974446
Clarke Schmidt,2026,30,SP,19899,4.120327,3.8972416,0.2703849,0.082568906,1.3573811,0.281322,0.75969785,0.12395218,0.74239224,0.320962,0.8388681,0.6202216,0.42342263,0.27930048,0.15825602,0.36515364,0.4398875,0.10513065,0.13293552,0.16635336,0.508904,0.32721516,106.84402,101.20191,103.67637,94.84503,88.898,17.472021,0.084301256,0.37791175
Sonny Gray,2026,36,SP,12768,4.1246066,4.001743,0.23650983,0.069148704,1.2598639,0.29526582,0.75423276,0.11550775,0.75801915,0.3262317,0.8641749,0.6265754,0.41052586,0.2849093,0.1727807,0.44193357,0.35327876,0.089129865,0.13618332,0.15355065,0.5267712,0.325938,100.20974,101.01059,100.58745,92.208176,88.83835,12.375279,0.07853327,0.37710032
Joe Boyle,2026,26,SP,29608,4.130534,3.9452004,0.26939678,0.08521715,1.3441142,0.28388605,0.75630885,0.12330822,0.741068,0.31933507,0.83908325,0.6102478,0.41149145,0.27597275,0.15457185,0.366092,0.4310914,0.10409191,0.13425143,0.16605407,0.506648,0.32883096,105.08649,100.664734,103.19651,94.93276,88.81789,17.281996,0.08446321,0.37704533
Jack Flaherty,2026,30,SP,17479,4.1404605,4.197821,0.2416683,0.08506695,1.2301909,0.30166796,0.74143153,0.11542551,0.7459445,0.32161435,0.8622043,0.6017872,0.37922832,0.27972403,0.16737273,0.4485185,0.34137458,0.08625205,0.13850957,0.1517639,0.53267586,0.3231543,95.228874,100.62241,99.3702,92.05864,88.60983,11.698339,0.078636415,0.38388145
Taj Bradley,2026,25,SP,22543,4.1430645,3.9231353,0.2677127,0.08804011,1.2987565,0.2862512,0.74971956,0.123972565,0.73543215,0.31596524,0.84331435,0.60909003,0.41645968,0.2787992,0.1567055,0.38216183,0.4178628,0.10002772,0.13277882,0.15607339,0.50785625,0.33667868,106.650055,100.26183,103.12957,95.615395,89.481674,15.967632,0.08561553,0.39435256
Pablo Lopez,2026,30,SP,17085,4.1475434,3.9586537,0.2435638,0.06455507,1.3062975,0.2846126,0.7523318,0.11731783,0.76435024,0.34028584,0.8530455,0.6411957,0.42158997,0.27256426,0.15920855,0.39939976,0.40345907,0.10428584,0.12402791,0.16233546,0.5267393,0.31459588,100.779755,102.41769,102.36711,94.09446,88.61948,14.6582575,0.082484156,0.37271672
Joe Musgrove,2026,33,SP,12970,4.1486063,4.022758,0.22832647,0.061767112,1.2905178,0.29220852,0.7466599,0.111578934,0.7692886,0.33412325,0.86410534,0.6393229,0.42005107,0.27895063,0.17192987,0.42476535,0.37333292,0.098210275,0.12905869,0.15660457,0.52544856,0.32076433,97.70768,102.0606,101.00709,92.17499,88.6908,13.46772,0.08143758,0.3777219
Brayan Bello,2026,27,SP,23920,4.1519117,4.20889,0.21448229,0.08190733,1.103064,0.30355123,0.71826893,0.10965715,0.7625647,0.31655443,0.8800562,0.60457456,0.3947375,0.27192235,0.1664594,0.5254273,0.26649773,0.070694126,0.14800248,0.1466498,0.52650887,0.33106825,95.776245,99.88078,99.148125,93.74288,89.06669,6.58863,0.07106728,0.39551377
David Festa,2026,26,SP,30056,4.1635675,3.9624028,0.26538068,0.08711728,1.3355469,0.29048443,0.74458754,0.122368395,0.73822474,0.31726062,0.8462256,0.61099464,0.4146336,0.27882323,0.15960859,0.3843323,0.40879852,0.09846763,0.13589427,0.15812531,0.50852567,0.33650893,104.244026,100.39405,102.344765,94.83227,89.21083,15.483453,0.08458228,0.38987702
Spencer Arrighetti,2026,26,SP,29921,4.1779923,3.997362,0.27462164,0.090924524,1.3981745,0.28703272,0.75315434,0.12279449,0.73530716,0.30587232,0.8413178,0.60023963,0.41986302,0.28082883,0.16176546,0.36386052,0.4325588,0.102620095,0.13619916,0.1599389,0.50034237,0.34355113,103.511116,99.914246,102.20905,94.67692,89.350136,17.004929,0.085365176,0.38978326
Bryan Woo,2026,26,SP,30279,4.190481,3.9883451,0.25830957,0.078362115,1.3448421,0.28385413,0.752293,0.11787583,0.7573693,0.32143816,0.8446976,0.6228631,0.42734337,0.27295214,0.15889303,0.37447202,0.42499945,0.10538863,0.13099764,0.16648743,0.50701725,0.32920098,103.436844,101.83006,102.98401,94.81745,88.816414,16.648678,0.08279311,0.37231138
MacKenzie Gore,2026,27,SP,22201,4.192539,3.9887664,0.26168802,0.089132816,1.2720113,0.28899866,0.7448617,0.12269938,0.7363754,0.3167478,0.847917,0.6031076,0.40656996,0.27382198,0.15477853,0.39856586,0.3956636,0.09872348,0.13268411,0.15771213,0.5079628,0.33404443,103.68316,100.0077,102.15092,95.302086,89.3578,14.709746,0.08468919,0.3905382
Edward Cabrera,2026,28,SP,21690,4.1941557,4.1728163,0.23723543,0.09361533,1.1854588,0.30002853,0.7206142,0.11752342,0.742877,0.31226557,0.8704687,0.5907114,0.3841084,0.27653715,0.1637099,0.48337057,0.30340844,0.07558877,0.14973252,0.14329334,0.52779096,0.3333904,97.00029,99.19272,98.69635,93.93551,89.20324,8.971233,0.07609405,0.39894876
Reid Detmers,2026,26,SP,27468,4.20041,3.993696,0.27480283,0.09107648,1.3773429,0.28676072,0.75193053,0.12431326,0.7325659,0.31129268,0.8392794,0.60205895,0.4122282,0.2798006,0.15796396,0.36544377,0.43064848,0.102585554,0.13446389,0.15962833,0.5058477,0.33861122,103.76351,99.90176,102.27526,94.57444,89.34215,16.95675,0.08665413,0.39086658
Hayden Birdsong,2026,24,SP,31635,4.201156,4.1759105,0.25175008,0.096671395,1.247841,0.29769945,0.72986096,0.119844235,0.73556626,0.30783713,0.8626814,0.58968157,0.39090508,0.27709585,0.16184513,0.4432499,0.34093112,0.084552325,0.14736705,0.14554688,0.5181884,0.3401805,98.49813,98.73211,99.54054,94.37325,89.528015,11.458818,0.08137825,0.40307257
Patrick Sandoval,2026,29,SP,19447,4.2025547,4.1971893,0.24149664,0.09026576,1.242389,0.3008254,0.7323324,0.114845864,0.74772274,0.31273866,0.8653002,0.5970244,0.39165872,0.273756,0.16470575,0.45100388,0.33397594,0.082627244,0.14442055,0.14954242,0.51862866,0.33266276,96.18653,99.85861,99.418274,93.45401,88.9741,11.185592,0.07936543,0.3925016
Brady Singer,2026,29,SP,25377,4.202864,4.200334,0.21886174,0.07446777,1.215721,0.3097201,0.7211079,0.105857685,0.7744346,0.31129223,0.88279814,0.61764884,0.41158214,0.27977946,0.17644814,0.48188117,0.3041233,0.078254335,0.14281313,0.13878082,0.5243726,0.34287378,91.80342,100.016655,97.872025,92.00498,89.63956,9.572586,0.079107836,0.41078347
Tylor Megill,2026,30,SP,21318,4.217764,4.017565,0.26264808,0.08963744,1.3013157,0.28886044,0.74991715,0.12356629,0.7352925,0.3153941,0.8471081,0.60210264,0.40592182,0.27195033,0.15225004,0.39514562,0.40180674,0.09806567,0.13792224,0.1572076,0.5058831,0.3359551,103.88647,99.88772,102.04455,95.24449,89.31537,14.999953,0.08509276,0.38931057
Freddy Peralta,2026,30,SP,18679,4.2216916,3.9523952,0.26918718,0.084941715,1.385984,0.27966118,0.76404893,0.13034458,0.7360255,0.32806975,0.8332825,0.60467845,0.39255193,0.27196923,0.14209685,0.35288697,0.45000178,0.11233616,0.1262226,0.17052427,0.51711434,0.31140062,102.688034,100.60537,102.5523,94.81056,88.558945,18.496883,0.08672122,0.3673172
Nick Pivetta,2026,33,SP,15454,4.2263594,3.9622452,0.2514016,0.07513164,1.3254608,0.28107613,0.75701153,0.118545994,0.75506014,0.32593235,0.8476272,0.6287692,0.42388198,0.27239335,0.15617603,0.37445527,0.43703508,0.10791354,0.12518746,0.16263606,0.51594466,0.32638773,106.41356,101.37381,103.40625,95.01536,89.206894,16.931686,0.086170025,0.38395077
Jack Kochanowicz,2026,25,SP,27688,4.2273407,4.209619,0.21485372,0.06862196,1.230773,0.2981719,0.71908844,0.10234856,0.78607434,0.31395584,0.8765424,0.62584305,0.43108523,0.2672892,0.16611715,0.4622475,0.33114105,0.09051441,0.13980277,0.15294622,0.50231636,0.34356928,98.543724,101.485306,100.84616,94.43295,89.23763,10.367714,0.07479606,0.3939389
Luis Gil,2026,28,SP,21052,4.2367845,3.9566784,0.2727091,0.09029997,1.3554975,0.28237474,0.76503,0.1285094,0.7332746,0.31892094,0.83410585,0.5969094,0.39870006,0.2715508,0.1442222,0.35253978,0.4472652,0.10821918,0.12996593,0.16879724,0.5069606,0.32298636,103.378105,100.02971,102.461876,95.181915,88.85795,18.290854,0.08691147,0.3722414
Yu Darvish,2026,39,SP,13074,4.248651,4.023115,0.23409499,0.06440784,1.4398432,0.2754117,0.7669172,0.112895004,0.7685993,0.3291136,0.8511601,0.63472015,0.43475837,0.26882935,0.15726861,0.3769798,0.43712682,0.112227224,0.12882069,0.16834515,0.51180273,0.32559982,102.665665,101.507675,102.27182,93.38275,88.668434,17.35042,0.084575355,0.36561698
Keider Montero,2026,25,SP,22630,4.263733,4.1686606,0.22828326,0.07092358,1.3183138,0.2937752,0.72861445,0.10388132,0.7811966,0.31199178,0.8675071,0.6274817,0.4399967,0.27044955,0.16940866,0.4073704,0.39083728,0.10168534,0.13044646,0.15743847,0.49919912,0.3445447,98.87701,101.62892,101.15392,94.08831,89.318245,14.514913,0.08179412,0.39086285
Aaron Nola,2026,33,SP,16149,4.270355,4.1924295,0.20662,0.05882335,1.3295414,0.29185274,0.73046005,0.10356478,0.78610665,0.33594623,0.874204,0.64502037,0.41646507,0.27348605,0.1744904,0.42632657,0.37410462,0.10075351,0.12895805,0.15585704,0.5234333,0.32498193,93.83813,102.390915,100.23044,91.04674,88.694466,13.621629,0.08343906,0.38024685
DJ Herz,2026,25,SP,26389,4.2758255,4.0689692,0.26692015,0.091104925,1.3839039,0.28842992,0.74738204,0.12487055,0.73651576,0.31488514,0.8421536,0.5995337,0.40168348,0.273913,0.15301654,0.37001327,0.42503992,0.10226071,0.13520475,0.16131318,0.5098946,0.33141813,99.83079,99.774864,101.2919,94.38976,89.11837,16.863104,0.08731855,0.38507903
Bryce Miller,2026,27,SP,29837,4.2933,4.0276623,0.2528116,0.08135014,1.370749,0.28194878,0.7473475,0.11629052,0.75494784,0.31813103,0.8482964,0.6168344,0.4236665,0.27053362,0.15644589,0.3698223,0.43560776,0.106635,0.13010214,0.15852153,0.5089129,0.3341307,103.676,101.00478,102.860306,95.003174,89.247574,16.909954,0.08621466,0.38604522
Zac Gallen,2026,30,SP,19291,4.2978063,4.187961,0.2225857,0.079863094,1.2813303,0.30793065,0.7205709,0.10912283,0.76388425,0.31654504,0.8790208,0.61403966,0.39872044,0.27543548,0.16845155,0.45462787,0.33632994,0.08191571,0.14268024,0.1384654,0.5262464,0.33944395,94.42258,100.13811,98.6615,92.61142,89.56065,11.192641,0.083614066,0.4101103
Reese Olson,2026,26,SP,24968,4.307561,4.2103863,0.2279577,0.08453752,1.2788926,0.30717745,0.7153617,0.11233167,0.75571257,0.31418225,0.8731192,0.6096567,0.3984388,0.27302083,0.16399993,0.4476792,0.33877933,0.08380538,0.14479995,0.14046077,0.52098864,0.33920246,94.12559,99.85321,98.63265,93.33646,89.60333,11.523788,0.084360264,0.41145694
Gavin Williams,2026,26,SP,30122,4.307868,4.096397,0.2538516,0.08743494,1.3561352,0.29088178,0.7405694,0.11756745,0.74798524,0.31403127,0.8519368,0.6069275,0.40859064,0.27096468,0.15797453,0.3880063,0.40318406,0.10006116,0.13528723,0.15711366,0.50686765,0.33776605,99.69756,100.30582,101.19237,94.40195,89.23743,15.222713,0.08593132,0.3901572
Brandon Pfaadt,2026,27,SP,27782,4.3100195,4.0738034,0.2450417,0.076660216,1.3728026,0.28428373,0.7431334,0.112621225,0.76351357,0.3168779,0.8529368,0.6249126,0.43027684,0.27207464,0.1627285,0.37502486,0.4287401,0.106837854,0.12838067,0.15717381,0.50827277,0.3361576,101.74237,101.40411,102.107086,94.23632,89.297775,16.582376,0.08632098,0.38732615
Tanner Bibee,2026,27,SP,30134,4.33491,4.0663743,0.26222628,0.08595669,1.4373763,0.28273118,0.7546992,0.12175143,0.7500987,0.31680742,0.8407328,0.6090194,0.412571,0.27189112,0.15395406,0.35497686,0.44777545,0.10782766,0.13158432,0.16593786,0.5070983,0.32853982,100.88777,100.671394,102.04672,94.32865,88.869835,18.089703,0.08631319,0.37424102
Jesus Luzardo,2026,28,SP,19959,4.34456,4.113462,0.24601628,0.08520983,1.3465961,0.2959377,0.7338212,0.11860509,0.7450122,0.3201839,0.85709375,0.6107172,0.40038243,0.2723575,0.15697412,0.4028506,0.38923302,0.09505223,0.1375205,0.152015,0.51516336,0.33468708,98.115486,100.100075,100.26957,93.82756,89.339134,14.432103,0.08714971,0.39559558
Ranger Suarez,2026,30,SP,17277,4.346015,4.3973193,0.2008375,0.07679541,1.1584691,0.3077638,0.72398525,0.0986155,0.78375906,0.31739587,0.88366365,0.6061801,0.3820912,0.26967782,0.17464736,0.49230018,0.29281488,0.07483381,0.1405999,0.15037492,0.5303815,0.32996234,90.476974,100.77393,98.353806,90.840675,88.65495,8.815916,0.07304084,0.3846232
Joe Ryan,2026,30,SP,21390,4.3668413,4.067047,0.24852051,0.07479544,1.4382768,0.27815732,0.75512224,0.117396206,0.76281106,0.32574576,0.84397924,0.6285597,0.42716184,0.26943585,0.1564534,0.35428438,0.45633954,0.1134129,0.1269428,0.16668609,0.5133702,0.32459286,99.93083,101.803825,101.96972,93.67573,88.74853,18.454155,0.086254105,0.37003204
Carlos Rodon,2026,33,SP,16137,4.371922,4.092706,0.24920812,0.08460556,1.4206104,0.2769472,0.7587569,0.12111247,0.75023,0.32479542,0.84091944,0.6091604,0.402895,0.2640265,0.14326094,0.35246274,0.4597498,0.111898676,0.12727971,0.16632773,0.5109414,0.32603064,103.266266,100.37157,102.46513,94.838036,89.00084,18.886143,0.087180965,0.37397146
Ryan Feltner,2026,29,SP,21446,4.376289,4.1977477,0.23427251,0.07815035,1.3544956,0.29172194,0.73709035,0.1077056,0.77144974,0.31206593,0.8611493,0.6172832,0.42743033,0.26724634,0.16361886,0.39676598,0.39735013,0.09941048,0.13540761,0.1578062,0.5004442,0.34039348,99.0135,101.151245,101.175385,94.189026,89.0429,14.8702545,0.08213314,0.38283175
Max Meyer,2026,27,SP,27474,4.378965,4.177324,0.22386208,0.07155086,1.3192625,0.29268116,0.72713494,0.10879134,0.7713074,0.3202154,0.8661503,0.62701833,0.42614588,0.26781213,0.16204959,0.41457957,0.389332,0.10179941,0.13036367,0.15116714,0.5082125,0.3420827,96.70143,101.075775,100.62532,93.998,89.54341,14.218095,0.08462081,0.3963041
Ryan Weathers,2026,26,SP,23796,4.3807297,4.154211,0.23991522,0.082573056,1.3228213,0.29169106,0.7354429,0.112094216,0.7603046,0.31558514,0.85674816,0.6067592,0.4126133,0.26689875,0.15877935,0.40498242,0.3846391,0.099732734,0.13564372,0.15904462,0.5032366,0.33762768,97.71205,100.661354,100.56977,94.2322,89.04812,14.272474,0.08188425,0.382669
Nathan Eovaldi,2026,36,SP,9132,4.381584,4.2184873,0.20633508,0.070380606,1.324744,0.29948857,0.72719306,0.10760803,0.7756826,0.32507643,0.87928176,0.6254935,0.39988774,0.2663039,0.16174863,0.47469378,0.3268181,0.080623545,0.14606524,0.14046656,0.52770376,0.33382583,94.077156,100.51197,98.68418,92.76391,89.34565,9.936139,0.07947356,0.3955902
Walker Buehler,2026,31,SP,19374,4.3868265,4.2664595,0.20911503,0.06815272,1.3082771,0.29928923,0.725518,0.10069998,0.790113,0.32189423,0.8800323,0.62767607,0.41941112,0.26548246,0.16705771,0.44226316,0.3527253,0.09343186,0.13518329,0.15125108,0.50999886,0.33763188,95.50014,101.5556,100.06787,92.96312,89.07712,12.10641,0.07999152,0.38947117
Kyle Harrison,2026,24,SP,27758,4.3973465,4.205021,0.2505817,0.0843353,1.4441388,0.28409317,0.74183834,0.11340529,0.75620955,0.3096361,0.8465534,0.60552377,0.41771057,0.27005446,0.15986437,0.35541025,0.44376945,0.11026547,0.13086677,0.16194573,0.49827927,0.34314972,97.14913,100.5401,101.08821,93.38068,89.29333,17.82042,0.08729661,0.38527372
David Peterson,2026,30,SP,20302,4.4143867,4.3801174,0.2021506,0.08801,1.1936916,0.30828294,0.7118045,0.10373722,0.7720103,0.30621,0.88557416,0.5949438,0.37767345,0.2670774,0.16971934,0.50925803,0.2813019,0.06936335,0.15378267,0.13843186,0.5341232,0.33455884,88.94676,99.07993,96.47135,91.91081,89.39754,7.527034,0.076223634,0.40619704
Seth Lugo,2026,36,SP,12447,4.4286385,4.384647,0.19451483,0.06515791,1.3365655,0.29569167,0.72608876,0.09443853,0.7996775,0.31637543,0.88907015,0.62901086,0.4142739,0.26886898,0.17663904,0.44533336,0.35148457,0.09145065,0.13671628,0.14843541,0.5168711,0.3378719,92.94882,101.214195,99.59107,90.643135,89.0217,12.394552,0.08240357,0.3902849
Graham Ashcraft,2026,28,SP,27552,4.4361515,4.2521486,0.2128029,0.07640657,1.2771453,0.2999637,0.71867454,0.10381435,0.7817395,0.3144494,0.8785272,0.6162968,0.41486982,0.2620027,0.1615377,0.4567087,0.33671215,0.08845304,0.14008039,0.1467475,0.51026386,0.33850065,96.130646,100.70664,99.59413,94.26537,89.2928,10.884337,0.079258114,0.39783219
Luis Castillo,2026,33,SP,15689,4.445893,4.0842834,0.2386461,0.07162814,1.4189707,0.2831451,0.7508739,0.11746683,0.7633148,0.33156464,0.8496106,0.6305452,0.41558206,0.2643994,0.14966062,0.37127668,0.44161338,0.10855725,0.12734373,0.1615061,0.5181432,0.32453465,98.67218,101.27341,101.51714,94.08573,88.93943,17.253748,0.088198885,0.37624043
Ryne Nelson,2026,28,SP,26253,4.4468884,4.2184753,0.22723892,0.07415525,1.3945668,0.28496858,0.7348284,0.1045344,0.7808817,0.3112314,0.8635039,0.6246603,0.43511558,0.2634728,0.16257769,0.38305727,0.42202145,0.10591046,0.12976864,0.15578607,0.4994026,0.34307975,98.824,101.368645,101.510475,94.20166,89.35395,16.094187,0.08608519,0.387347
Mitchell Parker,2026,26,SP,27636,4.4629974,4.3233004,0.21768305,0.07452676,1.3951219,0.29696134,0.72416407,0.10300709,0.77954566,0.31374657,0.8692902,0.6211371,0.41883972,0.26310852,0.16320592,0.40063852,0.393222,0.09981674,0.13458322,0.15369444,0.5030356,0.3437691,92.96016,100.939674,99.419174,93.17341,89.36962,14.826922,0.08661827,0.39464656
Shota Imanaga,2026,32,SP,33829,4.4645443,4.13967,0.22959405,0.067314,1.4498806,0.28086215,0.7513982,0.11559333,0.7681481,0.33698845,0.84673566,0.634583,0.4147404,0.26214597,0.15020499,0.36485618,0.45024717,0.11422446,0.12551211,0.16522267,0.51992816,0.32110283,94.48464,101.66685,100.730225,92.91363,88.708496,17.861689,0.088244915,0.370412
Yariel Rodriguez,2026,29,SP,33838,4.4662066,4.2060275,0.2522321,0.08969234,1.4511558,0.2840101,0.74704427,0.11813932,0.7511702,0.3116532,0.845854,0.5980097,0.40741646,0.26736355,0.15202746,0.35994285,0.43854627,0.105395965,0.13610458,0.16462727,0.49894634,0.33786565,98.00174,99.96761,100.84163,94.03709,89.02147,17.545675,0.08629067,0.37647393
Chris Paddack,2026,30,SP,20099,4.467207,4.167952,0.22951995,0.074972905,1.399109,0.2899723,0.7412178,0.10765323,0.77413976,0.31687307,0.8618755,0.62132704,0.42488235,0.26890576,0.16591164,0.38118452,0.41957217,0.1065029,0.1277115,0.1566425,0.50928354,0.3357189,95.26404,101.01483,99.965034,93.01515,89.15814,16.290043,0.08714155,0.38448048
Jose Berrios,2026,32,SP,14168,4.471901,4.38275,0.19392562,0.060879976,1.3970022,0.29472923,0.7209173,0.09642088,0.7987223,0.3276147,0.8817823,0.6383757,0.41604313,0.26202685,0.16867356,0.41967073,0.3805479,0.103283495,0.12937157,0.15264983,0.5163641,0.3352969,88.76286,102.083,98.83129,91.073456,89.07201,14.360448,0.086925335,0.38973773
Jake Irvin,2026,29,SP,21504,4.4764657,4.3091574,0.22031687,0.0751224,1.370093,0.2919163,0.7286731,0.10264958,0.77959716,0.30932218,0.8683411,0.61865515,0.42594963,0.26383173,0.16461469,0.39653942,0.40168047,0.10360582,0.13100418,0.15339035,0.49761838,0.34689218,95.806946,101.0302,100.424934,93.55107,89.43852,15.23328,0.085157245,0.39054638
Casey Mize,2026,29,SP,20492,4.477785,4.3182063,0.20799619,0.07118377,1.3393354,0.2986237,0.71841043,0.10024441,0.7895427,0.31386054,0.87991536,0.62633795,0.42198178,0.26162004,0.16447513,0.43330264,0.36326414,0.09411912,0.13733241,0.14594471,0.50810874,0.3428342,93.69844,101.062294,99.21944,93.44906,89.4869,12.732891,0.08436887,0.40029687
Cade Povich,2026,26,SP,30055,4.478462,4.2788944,0.24065784,0.08282534,1.4745339,0.28328595,0.73979497,0.10936673,0.76829296,0.3059645,0.852162,0.60927856,0.42906424,0.2684682,0.16244127,0.35579076,0.44362646,0.10938942,0.13264263,0.16353996,0.49145538,0.34485072,97.90268,100.88471,101.12155,93.563835,89.12863,17.78189,0.08451906,0.37996238
Randy Vasquez,2026,27,SP,24719,4.4989877,4.2318945,0.2340907,0.08155712,1.3853005,0.2879954,0.7396593,0.10875055,0.7697176,0.31130868,0.85481364,0.60901946,0.4201637,0.26429963,0.15858257,0.38309243,0.4121355,0.104419015,0.13409935,0.1635886,0.49314898,0.34213135,97.37744,100.94083,100.858475,94.01343,88.96828,16.00751,0.0823601,0.37505275
Davis Martin,2026,29,SP,21448,4.511723,4.205366,0.23854871,0.08278067,1.4211763,0.28596535,0.7398835,0.11349742,0.7611144,0.31770456,0.85225666,0.6125147,0.41535854,0.26422116,0.15379816,0.37272385,0.42680976,0.10440242,0.13605389,0.16067812,0.5007899,0.3393389,98.11892,100.731995,101.193214,94.08057,89.02106,16.765598,0.08554781,0.37902611
Luis Severino,2026,32,SP,15890,4.5130777,4.3027225,0.21305653,0.06717812,1.4007355,0.28646523,0.73303133,0.1041483,0.78831965,0.32643348,0.8695717,0.6306159,0.4217155,0.25608662,0.15357596,0.4124765,0.3945024,0.10069638,0.13458481,0.15799788,0.5089227,0.33399513,97.12731,101.74784,101.13568,94.14248,88.85025,14.134336,0.08200971,0.37654713
Bryce Elder,2026,27,SP,27779,4.51312,4.456226,0.20497061,0.08320356,1.2662636,0.31281632,0.708011,0.10159759,0.77692944,0.30664194,0.8835572,0.6035028,0.39218438,0.2682628,0.17041835,0.4720257,0.31313795,0.079676166,0.14730677,0.14078775,0.5232658,0.341812,87.46474,99.70351,96.80382,91.671745,89.54026,9.830599,0.081727244,0.41016343
Jonathan Cannon,2026,25,SP,31730,4.5132356,4.2829843,0.22867733,0.08060347,1.4094442,0.2895154,0.7331697,0.10621414,0.7743844,0.31366587,0.860569,0.6103652,0.41519773,0.2614294,0.15900475,0.38722104,0.40761188,0.10353889,0.13322501,0.1616791,0.49917027,0.34010985,95.0144,100.93286,100.1727,93.62827,89.0692,15.765602,0.0846926,0.38095698
Bailey Ober,2026,30,SP,21224,4.528192,4.249485,0.23813237,0.07639747,1.5215122,0.2784193,0.7514247,0.11832845,0.76300275,0.33348557,0.8388931,0.6202816,0.39806965,0.26343864,0.14851438,0.3447825,0.46554124,0.11782665,0.12635404,0.16999413,0.52317345,0.3133117,92.76143,101.402115,100.361595,92.14276,88.35743,19.47983,0.088986695,0.36409143
Kevin Gausman,2026,35,SP,14107,4.5400305,4.229007,0.21959628,0.07131202,1.4378222,0.28621352,0.7417066,0.10821595,0.77691317,0.32466808,0.8626284,0.62716895,0.4170072,0.26193863,0.15689334,0.38546208,0.42377487,0.1051509,0.12847544,0.1561092,0.5160665,0.33096585,95.452034,100.920845,100.19057,93.04047,89.108025,16.269785,0.088314794,0.38207558
Alec Marsh,2026,28,SP,27451,4.5497456,4.308773,0.23098946,0.08589736,1.4141604,0.29586816,0.72955316,0.10940023,0.7611633,0.30953327,0.8627142,0.6044594,0.40435204,0.2651832,0.15868217,0.39126757,0.40168834,0.10053391,0.13746749,0.15306601,0.5036969,0.3443478,93.93213,99.919235,99.30138,93.22889,89.49958,15.2832,0.08826017,0.3934734
Kutter Crawford,2026,30,SP,20531,4.5649195,4.228411,0.23749392,0.0793764,1.497758,0.27785572,0.7486492,0.11531421,0.766152,0.32465646,0.8451384,0.6169134,0.41415098,0.26062587,0.14933454,0.34464872,0.46918052,0.11570381,0.1273031,0.1688993,0.5065795,0.32657397,97.45562,101.25306,101.60812,93.50226,88.7017,19.398537,0.08792934,0.36703968
Griffin Canning,2026,30,SP,19867,4.57163,4.2943845,0.22345564,0.07835634,1.44214,0.29216233,0.7290389,0.10789946,0.7708096,0.31353405,0.8648866,0.61558133,0.41298115,0.26320407,0.15761557,0.38873357,0.41259703,0.10226111,0.13409622,0.1517598,0.506061,0.3456785,93.63578,100.16964,99.263725,93.165474,89.59225,15.878798,0.090154625,0.3955055
Trevor Rogers,2026,28,SP,22286,4.5752172,4.4340253,0.20367451,0.0753548,1.3640486,0.30363622,0.7176253,0.10009873,0.7852828,0.3139585,0.87980956,0.61571246,0.40239412,0.26153728,0.1648459,0.4319451,0.36064497,0.09240907,0.13963869,0.1474009,0.5143977,0.33890474,89.04951,100.83981,98.243324,92.207985,89.32907,12.725258,0.08617437,0.3983501
Zack Littell,2026,30,SP,15823,4.588617,4.3988695,0.20594966,0.067979716,1.4497468,0.28920794,0.72790897,0.09972516,0.79386896,0.31967813,0.8699887,0.63119316,0.42302516,0.25778103,0.16219336,0.38907623,0.41265184,0.107092306,0.129114,0.15793741,0.50479084,0.33856383,90.40784,101.47318,99.34231,92.130196,89.03515,16.135798,0.08842444,0.38203996
Gavin Stone,2026,27,SP,27792,4.5913925,4.4132323,0.21173127,0.082161196,1.3544731,0.2977051,0.7222999,0.10477561,0.772425,0.31539786,0.8706313,0.6049162,0.39378974,0.25846213,0.15782823,0.42909753,0.3670026,0.09406895,0.13751054,0.15073262,0.51703036,0.33314553,91.04808,100.36397,98.36084,92.918465,89.105354,13.08031,0.0850196,0.38920486
Landon Knack,2026,28,SP,27487,4.5953636,4.287134,0.2378513,0.084864594,1.5012201,0.28083912,0.74368614,0.11070709,0.76740915,0.30990747,0.85047406,0.60419416,0.4171958,0.2625229,0.15480478,0.34543324,0.46361282,0.11439544,0.12683652,0.16361432,0.49867713,0.34087953,95.84756,100.36159,100.77141,93.323204,89.23664,18.887117,0.088844545,0.37896195
Nestor Cortes,2026,31,SP,17874,4.601645,4.284272,0.24005021,0.085143,1.5529822,0.27667212,0.7491991,0.112964295,0.7664838,0.31279802,0.84551746,0.6083677,0.41718572,0.26242986,0.15214165,0.33431345,0.47639105,0.11475246,0.1289541,0.16673748,0.5007945,0.33630958,96.78336,100.56012,101.272385,93.18149,88.88141,19.723959,0.08826153,0.37097344
Andrew Abbott,2026,27,SP,29911,4.605324,4.3517056,0.23984186,0.08783561,1.5311971,0.28073937,0.74489534,0.11263868,0.7640132,0.3094444,0.8470724,0.60098004,0.4110697,0.26411223,0.15375838,0.3405716,0.46393198,0.11318798,0.13114738,0.16518645,0.49797946,0.34030214,95.01035,100.36024,100.61965,93.02145,89.075584,19.122038,0.089280605,0.37551236
Simeon Woods Richardson,2026,25,SP,24494,4.6075044,4.4114466,0.22082648,0.07985381,1.4442807,0.28689697,0.73786026,0.10280849,0.78040296,0.30931398,0.86048025,0.60642385,0.41889733,0.26138523,0.16119656,0.37344226,0.4234467,0.1095293,0.1294931,0.16335101,0.49577922,0.33876386,93.34529,101.01192,99.83071,92.92426,88.94755,16.95186,0.085006215,0.37334904
Cody Bradford,2026,28,SP,27597,4.6215134,4.500842,0.20658097,0.072519474,1.4769602,0.28616783,0.72884214,0.09993004,0.789113,0.31957567,0.86559147,0.62214905,0.41168854,0.2596073,0.16416225,0.3699694,0.43042353,0.112989254,0.12550983,0.16234036,0.5048041,0.33588365,88.332115,101.41161,99.03858,90.87133,88.82857,17.209322,0.0888604,0.37477037
Tobias Myers,2026,27,SP,22191,4.623072,4.3920617,0.21402815,0.07537049,1.4648365,0.290872,0.7298303,0.101957686,0.7857996,0.31492087,0.86590534,0.61903006,0.41716763,0.25915545,0.16097088,0.3797684,0.42078513,0.10737837,0.13134634,0.15887006,0.50308585,0.34042495,91.04736,100.9847,99.21766,92.43842,89.10994,16.601881,0.088805534,0.38372806
Jon Gray,2026,34,SP,14916,4.628875,4.324636,0.21123034,0.07016217,1.4720259,0.2899364,0.72915745,0.10459361,0.7844707,0.32065085,0.86796904,0.6312688,0.42242292,0.25814447,0.15741569,0.39228752,0.41316646,0.10204921,0.13587981,0.15431328,0.5053918,0.33998874,92.24264,100.89663,99.33369,92.86803,89.13411,15.767333,0.0876474,0.38454717
Triston McKenzie,2026,28,SP,18000,4.6392536,4.3552904,0.23837624,0.08882263,1.5056524,0.28269556,0.74079263,0.111553974,0.76349896,0.31022233,0.8501247,0.59745336,0.40798926,0.2613599,0.1513493,0.34860578,0.45743063,0.110904776,0.13360012,0.16397642,0.49536508,0.34213156,94.571724,100.035,100.10762,93.154144,89.217125,18.481897,0.08918974,0.37890854
Ronel Blanco,2026,32,SP,19407,4.6403465,4.3906336,0.22788632,0.08536209,1.5278646,0.28191864,0.7471011,0.11658502,0.7594339,0.32391158,0.84693086,0.5996295,0.38856328,0.25800365,0.1422945,0.35432264,0.4561479,0.11322743,0.13008139,0.16493522,0.5131357,0.32567248,93.47697,100.23925,99.6378,92.93385,88.71593,18.533663,0.09052896,0.3682214
Emerson Hancock,2026,27,SP,27470,4.649682,4.503523,0.20355335,0.072161786,1.4184266,0.29171655,0.7211806,0.097188,0.79533386,0.31456575,0.87377805,0.62147087,0.4183783,0.2551737,0.1621889,0.40442088,0.39053074,0.103122845,0.13459527,0.16033877,0.4956237,0.34287664,92.00744,101.65439,99.614525,92.79291,88.91447,14.601634,0.08278112,0.37669727
Logan Allen,2026,27,SP,27589,4.651044,4.5074058,0.2105168,0.07807523,1.4525026,0.2966124,0.7178153,0.10013294,0.7800262,0.30860162,0.8708592,0.6099222,0.40667662,0.2599579,0.16252315,0.39420062,0.4070477,0.10366232,0.13407606,0.15391402,0.50399375,0.34740415,87.84385,100.39743,98.07854,91.7586,89.47395,15.82146,0.08952918,0.3937318
Miles Mikolas,2026,37,SP,9803,4.657165,4.623703,0.17858067,0.059313003,1.4664345,0.28769436,0.71418965,0.088561594,0.8210222,0.3192223,0.88853484,0.6432405,0.42514127,0.25451925,0.170231,0.41277364,0.38405988,0.10565491,0.13326882,0.15780564,0.5049053,0.33824807,90.21594,102.270744,99.737144,90.66023,88.739044,14.400054,0.08567301,0.37745035
Javier Assad,2026,28,SP,21741,4.666707,4.5280824,0.20733261,0.078647405,1.4219174,0.29517874,0.720659,0.09732416,0.7880241,0.30624247,0.87228376,0.60462576,0.40915877,0.25611523,0.16171016,0.39650095,0.40132153,0.10395877,0.13169163,0.15709932,0.49886683,0.34582844,88.804955,100.5426,98.05026,92.12029,89.26439,15.592187,0.08653801,0.3861621
Bailey Falter,2026,29,SP,20070,4.674151,4.497778,0.20777294,0.07449437,1.4853332,0.28717655,0.7253512,0.09863617,0.79260075,0.30887488,0.86954325,0.62030625,0.42691782,0.25818682,0.16364357,0.3761037,0.42719916,0.1086527,0.1313885,0.15880185,0.49431112,0.34862122,91.82019,101.046486,99.53015,92.47872,89.148636,16.987055,0.08744559,0.38227138
Jameson Taillon,2026,34,SP,11674,4.674194,4.620819,0.18337855,0.062286932,1.4870616,0.28734246,0.7204786,0.09189964,0.81264544,0.32234523,0.88117516,0.6362913,0.41885796,0.2533938,0.1655547,0.39896828,0.4029762,0.10946024,0.12896536,0.15986697,0.50768554,0.3350102,88.556145,102.179276,99.26092,90.76558,88.6423,15.542,0.0866016,0.37273574
Sean Manaea,2026,34,SP,15873,4.6743994,4.3691397,0.22531669,0.08156179,1.5489647,0.28725165,0.74077547,0.10892165,0.7696568,0.3183449,0.85465926,0.6103217,0.4043408,0.2584288,0.15186338,0.3627207,0.44204026,0.10586976,0.13640702,0.16055603,0.50559855,0.3370892,91.72283,100.17813,99.17548,92.11043,88.90328,17.789093,0.089465514,0.37684923
Dean Kremer,2026,30,SP,19350,4.67849,4.4715447,0.20870659,0.074919835,1.4523789,0.290803,0.7270585,0.100686066,0.7859088,0.3164255,0.8676027,0.6160274,0.413939,0.2568731,0.1594641,0.38714102,0.4118251,0.105795756,0.13205482,0.15870231,0.5026008,0.33904165,90.78751,101.11024,99.39678,92.4381,88.944214,16.044594,0.08637484,0.37676492
Charlie Morton,2026,42,SP,4676,4.678678,4.4350243,0.19062497,0.07942522,1.3562146,0.2982863,0.7319552,0.1009131,0.77982366,0.31438285,0.8789196,0.6010291,0.37738478,0.2589262,0.1615308,0.47091216,0.3325041,0.074559376,0.15347542,0.1383519,0.53086394,0.33225673,90.496895,99.28928,96.62253,91.34617,89.35696,10.092617,0.08045708,0.3875697
Aaron Civale,2026,31,SP,19479,4.6991644,4.544924,0.20356841,0.07456075,1.5043361,0.28846768,0.73100746,0.098211356,0.791332,0.3183119,0.8678972,0.617163,0.40825757,0.25857946,0.16373223,0.3742564,0.42586026,0.11032223,0.12903236,0.16269268,0.5056262,0.33582956,88.24807,101.33854,98.862404,90.82847,88.6635,17.009449,0.08747833,0.37143698
Joey Estes,2026,24,SP,26257,4.7004943,4.4343557,0.22239281,0.080305345,1.513873,0.2803655,0.7341999,0.10748139,0.77669966,0.31358188,0.8535694,0.6139086,0.41702482,0.26063648,0.15697809,0.34916067,0.45982802,0.11678843,0.1267051,0.16562712,0.49984035,0.33913067,92.12353,100.90945,99.8669,92.37758,88.997025,18.918167,0.09019431,0.37417924
Roddery Munoz,2026,26,SP,25311,4.7028008,4.4569607,0.2100711,0.07923288,1.4215611,0.2911821,0.722555,0.102757,0.7819769,0.3125232,0.8660664,0.6063365,0.40709084,0.25570932,0.15633664,0.40176722,0.40666506,0.104391284,0.12988369,0.15798183,0.50434965,0.3415671,90.98251,100.358376,98.54584,93.03708,89.399605,15.297778,0.086900234,0.38687244
Matt Waldron,2026,29,SP,25550,4.704511,4.6163673,0.1955667,0.07120494,1.4519632,0.28912163,0.72258294,0.09344219,0.8016308,0.31411943,0.8753071,0.6196436,0.4177195,0.2553559,0.16641212,0.3897409,0.41003898,0.10973158,0.12933712,0.16168714,0.4987419,0.34238398,88.812355,101.641464,99.00622,91.150276,88.789825,16.113077,0.08568354,0.3722284
Justin Verlander,2026,43,SP,8700,4.7062354,4.4918194,0.20632419,0.07434673,1.5897399,0.27321887,0.7507371,0.10304124,0.7871361,0.32094198,0.8564336,0.61518854,0.41890454,0.25374988,0.15128076,0.35470608,0.45828182,0.114366315,0.1324195,0.17391823,0.50108063,0.332499,97.11768,100.731514,101.09736,92.07387,88.32469,18.604578,0.08420058,0.35155138
Jordan Wicks,2026,26,SP,30094,4.717275,4.573754,0.20122398,0.086218774,1.3676554,0.3038483,0.7159524,0.10007698,0.78050905,0.30690482,0.87686837,0.59591234,0.3850693,0.2575821,0.16280076,0.44500852,0.34959477,0.087866716,0.14514084,0.14775003,0.51849693,0.33688927,86.36634,100.023415,97.16755,91.928024,89.22314,11.821755,0.0853555,0.3964406
Frankie Montas,2026,33,SP,14309,4.7483,4.454365,0.20601185,0.081289925,1.3921442,0.29338253,0.72578615,0.102761105,0.7838829,0.31259736,0.8724789,0.6035609,0.3964442,0.25157773,0.15354937,0.42751607,0.37519425,0.09380267,0.14082335,0.15215573,0.5098285,0.33376533,91.1899,100.004486,98.210396,93.2688,89.11205,12.962423,0.08392043,0.38635677
Chris Bassitt,2026,37,SP,12304,4.75325,4.5897446,0.18865867,0.06765688,1.4718891,0.288618,0.73093164,0.092861965,0.8053516,0.31343094,0.88089454,0.6223645,0.41431862,0.25985882,0.1708814,0.41148823,0.38534173,0.09931375,0.13712357,0.16100952,0.5080159,0.3346896,91.717445,100.870544,98.98805,90.099495,88.389725,14.6444,0.08201592,0.36726123
Valente Bellozo,2026,26,SP,23899,4.7593346,4.536154,0.21673037,0.08312036,1.5403588,0.2837363,0.73061645,0.10167906,0.78300923,0.30501452,0.8593099,0.6036202,0.41815388,0.2583236,0.15997782,0.35310462,0.4512194,0.11464347,0.13081299,0.16487294,0.49002814,0.3490127,91.22123,100.46619,99.29814,92.021736,89.112595,18.364878,0.0886592,0.37657547
Marcus Stroman,2026,35,SP,13431,4.7620454,4.6345162,0.1772755,0.08290927,1.277292,0.30221453,0.713522,0.09177723,0.7959697,0.3074125,0.8885191,0.5947166,0.37178272,0.25445455,0.1674326,0.48873883,0.30151194,0.07166551,0.152704,0.14531453,0.5249256,0.3329656,86.43393,99.8587,96.735725,90.439545,89.022644,8.690421,0.07759749,0.390728
Michael Wacha,2026,34,SP,14078,4.7719684,4.455476,0.214621,0.07714926,1.5682257,0.2823968,0.7425673,0.10630195,0.78242487,0.32369265,0.85389525,0.61462414,0.4076979,0.2549169,0.15060246,0.35536584,0.45189556,0.11254647,0.13141844,0.17028888,0.50465554,0.32761976,92.04352,101.13341,100.00036,91.90961,88.3724,18.462915,0.08592399,0.35857716
Colin Rea,2026,35,SP,12317,4.7792487,4.6529603,0.18373322,0.06709136,1.5110513,0.28928944,0.71625566,0.09094091,0.808681,0.316544,0.8810762,0.6282518,0.4134402,0.2512669,0.16335438,0.39457098,0.41150394,0.108772226,0.12994476,0.15780932,0.5070307,0.34089574,85.77236,101.46665,97.78282,90.42714,88.92225,16.043585,0.08871439,0.38001832
Albert Suarez,2026,36,SP,6175,4.793498,4.602362,0.2005687,0.081315994,1.4670676,0.29375505,0.73143804,0.099176586,0.7860126,0.31399947,0.8695789,0.60062593,0.38729385,0.25290245,0.15560271,0.40566894,0.39487246,0.09617519,0.14026338,0.1550304,0.5151546,0.3301856,88.00953,100.29641,97.76568,91.504944,88.68485,14.542706,0.08540911,0.37456107
Austin Gomber,2026,32,SP,16561,4.802341,4.7325745,0.18296099,0.06970379,1.4991084,0.28975084,0.71461046,0.089332595,0.81010205,0.31155783,0.88227475,0.62241715,0.41480026,0.25102755,0.1646119,0.3951535,0.40742844,0.10791586,0.13035525,0.15788591,0.5003038,0.3458581,86.36362,101.28005,97.759705,90.695114,89.02218,15.785249,0.08804093,0.38131115
Jordan Montgomery,2026,33,SP,16511,4.805187,4.5524936,0.19397353,0.078048654,1.4712616,0.30070516,0.716462,0.09849399,0.7862381,0.31531268,0.8756455,0.61054236,0.3870453,0.25347885,0.15754956,0.42029625,0.37762684,0.09212279,0.14558917,0.14631276,0.5172417,0.33494782,84.357994,100.2274,96.52098,91.18306,89.19164,13.783626,0.08998935,0.39351633
JP Sears,2026,30,SP,23429,4.80668,4.5544376,0.20463203,0.07733071,1.5458657,0.28193614,0.72811735,0.10044433,0.7907207,0.31343627,0.8630152,0.6159069,0.41535112,0.2544595,0.15746681,0.35946253,0.447942,0.11429115,0.1277966,0.16325213,0.4995551,0.340374,88.93722,100.834694,98.86887,91.76875,88.928505,18.027483,0.0900033,0.3744737
Andrew Heaney,2026,35,SP,15423,4.8103166,4.50624,0.20346598,0.0757521,1.5744935,0.28569958,0.7321187,0.10167356,0.7869077,0.3215893,0.8634128,0.617206,0.40142715,0.25184512,0.15242743,0.37062532,0.4398564,0.10877587,0.13185613,0.1599274,0.51102704,0.33236015,87.922035,100.59316,98.14605,91.28681,88.82249,17.507757,0.0904109,0.37591216
Dakota Hudson,2026,31,SP,19206,4.811244,4.607744,0.18677275,0.083511226,1.3576374,0.30421796,0.70789,0.0937081,0.7950144,0.302146,0.88652337,0.6012694,0.39272788,0.2537108,0.1647236,0.46342865,0.32677174,0.08268062,0.14925745,0.14333667,0.5131086,0.3396329,86.251526,99.827415,96.43446,91.763504,89.460266,10.438576,0.08307685,0.4014364
Merrill Kelly,2026,37,SP,11156,4.8340797,4.6340413,0.18052272,0.07073061,1.4921173,0.2938525,0.7174218,0.092628054,0.8008505,0.31973588,0.88224465,0.61881924,0.3924313,0.25165087,0.15977915,0.41033065,0.3951625,0.10019318,0.1362258,0.15015507,0.51893693,0.33352074,84.15874,100.95061,96.92117,90.338486,89.092445,14.622042,0.089864604,0.3863829
Ben Lively,2026,34,SP,14932,4.850097,4.717864,0.1826701,0.06982283,1.5329244,0.28798223,0.7198959,0.08891294,0.8116093,0.3143798,0.8801532,0.62071335,0.4112461,0.25137398,0.16668308,0.39414263,0.40985182,0.10842084,0.13040192,0.16176917,0.5078304,0.33847326,85.15899,101.430176,97.60525,89.66398,88.63471,15.953875,0.08673383,0.37094855
Kyle Hendricks,2026,36,SP,12049,4.857661,4.8643985,0.16512653,0.06589935,1.4963976,0.28498197,0.7184967,0.08613966,0.8218025,0.3222373,0.8849237,0.6273781,0.39731562,0.25867915,0.17654032,0.39725894,0.39390764,0.10797727,0.12985319,0.17375925,0.5103696,0.32156295,84.72806,102.28249,97.85166,87.40059,87.6599,15.231358,0.08078185,0.3474637
Michael Lorenzen,2026,34,SP,14843,4.8649793,4.597436,0.1990705,0.07804575,1.5077055,0.28886542,0.7275568,0.0986713,0.79073536,0.3152054,0.86825764,0.61143553,0.40421104,0.24990728,0.15330577,0.38739726,0.41595343,0.10333672,0.13745794,0.15800704,0.50317407,0.33815157,89.352875,100.52111,98.60712,92.11053,88.85292,15.992691,0.08736741,0.37486148
Kyle Freeland,2026,33,SP,16256,4.868185,4.736924,0.17681487,0.0676364,1.5182292,0.2906378,0.7123884,0.08792996,0.81544787,0.3147308,0.8842973,0.62795264,0.4126215,0.24832429,0.16340967,0.39918685,0.40394658,0.10720356,0.13192038,0.15821695,0.5027021,0.3430289,84.890076,101.4873,97.5184,90.41609,88.92494,15.511167,0.08850911,0.37953848
Cal Quantrill,2026,31,SP,19312,4.871343,4.6132607,0.19349307,0.08071843,1.4620324,0.2934448,0.7166713,0.09503778,0.794931,0.30877233,0.87635416,0.605354,0.4009473,0.24948126,0.15730979,0.41359547,0.38570058,0.09718593,0.14011471,0.15172975,0.50481373,0.34033138,87.34021,100.3653,97.45273,92.24491,89.16846,14.075277,0.08671676,0.3871306
Erick Fedde,2026,33,SP,17425,4.8733754,4.650354,0.19313583,0.075514786,1.5279754,0.28949714,0.7231231,0.09404536,0.8008991,0.31356138,0.87453425,0.61334074,0.40658864,0.24973527,0.15829825,0.38810486,0.4159837,0.10605729,0.13351695,0.15966806,0.503309,0.3387841,87.206314,100.95996,98.093765,91.3409,88.77182,16.095673,0.08740208,0.37404633
Eduardo Rodriguez,2026,33,SP,13164,4.880911,4.7212825,0.18734297,0.07477266,1.5549879,0.29055265,0.7183585,0.09196656,0.80214596,0.31485546,0.87587464,0.61362875,0.39987606,0.25090504,0.1607547,0.38385752,0.42069882,0.10746196,0.13207558,0.15978765,0.5060885,0.33944085,83.30439,100.96327,97.240555,90.03813,88.812195,16.44687,0.08978393,0.37759453
Patrick Corbin,2026,36,SP,9323,4.884651,4.635714,0.17773567,0.06920007,1.5327498,0.29571924,0.7073558,0.08950992,0.80947006,0.31543916,0.88780993,0.6255539,0.40158,0.24929592,0.16160828,0.4242256,0.37806708,0.09465768,0.14161313,0.14612128,0.51509386,0.34049624,82.97231,100.78068,96.33549,90.5032,89.32343,13.983214,0.0896591,0.39738667
Paul Blackburn,2026,32,SP,14739,4.885005,4.6999497,0.1876611,0.07872018,1.4773921,0.2963114,0.7215071,0.09246962,0.79750234,0.31433496,0.87664646,0.60099655,0.38115987,0.24900454,0.15864299,0.4163497,0.38309878,0.095658325,0.13866664,0.15472877,0.5189318,0.32954973,83.78514,100.78133,96.87198,90.58254,88.650665,13.923416,0.0863382,0.376682
Martin Perez,2026,35,SP,6902,4.8880625,4.7454147,0.17222114,0.06959955,1.5127562,0.29329976,0.7121218,0.08585324,0.8151466,0.31621784,0.8868796,0.6204214,0.39621097,0.24925521,0.16659863,0.4114831,0.3892345,0.10112628,0.13430524,0.15628211,0.51803744,0.33361405,81.66145,101.404396,96.625725,89.010544,88.75397,14.7147,0.08831254,0.38007915
Tyler Anderson,2026,36,SP,12880,4.9023247,4.6744986,0.20715357,0.08526524,1.6768438,0.27522933,0.74053437,0.10484316,0.78207314,0.3215658,0.8498348,0.5995653,0.38960898,0.25197968,0.14570056,0.3335271,0.47742712,0.11748245,0.13048814,0.17235391,0.50807744,0.32544473,88.81567,100.31581,98.44388,90.45604,88.23028,19.968508,0.08865208,0.35558963
Taijuan Walker,2026,33,SP,11836,4.903467,4.7063465,0.18779738,0.07664339,1.5178564,0.29140243,0.7161086,0.09189172,0.8009569,0.3111883,0.87828594,0.61079913,0.40361583,0.2500179,0.15995145,0.39290005,0.4119123,0.105657496,0.13454776,0.15713575,0.5010661,0.34353238,86.019615,100.69529,97.4401,91.0737,89.045044,15.763767,0.08852139,0.38039523
James Paxton,2026,37,SP,11828,4.9105315,4.61605,0.1932694,0.07764517,1.5620414,0.28929532,0.72361267,0.096125595,0.7953107,0.3135009,0.87227875,0.61205137,0.40454546,0.24894582,0.15421246,0.38672727,0.42073697,0.10380736,0.13773061,0.15763763,0.50293505,0.34131423,87.825096,100.38332,97.63463,91.398506,88.94025,16.3296,0.088564284,0.37776816
Kyle Gibson,2026,38,SP,10123,4.9128838,4.6955323,0.17776883,0.08069574,1.4515971,0.29848352,0.7147803,0.09203072,0.794696,0.310592,0.88354945,0.59943664,0.37325558,0.2499097,0.15942001,0.4416577,0.3558868,0.08198752,0.15127362,0.14204825,0.5239785,0.3343261,83.28403,99.67586,95.56556,90.27567,89.21399,12.014511,0.08698868,0.3918808
Chris Flexen,2026,31,SP,13896,4.9129205,4.7065516,0.19734977,0.08200746,1.5593393,0.28802896,0.7206129,0.095397905,0.79216397,0.30870324,0.86946326,0.60143423,0.40055245,0.2504246,0.15616553,0.374596,0.4325811,0.108625546,0.1333733,0.16111119,0.49931037,0.34498212,85.842514,100.347855,97.5524,91.026,88.96748,17.012856,0.08971796,0.37712944
Carlos Carrasco,2026,39,SP,6632,4.926074,4.664454,0.17196932,0.07204227,1.5024185,0.29502594,0.70976007,0.08853555,0.80910695,0.31542498,0.88981766,0.6175059,0.39088833,0.24759443,0.16044754,0.43006068,0.3727478,0.09199299,0.14281937,0.14545667,0.52009773,0.33537313,83.49052,100.58783,96.1758,90.42555,89.2451,13.210997,0.08782576,0.3931562
Jose Quintana,2026,37,SP,11423,4.9389005,4.823639,0.17443661,0.0809116,1.4506898,0.29548177,0.7189604,0.088501304,0.7993494,0.31043002,0.8807641,0.59316933,0.36532828,0.24761482,0.15994786,0.43366054,0.3591387,0.08297752,0.14795457,0.15116511,0.52461636,0.329119,82.72136,100.2926,95.90486,89.58618,88.52589,12.208098,0.08415901,0.37699914
Lance Lynn,2026,39,SP,2520,4.971885,4.69009,0.18801329,0.07792037,1.6134334,0.28373694,0.7282902,0.09618721,0.79609287,0.31817174,0.86769706,0.6090355,0.39713585,0.24605194,0.15048009,0.37384018,0.43879053,0.10789219,0.13503164,0.16299538,0.5077905,0.3346265,86.62973,100.50605,97.68607,90.73381,88.62995,17.167912,0.08825422,0.36772943
Trevor Williams,2026,34,SP,16977,4.9861803,4.86864,0.18101184,0.07943523,1.6123769,0.28854764,0.7198975,0.08940685,0.80332404,0.31111416,0.87589145,0.6018158,0.38781285,0.24814887,0.1579365,0.38260907,0.42256823,0.10516034,0.13564716,0.16045703,0.5085001,0.33576202,82.20268,100.636635,96.52769,89.36214,88.54909,16.488857,0.08882209,0.3715794
