Name,Age,Year,IDfg,wSB_rate,UBR_rate,wGDP_rate,SB_rate,CS_rate
Xavier Edwards,25,2025,22266,0.022279635,0.02937539,0.0038082018,0.24103,0.04552602
Jasson Dominguez,22,2025,28080,0.019976728,0.028258571,0.0035975266,0.24087466,0.051088918
Brice Turang,25,2025,22186,0.020943599,0.028849624,0.0041658143,0.2361123,0.045583762
Corbin Carroll,24,2025,25878,0.019784361,0.027340902,0.005297978,0.22802967,0.046969693
Jackson Chourio,21,2025,28806,0.017832037,0.023528159,0.0011909175,0.22678912,0.05372361
CJ Abrams,24,2025,25768,0.018600266,0.023168044,0.0028904227,0.22121154,0.048543215
Johan Rojas,24,2025,24336,0.017595844,0.025857443,0.003972912,0.21519025,0.04550697
Elly De La Cruz,23,2025,26668,0.018959101,0.023822965,0.002111141,0.21509504,0.045178182
Julio Rodriguez,24,2025,23697,0.017027449,0.02388765,0.003951901,0.2111593,0.046008848
Victor Robles,28,2025,18363,0.017852675,0.027740698,0.006429777,0.20847097,0.038075507
Dylan Crews,23,2025,33541,0.017963873,0.022187918,0.0014327684,0.2084573,0.044918213
Anthony Volpe,24,2025,27647,0.015886363,0.023034077,0.0017787906,0.20551026,0.04616878
Bobby Witt Jr.,25,2025,25764,0.017065745,0.02210747,0.0025281617,0.20545049,0.044820126
Ronald Acuna Jr.,27,2025,18401,0.01739399,0.023732003,0.00354969,0.20367485,0.040231224
Ji Hwan Bae,25,2025,23818,0.016526174,0.021793362,0.0030776327,0.201168,0.044190858
Jacob Young,25,2025,29931,0.016569942,0.02231781,0.003128558,0.19964914,0.042977236
Pete Crow-Armstrong,23,2025,27769,0.01502278,0.021361662,0.0020319356,0.19906168,0.046739247
David Hamilton,27,2025,27531,0.016552953,0.024183735,0.0037929858,0.19821315,0.039434012
Luis Robert Jr.,27,2025,20043,0.015817676,0.02213121,0.0041386248,0.19798154,0.04004953
Zach Neto,24,2025,31347,0.015027786,0.01943032,0.0019129791,0.19782422,0.045897882
Luis Rengifo,28,2025,19858,0.015755853,0.021287238,0.003120099,0.19257712,0.03991689
Jazz Chisholm Jr.,27,2025,20454,0.01589321,0.022576768,0.0045233923,0.19095267,0.03911963
Maikel Garcia,25,2025,22715,0.013457102,0.020562625,0.0021408258,0.18734318,0.043070175
Noelvi Marte,23,2025,26517,0.0132878525,0.019892646,0.0021181796,0.18638307,0.045544688
Shohei Ohtani,30,2025,19755,0.014700472,0.023888556,0.0073462217,0.18292847,0.032522596
Forrest Wall,29,2025,16496,0.015489742,0.020740533,0.0023189678,0.18275943,0.040598188
Trey Lipscomb,25,2025,31567,0.0132762045,0.021443345,0.0012411937,0.18133721,0.04119369
Steward Berroa,26,2025,22766,0.01405499,0.018689504,0.0023820533,0.1808971,0.040315535
Andres Gimenez,26,2025,19950,0.013380329,0.021126097,0.004902472,0.18035011,0.038069166
Nasim Nunez,24,2025,25979,0.012679132,0.020126672,0.0022271753,0.17946404,0.042243764
Zack Gelof,25,2025,29766,0.013172668,0.022086086,0.0034318422,0.17932653,0.04003933
Esteury Ruiz,26,2025,21780,0.01433543,0.016449068,0.0010845069,0.17828539,0.04204674
Nico Hoerner,28,2025,21479,0.013946415,0.022155233,0.0051748194,0.1777124,0.03545783
Jose Caballero,28,2025,23401,0.014323127,0.017893791,0.002436733,0.17693001,0.039994467
Dairon Blanco,32,2025,19779,0.014879432,0.020264935,0.0032086973,0.17615423,0.034121457
Jake McCarthy,27,2025,21622,0.013109408,0.020689068,0.005229993,0.17002821,0.03579373
Wyatt Langford,23,2025,33333,0.009895235,0.01717618,0.0007762683,0.16715173,0.042115442
Bryson Stott,27,2025,26294,0.01185134,0.02018326,0.0045467676,0.16603422,0.03453695
Nick Yorke,23,2025,27504,0.010015573,0.01808967,0.0011385644,0.1655864,0.040357683
Josh Lowe,27,2025,19953,0.011976987,0.02140854,0.006632551,0.16500351,0.03332867
Brenton Doyle,27,2025,25479,0.012013595,0.020369176,0.004203553,0.16451357,0.034812942
Michael Harris II,24,2025,25931,0.010755845,0.017661799,0.0020333114,0.16352834,0.04137105
Oneil Cruz,26,2025,21711,0.011966813,0.02028183,0.005781316,0.1631644,0.035461195
James Wood,22,2025,29518,0.010917326,0.011834863,-0.0015810933,0.16184655,0.043427214
Parker Meadows,25,2025,23800,0.011664807,0.019941555,0.005128909,0.1600853,0.03785731
Jarren Duran,28,2025,24617,0.011591821,0.019158171,0.006183334,0.159382,0.032011267
Ceddanne Rafaela,24,2025,24262,0.010115172,0.01446647,0.0008975638,0.15887037,0.041061517
Garrett Mitchell,26,2025,27555,0.011129555,0.017534535,0.0046904404,0.15592232,0.036019582
Taylor Walls,28,2025,22458,0.0109825,0.018356692,0.005819717,0.15463334,0.03195631
Fernando Tatis Jr.,26,2025,19709,0.01063347,0.018742118,0.0044874637,0.15429536,0.035857275
Tyler Fitzgerald,27,2025,26208,0.010407055,0.017554635,0.005297408,0.15136676,0.032360062
Ha-seong Kim,29,2025,27506,0.010754065,0.017708987,0.005414237,0.15095215,0.030651547
Jorge Mateo,30,2025,17273,0.010966658,0.018383464,0.004852352,0.15089706,0.030400798
Michael Siani,25,2025,22557,0.008962468,0.014941462,0.0016616659,0.15021648,0.03986819
Jonny Deluca,26,2025,26365,0.009382639,0.014794994,0.0028769134,0.14725532,0.03559991
Willi Castro,28,2025,17338,0.010514045,0.016726382,0.0054408913,0.14714876,0.032382324
Gunnar Henderson,24,2025,26289,0.007594648,0.016486567,0.0028272583,0.14612475,0.037729133
Leody Taveras,26,2025,18900,0.009243458,0.016991843,0.005089844,0.14444605,0.03369131
Gustavo Campero,27,2025,22707,0.009427063,0.017387101,0.004295913,0.14438887,0.030742887
Ryan Bliss,25,2025,29547,0.008793435,0.010439145,-0.00013249497,0.14181094,0.03816061
Otto Lopez,26,2025,19608,0.007991919,0.013882852,0.0018091039,0.14120209,0.03684462
Blake Perkins,28,2025,19921,0.009296559,0.01605527,0.005195657,0.14082098,0.029679598
Cedric Mullins,30,2025,17929,0.00963304,0.016773395,0.006265372,0.1384328,0.027792905
Jordyn Adams,25,2025,23788,0.0074837874,0.013977392,0.0019422515,0.13755023,0.035104703
Jose Ramirez,32,2025,13510,0.009944811,0.017271029,0.0070636184,0.13690831,0.025412979
Luis Garcia,25,2025,20391,0.006696922,0.012750838,0.0015480663,0.13679376,0.036204994
Tyler Black,24,2025,29949,0.0067818156,0.014575048,0.001221995,0.13616939,0.034591634
Braden Shewmake,27,2025,25817,0.008525743,0.01722261,0.007626868,0.13482617,0.029249001
Kyle Tucker,28,2025,18345,0.008361645,0.016319599,0.004767547,0.13460302,0.029157363
Lane Thomas,29,2025,16939,0.009180206,0.013359865,0.0044615553,0.13434507,0.031941026
Dylan Moore,32,2025,18042,0.008698932,0.014166673,0.0049859327,0.12806226,0.026223598
Christian Yelich,33,2025,11477,0.0089684315,0.016635153,0.0058241594,0.12790178,0.023417866
Jordan Beck,24,2025,31431,0.005351656,0.0124863805,0.0006107912,0.12614283,0.03425021
Trevor Story,32,2025,12564,0.008288629,0.011198778,0.003934854,0.12437456,0.028280491
Jose Tena,24,2025,23691,0.0049866266,0.012014795,0.00067421887,0.12417136,0.03449538
Jon Berti,35,2025,12037,0.008633382,0.013353349,0.0036804865,0.12413412,0.02519079
Harrison Bader,31,2025,18030,0.008119792,0.014493602,0.0050717373,0.123882435,0.02644188
Randy Arozarena,30,2025,19290,0.007039829,0.008427573,0.002466942,0.1187494,0.029506713
Steven Kwan,27,2025,24610,0.0062823086,0.013510726,0.0036797368,0.117289804,0.029185075
Jeremy Pena,27,2025,21636,0.005980768,0.011697112,0.0030659104,0.116867006,0.02962616
Francisco Lindor,31,2025,12916,0.007364219,0.014915223,0.0069322605,0.11599714,0.022783093
Will Benson,27,2025,21853,0.0056997477,0.010906749,0.0038769585,0.11526078,0.029004203
Sal Frelick,25,2025,29622,0.004700544,0.012236488,0.0018559046,0.11515875,0.030612106
Jackson Merrill,22,2025,29490,0.0030806798,0.010709348,-0.0009294268,0.11474265,0.035552334
Jake Fraley,30,2025,19260,0.0068591326,0.012564251,0.0061587216,0.11375916,0.023929212
Thairo Estrada,29,2025,16426,0.0063497853,0.012573474,0.0052092993,0.11323799,0.02512926
Tommy Edman,30,2025,19470,0.0065260963,0.012770503,0.0054284446,0.11276677,0.024084963
Jo Adell,26,2025,20220,0.0043727467,0.008937789,0.0015083866,0.10973833,0.030936293
Ryan Kreidler,27,2025,25867,0.0051629622,0.01001766,0.002594359,0.10957237,0.029838417
TJ Friedl,29,2025,19522,0.00613509,0.01323892,0.0070560365,0.10897586,0.023384508
Spencer Steer,27,2025,26323,0.004879556,0.013035766,0.005821044,0.108604655,0.025808997
Jose Siri,29,2025,17452,0.0060602953,0.012725148,0.005223432,0.10788572,0.025668658
Vidal Brujan,27,2025,20536,0.004534982,0.008194247,0.0007044557,0.10720236,0.030801019
Starling Marte,36,2025,9241,0.006925096,0.010543161,0.0034811199,0.10692691,0.022018978
Wenceel Perez,25,2025,22857,0.0033409891,0.008578788,0.00015865933,0.10580663,0.031370386
Drew Millas,27,2025,25643,0.0034597768,0.0072905663,-0.0037303164,0.10473234,0.02787475
Victor Scott,24,2025,31349,0.0029043246,0.011205976,0.001527492,0.10463889,0.030537628
Jonatan Clase,23,2025,26599,0.0019279326,0.0051001045,-0.004735143,0.103711575,0.034857243
Masyn Winn,23,2025,27479,0.0020262909,0.008906637,-0.0004154626,0.103294924,0.032835655
Grant McCray,24,2025,25690,0.0025681178,0.009703344,-0.00027131813,0.10282175,0.02989112
Connor Norby,25,2025,29592,0.0031861628,0.005392679,-0.0014779975,0.10136282,0.031698145
Richie Palacios,28,2025,24589,0.0042635314,0.011147429,0.0047514136,0.100496404,0.023844412
Cole Tucker,28,2025,17326,0.004642311,0.0124098025,0.0051319986,0.09997773,0.025119053
Ke'Bryan Hayes,28,2025,18577,0.0043822033,0.0106908865,0.0034049705,0.099534534,0.025023764
Geraldo Perdomo,25,2025,22799,0.0026683446,0.010767667,0.0021715637,0.09900205,0.027416294
Brandon Marsh,27,2025,20202,0.0039015722,0.01158324,0.0053187977,0.09843535,0.024199883
Nolan Jones,27,2025,20529,0.0040018004,0.00948701,0.0045398274,0.09689936,0.025595477
Alex Call,30,2025,19296,0.0050670546,0.009891417,0.004709649,0.09673124,0.022705648
Trea Turner,32,2025,16252,0.00527528,0.01067383,0.005416663,0.095648795,0.019675538
Romy Gonzalez,28,2025,21562,0.004041339,0.010797491,0.0051453137,0.094732925,0.023487847
Cody Bellinger,29,2025,15998,0.0037938189,0.009391891,0.0049980045,0.091934815,0.021096306
Gabriel Arias,25,2025,22563,0.0014751254,0.007959521,-0.001345508,0.09153477,0.029529763
Jung Hoo Lee,26,2025,33824,0.0025733025,0.0025892719,-0.0018682244,0.09124674,0.029213585
Christopher Morel,26,2025,21897,0.002063985,0.0077301185,0.0010181338,0.08960156,0.027352585
Jarred Kelenic,25,2025,22558,0.00086378737,0.006009763,-0.0010365143,0.087454855,0.02764543
Amed Rosario,29,2025,15518,0.002613441,0.0061735804,0.00050592975,0.0873125,0.023794953
Luke Williams,28,2025,19931,0.00295896,0.0060436144,0.0027337759,0.08714595,0.02269096
Brooks Baldwin,24,2025,31394,0.00066252553,0.007254391,-0.001068125,0.08687853,0.027179444
Jose Azocar,29,2025,18821,0.0030956124,0.008120317,0.003192353,0.086260065,0.022086572
Daulton Varsho,28,2025,19918,0.0030627484,0.009290791,0.0045118555,0.08579814,0.021712523
Josh Rojas,31,2025,19734,0.0035651035,0.00904683,0.0055413856,0.08442635,0.018536963
Whit Merrifield,36,2025,11281,0.0049056336,0.0067457696,0.0033325087,0.08363609,0.018111786
Tyler Freeman,26,2025,22532,0.0010770041,0.0057597826,5.0777224e-05,0.083023734,0.025850704
Ramon Laureano,30,2025,17128,0.0029892283,0.0064103827,0.004088807,0.08220728,0.019827899
Daz Cameron,28,2025,18353,0.0019355128,0.008526951,0.0025296793,0.08217253,0.021814447
Akil Baddoo,26,2025,22168,0.0015949815,0.007203744,0.0007114614,0.08197626,0.02465393
Eli White,31,2025,19346,0.003407963,0.008082705,0.005884233,0.08186574,0.017968934
Zach McKinstry,30,2025,19392,0.003068769,0.009057466,0.005955445,0.08094186,0.018426305
Austin Martin,26,2025,27462,0.001228386,0.0074418206,0.0019827767,0.080544524,0.024104139
Miles Mastrobuoni,29,2025,20017,0.0024311254,0.0077015897,0.003794365,0.080309995,0.018884366
Oscar Colas,26,2025,30162,0.0009686881,0.003660556,-0.0005805484,0.07931097,0.026593361
Andruw Monasterio,28,2025,19455,0.0021725562,0.007236434,0.0033691206,0.07905611,0.021390593
Lawrence Butler,24,2025,22542,-0.00023111093,0.005454981,-0.0017800898,0.07798656,0.025770573
Stuart Fairchild,29,2025,20321,0.0023513802,0.008233339,0.004971762,0.077728994,0.01937136
Adael Amador,22,2025,27962,-0.001049437,0.00619324,-0.0028997425,0.07734495,0.028118623
Niko Goodrum,33,2025,12092,0.002964673,0.0058768694,0.0042760144,0.07574077,0.018393625
Estevan Florial,27,2025,19151,0.0013247535,0.0075349407,0.004389471,0.074499875,0.02046117
Joey Ortiz,26,2025,25493,-7.820038e-05,0.0042415373,-0.0016572658,0.07403293,0.02434735
Luisangel Acuna,23,2025,26548,-0.0005510645,0.0007208758,-0.0040520434,0.07307021,0.028627995
Isiah Kiner-Falefa,30,2025,16512,0.0016413131,0.0030344285,0.0008170677,0.07269177,0.018816082
Adolis Garcia,32,2025,19287,0.0023310955,0.006182938,0.0044824863,0.07223607,0.015864737
Tim Anderson,32,2025,15172,0.0018885455,0.0043685334,0.0013308318,0.07216875,0.01797878
Marcus Semien,34,2025,12533,0.0027576329,0.0058644884,0.0046709385,0.07174124,0.015058741
Angel Martinez,23,2025,26540,-0.0015793043,0.004091268,-0.002861564,0.07172249,0.026694242
Will Brennan,27,2025,25660,0.000998298,0.004261699,0.0015949082,0.071266055,0.021170631
James Outman,28,2025,24770,0.0014698985,0.008382667,0.005586028,0.07126484,0.018543912
Corey Julks,29,2025,20311,0.0015441469,0.0038822491,0.0028722102,0.07126462,0.018023927
Ozzie Albies,28,2025,16556,0.0014618288,0.0073242583,0.004520436,0.07115832,0.01932342
Pablo Reyes,31,2025,16357,0.0018246874,0.004224004,0.0028304174,0.07081524,0.01973357
Dansby Swanson,31,2025,18314,0.0020818515,0.0061873486,0.0043597966,0.070192814,0.016120147
Kyle Isbel,28,2025,21614,0.0007330562,0.005328341,0.0024321864,0.06983347,0.019936405
Zack Short,30,2025,19562,0.0015239125,0.006041321,0.0041509364,0.0695735,0.017063705
Tyler Wade,30,2025,15730,0.0019649991,0.005242879,0.0055159815,0.06881499,0.017295199
Jack Suwinski,26,2025,22244,-0.00034869026,0.00530214,0.0024439087,0.06855367,0.020912936
Alek Thomas,25,2025,23792,-0.0016151299,0.0020716554,-0.006003289,0.06805309,0.025435504
Seiya Suzuki,30,2025,30116,0.0012785245,0.002406544,0.003103228,0.06798966,0.018683448
Brett Harris,27,2025,29788,0.00023318587,-0.00018742142,-0.0019354076,0.067576624,0.024250759
Willy Adames,29,2025,15986,0.001009417,0.005956601,0.003500014,0.06751702,0.017871907
Ezequiel Tovar,23,2025,24064,-0.0022027744,0.0032931438,-0.0025162501,0.06705458,0.025992803
Chas McCormick,30,2025,19599,0.0017002759,0.0041061374,0.0053950767,0.06656088,0.016260317
Drew Romo,23,2025,27763,-0.0015784928,0.0003626689,-0.004043868,0.066154815,0.027050752
Bryan Ramos,23,2025,25621,-0.0015784928,0.0003626689,-0.004043868,0.066154815,0.027050752
Zach Remillard,31,2025,19788,0.0016376458,0.0063170907,0.0036809074,0.065133475,0.015126318
Kevin Newman,31,2025,17696,0.0009108084,0.004171568,0.0028765313,0.06363916,0.015279109
Weston Wilson,30,2025,19358,0.0013643733,0.0021852532,0.0024291887,0.06253931,0.01577971
Derek Hill,29,2025,16947,0.0008919678,0.004966343,0.0047223996,0.06237382,0.016849661
Nicky Lopez,30,2025,19339,0.00038120127,0.004029625,0.0025594395,0.0619917,0.01719381
Miguel Andujar,30,2025,15878,0.00038825127,0.0041659023,0.0034301803,0.060630485,0.015486905
Tyler O'Neill,30,2025,15711,0.00017668685,0.001557114,0.00040272664,0.06043987,0.015818907
Dane Myers,29,2025,22054,0.00041599094,0.003458835,0.0030084937,0.06010876,0.016369402
Mookie Betts,32,2025,13611,0.0012985133,0.0048932773,0.005366491,0.059010223,0.012785379
Vaughn Grissom,24,2025,26031,-0.002889574,0.00096235605,-0.0034732851,0.05697361,0.022340657
Adrian Del Castillo,25,2025,29554,-0.0022696247,0.00041798587,-0.0021263473,0.05694998,0.022029322
Jackson Holliday,21,2025,31781,-0.0036528974,0.003680028,-0.0035479679,0.05670792,0.024227984
Brayan Rocchio,24,2025,23690,-0.0024878846,-0.0009372306,-0.00533012,0.056586675,0.02310416
Mickey Moniak,27,2025,19956,-0.0013740304,0.0021387432,0.0012950305,0.05607543,0.018514076
Lars Nootbaar,27,2025,21454,-0.0016565094,0.0024299936,-0.00029853976,0.055346224,0.018438697
Byron Buxton,31,2025,14161,0.0004959525,0.0054977085,0.0058509316,0.054994732,0.012993569
J.T. Realmuto,34,2025,11739,0.0009879629,0.002139362,0.0044881175,0.054795604,0.011474031
Max Schuemann,28,2025,24488,-0.0009175431,0.0016699703,0.00064818544,0.054717183,0.01603004
Jonathan India,28,2025,21523,-0.0014285453,0.0003211652,-0.001376719,0.054623656,0.017670944
Manuel Margot,30,2025,14712,-0.0005316726,0.0012218881,0.0010146849,0.053888515,0.014974181
Evan Carter,22,2025,27790,-0.003762791,0.0033911688,-0.0030996434,0.05354999,0.02257208
Wilyer Abreu,26,2025,23772,-0.0017637372,0.0009793105,0.00052401243,0.053326793,0.018471226
Colton Cowser,25,2025,29591,-0.0027881,0.0011263324,-0.002737152,0.05319528,0.020535074
Rece Hinds,24,2025,27493,-0.0031408314,0.0015702671,-0.0027139483,0.051922966,0.02028931
Jordan Westburg,26,2025,27815,-0.0023181909,0.0008938898,-0.00020756178,0.05129092,0.018362634
Oswaldo Cabrera,26,2025,21707,-0.0023004252,0.0017494697,-2.2876298e-05,0.05129066,0.018138269
Jacob Amaya,26,2025,23296,-0.0014198659,0.0020710863,-0.00014822176,0.051197372,0.016480498
Xander Bogaerts,32,2025,12161,0.0001470249,0.0013578723,0.0024511062,0.051151358,0.012294899
Michael Toglia,26,2025,25845,-0.0026620997,0.0014066452,-0.0015039545,0.050560847,0.018623851
Garrett Hampson,30,2025,19262,-0.00050358486,0.0016204483,0.00340643,0.050112937,0.013321477
Luke Raley,30,2025,19354,-0.00066954154,0.0024356495,0.0027994914,0.050104845,0.013494707
Bo Naylor,25,2025,21865,-0.0030779166,0.0017527,-0.0011393595,0.05006565,0.019311396
Connor Wong,29,2025,19896,-0.0006861948,0.0021322097,0.0026527024,0.049981907,0.015921162
Kyren Paris,23,2025,26420,-0.0038099126,0.0016407231,-0.0033710585,0.04931026,0.020229105
Harold Ramirez,30,2025,14387,-0.00032351364,0.002477569,0.0038110246,0.049236484,0.013759595
Edward Olivares,29,2025,19698,-0.0009534386,0.00022100784,0.0010228856,0.048977345,0.014470141
Nick Sogard,27,2025,25483,-0.0019950985,0.0008257091,1.5019518e-05,0.048901938,0.015961334
Jared Triolo,27,2025,25807,-0.0015459002,0.001373428,0.0026963672,0.048473027,0.014790855
Nick Gonzales,26,2025,27490,-0.002461999,-0.0002336442,-0.00055570446,0.0484602,0.018141067
Nick Senzel,30,2025,19293,-0.0010987982,-0.00035995166,0.00016115105,0.04816654,0.014973506
Edmundo Sosa,29,2025,17022,-0.001793365,0.00055412605,-0.0010465892,0.047936294,0.015361656
Riley Greene,24,2025,25976,-0.0039293296,0.0015902353,-0.0029249825,0.047832794,0.020153366
George Springer,35,2025,12856,0.0006982389,0.00020639569,0.0035368528,0.047812674,0.010204642
Gavin Lux,27,2025,19955,-0.0023361694,0.0026214104,0.0011098937,0.04743511,0.01602816
Jahmai Jones,27,2025,18872,-0.0025333022,-9.8061544e-05,-0.0012942037,0.047086097,0.017456159
Ian Happ,30,2025,17919,-0.00080889044,0.0012926833,0.003228021,0.046929643,0.012819382
Matt Vierling,28,2025,21558,-0.0020959645,-0.00016159989,-0.00032262673,0.046372153,0.015331109
Marco Luciano,23,2025,25616,-0.004121673,-0.000529151,-0.0032302416,0.04545103,0.02073117
Jose Altuve,35,2025,5417,0.00089142786,-0.0031146277,0.0017482287,0.045124892,0.009730483
Jake Meyers,29,2025,20308,-0.0014010854,0.001711133,0.0028625065,0.04498214,0.013662461
Trent Grisham,28,2025,18564,-0.002154519,0.00057043287,0.00034650738,0.044894174,0.014029716
Nolan Gorman,25,2025,22263,-0.0035593612,0.00083435583,-0.0011338915,0.04486356,0.017596032
Miguel Vargas,25,2025,20178,-0.0036500953,0.00063943845,-0.0013999392,0.04478874,0.017748207
Mike Trout,33,2025,10155,0.00057263055,0.002164806,0.0063781408,0.04463847,0.010644131
Bryce Johnson,29,2025,20002,-0.0017292403,0.0020634283,0.0020049342,0.044541232,0.0138378395
Sam Hilliard,31,2025,17954,-0.0009796154,-0.00022294256,0.002414066,0.044185404,0.012208012
Tyrone Taylor,31,2025,13675,-0.0012524861,-0.0007447436,-0.00012597085,0.043473363,0.0123432195
MJ Melendez,26,2025,22197,-0.0030750772,-0.00042363946,-0.00048643694,0.043457977,0.016930178
Josh H. Smith,27,2025,26396,-0.0026909711,-0.0006130542,0.0001153233,0.043217808,0.015289013
Tommy Pham,37,2025,2967,0.00084877183,-0.0009980253,0.0023940837,0.042958412,0.008561533
Joey Loperfido,26,2025,29630,-0.003032896,-0.0012476561,-0.0014963294,0.042660065,0.01660458
Gleyber Torres,28,2025,16997,-0.0025419882,-0.0029103272,-0.0012969192,0.042618115,0.015109558
Chris Taylor,34,2025,13757,7.71675e-05,0.0007000856,0.0053439997,0.042504363,0.008982345
Bryce Harper,32,2025,11579,-0.00077296403,-0.0036391949,0.0012279017,0.041821685,0.011056148
Freddie Freeman,35,2025,5361,0.00021917536,0.00044447798,0.005398448,0.041478787,0.008165484
Jake Bauers,29,2025,15194,-0.0020127373,-0.0010169349,0.0016826551,0.040902708,0.013735179
Blaze Alexander,26,2025,23789,-0.0029990675,-0.00028851375,0.00013840763,0.04084368,0.01531913
Ivan Herrera,25,2025,20599,-0.004102252,0.0013516184,-0.0024567465,0.04075006,0.01716815
Brendan Donovan,28,2025,24679,-0.0026629257,-0.00023707475,0.00034411633,0.04067559,0.014420019
Adam Frazier,33,2025,15223,-0.00056856667,-0.0011074435,0.002688847,0.040371314,0.0097322585
Andrew Benintendi,30,2025,17901,-0.0016368718,-0.0006045904,0.0021302062,0.040115666,0.011534049
Austin Slater,32,2025,16153,-0.0013230136,-0.000978082,0.00064771477,0.04002775,0.010852677
Nick Gordon,29,2025,16337,-0.002045977,-0.0007422356,0.0006553052,0.039732773,0.014060404
Zach DeLoach,26,2025,27471,-0.00338345,-0.003185983,-0.00249513,0.03942155,0.017313862
Sean Bouchard,29,2025,21270,-0.001970839,-0.0005730363,0.0023047756,0.038946778,0.012751979
Enmanuel Valdez,26,2025,21716,-0.003564066,-0.0011956029,-0.0012543001,0.038748994,0.015067516
Javier Baez,32,2025,12979,-0.0011031828,-0.00063961436,0.002868702,0.038696095,0.009597602
Kevin Kiermaier,35,2025,11038,-0.000358596,-0.0016075327,0.0033452464,0.03849518,0.008143174
J.J. Bleday,27,2025,26368,-0.0034405782,-0.0013316071,-0.00039472684,0.038271226,0.014341846
Andres Chaparro,26,2025,21797,-0.0035365312,-0.002812584,-0.002024413,0.03763217,0.01569919
Billy Cook,26,2025,29573,-0.003615948,-0.0014571808,-0.0018098512,0.037066787,0.014960327
Jose Fermin,26,2025,21746,-0.003719798,-0.0028933987,-0.0018095466,0.036998715,0.015696254
Santiago Espinal,30,2025,19997,-0.0020340288,-0.002494213,0.00047182068,0.036905173,0.011879334
Tyler Locklear,24,2025,31396,-0.004699412,-0.001242709,-0.00347107,0.03684002,0.016709983
Nolan Schanuel,23,2025,33189,-0.005301026,-0.0013971687,-0.0046481183,0.036445767,0.018075539
Juan Soto,26,2025,20123,-0.004304356,-0.0046048397,-0.0035942318,0.03627494,0.016038286
Jacob Hurtubise,27,2025,27599,-0.003279704,-0.0018015448,-0.0009482234,0.036134288,0.013495398
Aaron Hicks,35,2025,5297,-0.0005237298,-0.0005802854,0.003483341,0.03607644,0.007460606
Leonardo Rivas,27,2025,21009,-0.0033275608,-0.0019320003,-0.0009581454,0.035720658,0.01330081
Brooks Lee,24,2025,31595,-0.004807908,-0.0014510142,-0.0035223707,0.035674535,0.01643851
Ernie Clement,29,2025,20352,-0.0024605142,-0.0012555594,0.0011414831,0.03559683,0.012271951
Colt Keith,23,2025,27899,-0.005231374,-0.0013637274,-0.0037832547,0.035550583,0.017379925
Matt Wallner,27,2025,26466,-0.0032718147,-0.00030706418,0.0010200045,0.035405062,0.012774977
Brett Wisely,26,2025,27735,-0.0039364235,-0.0036011015,-0.0026536207,0.035078004,0.015534366
Ezequiel Duran,26,2025,23733,-0.0039691674,-0.0040140613,-0.001618374,0.034854792,0.014825033
Daniel Schneemann,28,2025,25180,-0.0026305625,-0.0032140033,-0.00017716664,0.034850057,0.012536694
Bo Bichette,27,2025,19612,-0.004039072,-0.005332349,-0.0053098435,0.034805857,0.014937065
Travis Jankowski,34,2025,13768,-0.0005594367,-0.002701853,0.0037446492,0.034652907,0.007763273
Cristian Pache,26,2025,19948,-0.0043812147,-0.0028536108,-0.0026365751,0.034542963,0.015304747
Alan Trejo,29,2025,20056,-0.002684988,-0.0026909928,-0.0005441635,0.034371894,0.011645386
Bryan Reynolds,30,2025,19326,-0.0023601654,-0.0028475476,0.00024594518,0.034188632,0.010945722
Trey Cabbage,28,2025,21078,-0.002876453,-0.0037167226,-0.0008423053,0.03366958,0.012586928
Joey Wendle,35,2025,13853,-0.0005658589,-0.0036437213,0.0024850853,0.03350887,0.006938854
Matt Chapman,32,2025,16505,-0.0013729392,-0.00038548006,0.0041871793,0.033360977,0.008411209
Jake Cronenworth,31,2025,18036,-0.0019478287,-0.00013542775,0.0033500674,0.033234347,0.009132268
Aaron Judge,33,2025,15640,-0.0012336277,-0.0021279906,0.003540884,0.033122607,0.0072582397
Nick Fortes,28,2025,21538,-0.0036992452,-0.0040955124,-0.0035668632,0.033062883,0.013330389
Ryan McMahon,30,2025,15112,-0.00268827,-0.0044477344,-0.0005605909,0.03280063,0.011592802
Edouard Julien,26,2025,27534,-0.0042105597,-0.0019180761,-0.0015838804,0.03262706,0.013657026
Mike Tauchman,34,2025,15274,-0.0009943414,-0.0024106356,0.004064468,0.032548297,0.007663978
Jorge Polanco,31,2025,13152,-0.0016781016,-0.0011335735,0.004380006,0.032533728,0.008796913
Nick Madrigal,28,2025,20521,-0.003947159,-0.004395504,-0.0028939564,0.032092523,0.013082371
Trey Sweeney,25,2025,29575,-0.004634266,-0.002486916,-0.0028933245,0.03199607,0.014425044
Garrett Stubbs,32,2025,18067,-0.0017577052,-0.00091187464,0.0036424543,0.03155981,0.008032901
Michael A. Taylor,34,2025,11489,-0.000992037,-0.0026765252,0.0029288346,0.031328958,0.0070776544
Henry Davis,25,2025,29617,-0.0044738273,-0.0015904298,-0.0005791218,0.031316705,0.014092509
Michael Massey,27,2025,27684,-0.0037363328,-0.0016763199,1.9728821e-05,0.031242585,0.011845458
Luis Arraez,28,2025,18568,-0.003632201,-0.004128804,-0.002156751,0.03123847,0.012236536
Dylan Carlson,26,2025,20126,-0.0046616443,-0.002374873,-0.00252674,0.031074086,0.013731325
Oliver Dunn,27,2025,26295,-0.00370153,-0.004219982,-0.0013283177,0.031062951,0.012258974
Patrick Wisdom,33,2025,13602,-0.0014138729,-0.0029616426,0.0030474553,0.03097986,0.0076102423
Brandon Lowe,30,2025,18882,-0.0026303804,-0.0015235414,0.0021951515,0.030741157,0.009464758
Danny Mendick,31,2025,18889,-0.0023540002,-0.002685047,0.0015662836,0.030668624,0.009389545
Cavan Biggio,30,2025,19252,-0.0025293909,-0.0008021365,0.0030896836,0.030582143,0.009177986
Jace Jung,24,2025,31437,-0.0051119565,-0.0038376309,-0.0040556993,0.030545717,0.016098548
Royce Lewis,26,2025,20437,-0.0051148306,-0.003477454,-0.0044360575,0.030234253,0.01425198
Taylor Ward,31,2025,17548,-0.0022412525,-0.0034216326,0.0014445975,0.03020834,0.009099142
Alec Burleson,26,2025,27615,-0.004714697,-0.0052742646,-0.0041801664,0.029668778,0.014336755
Josh Jung,27,2025,26299,-0.0041497247,-0.0059743584,-0.0020313703,0.029466001,0.012969043
Connor Joe,32,2025,16572,-0.0021036176,-0.0036998019,0.0016241382,0.0289604,0.008327141
Ali Sanchez,28,2025,18551,-0.004450179,-0.011483932,-0.007605768,0.028661884,0.015464913
Korey Lee,26,2025,25543,-0.004879218,-0.0033283676,-0.002933011,0.028622916,0.013935632
Jack Lopez,32,2025,13663,-0.0022240723,-0.0027827518,0.0026110162,0.028465945,0.009045005
Jesus Sanchez,27,2025,19913,-0.004496239,-0.0051274784,-0.0038381754,0.028170893,0.01309988
Trevor Larnach,28,2025,21501,-0.003649562,-0.0024265074,0.0006074406,0.02800253,0.01077272
Jerar Encarnacion,27,2025,21871,-0.0045486414,-0.003922226,-0.0027387696,0.027553517,0.011902746
Mauricio Dubon,30,2025,16530,-0.0031775027,-0.004906695,-0.0012266333,0.027390752,0.009966687
Andy Ibanez,32,2025,18819,-0.002289059,-0.0029580968,0.0026497957,0.027380042,0.0076391837
Davis Schneider,26,2025,23565,-0.004493598,-0.0035288245,-0.0014244198,0.027300444,0.012034455
Bobby Dalbec,30,2025,19966,-0.0030096238,-0.0036027704,0.0016411169,0.02720233,0.009059952
Mason McCoy,30,2025,22232,-0.0030363617,-0.0028646295,0.00050320756,0.026991114,0.008786358
Nick Loftin,26,2025,27630,-0.0045672315,-0.0027616222,-0.0021764792,0.026935264,0.011902001
Rob Refsnyder,34,2025,13770,-0.0016656051,-0.0040666386,0.0022659996,0.026646568,0.006572087
Armando Alvarez,30,2025,19292,-0.0027071366,-0.0041187643,0.000886021,0.026529076,0.0077755335
Joshua Palacios,29,2025,19818,-0.0037014242,-0.00416383,-0.0007291953,0.026522405,0.009887599
Manny Machado,32,2025,11493,-0.0023618324,-0.0042477003,0.001239311,0.026424535,0.007457435
Heliot Ramos,25,2025,22515,-0.0059448676,-0.0040151123,-0.005776048,0.026412312,0.0151472045
Nick Allen,26,2025,22277,-0.005133274,-0.004046822,-0.00258964,0.026376173,0.012781454
Eddie Rosario,33,2025,12155,-0.0020365852,-0.003829634,0.0020414258,0.026192578,0.0069673564
Nick Ahmed,35,2025,12147,-0.0012186414,-0.0051364684,0.002443193,0.02616379,0.006377929
Seth Brown,32,2025,18171,-0.0022878018,-0.0041897474,0.0024581882,0.026064951,0.0070988387
Josh Naylor,28,2025,18839,-0.0043863473,-0.0073255403,-0.0035274487,0.025987184,0.011850132
Jake Cave,32,2025,14477,-0.002369676,-0.003281933,0.0025456548,0.025771823,0.007158423
Austin Hays,29,2025,19363,-0.003799036,-0.0057607037,-0.001362434,0.025554191,0.010285945
Abraham Toro,28,2025,19844,-0.0037520037,-0.0060396157,0.0003206887,0.025252014,0.010815188
Hunter Goodman,25,2025,29715,-0.0054117558,-0.0043214,-0.0039972425,0.02518709,0.013545222
Nelson Velazquez,26,2025,23359,-0.0053763823,-0.004401902,-0.0048860935,0.02503744,0.012780345
Joey Gallo,31,2025,14128,-0.0026085589,-0.0032599785,0.0026597711,0.024942623,0.0075485185
Ildemaro Vargas,33,2025,13324,-0.0022945087,-0.0063211177,-0.0011116909,0.024906622,0.0073275883
Jordan Walker,23,2025,27475,-0.0065130517,-0.0040410794,-0.006318295,0.024797631,0.01536378
Darell Hernaiz,23,2025,26224,-0.00626015,-0.0053190733,-0.007154047,0.02463175,0.016325733
Teoscar Hernandez,32,2025,13066,-0.0025574055,-0.0066979807,-0.00042296873,0.024374759,0.0075388616
David Fry,29,2025,24934,-0.0035347375,-0.0042162505,8.1644874e-05,0.024165463,0.008780575
Jason Vosler,31,2025,16686,-0.0029375514,-0.0039485143,0.0008298515,0.024088059,0.007915998
Jake Rogers,30,2025,19452,-0.0033821848,-0.0032844022,0.0011950432,0.024075821,0.008361497
Justyn-Henry Malloy,25,2025,29606,-0.0053088684,-0.0047622956,-0.0034514624,0.023778666,0.012671902
David Villar,28,2025,24782,-0.0043566753,-0.004514992,-0.0014075418,0.02371952,0.010336567
Michael Busch,27,2025,26319,-0.004254001,-0.00397538,-0.000605083,0.023604676,0.010011084
Austin Wells,25,2025,27562,-0.0055750892,-0.004375016,-0.0041060895,0.02355152,0.013176236
Paul DeJong,31,2025,18015,-0.0027751043,-0.0067660157,0.00027803323,0.023455676,0.008116828
Juan Yepez,27,2025,18400,-0.00482395,-0.0063852035,-0.0020042416,0.023238832,0.011421086
Kerry Carpenter,27,2025,25961,-0.0047923806,-0.0058682887,-0.001466621,0.023181107,0.0109814275
Jon Singleton,33,2025,10441,-0.003253927,-0.004026239,0.0019176204,0.023048973,0.0073544225
Kyle Farmer,34,2025,14813,-0.0022562793,-0.006729976,-0.00055351417,0.023046598,0.0069169533
Andy Pages,24,2025,24816,-0.0059005427,-0.004978873,-0.004988111,0.022952251,0.013895196
Ryan Mountcastle,28,2025,18373,-0.0047042742,-0.005096195,-0.0028285612,0.022871913,0.010214912
Aaron Schunk,27,2025,25524,-0.0043102936,-0.006190683,-0.002409685,0.022845924,0.010876676
Addison Barger,25,2025,24598,-0.005459541,-0.0043996302,-0.003417867,0.022784827,0.01215114
Alika Williams,26,2025,27604,-0.0049955077,-0.0041823653,-0.0016347105,0.022700086,0.011251589
Alex Jackson,29,2025,17276,-0.003876194,-0.0037268347,0.0011292198,0.022637159,0.0090570375
J.P. Crawford,30,2025,15491,-0.0036021878,-0.0045500034,-0.00037040212,0.022177678,0.008173717
Mike Yastrzemski,34,2025,14854,-0.002161709,-0.0041539557,0.0028464484,0.022057205,0.005230705
Ben Gamel,33,2025,12160,-0.0024017384,-0.0037411493,0.0027375426,0.021905271,0.0055240383
Niko Kavadas,26,2025,29782,-0.0050665117,-0.0050289356,-0.0027651137,0.021887572,0.010781226
Kyle Schwarber,32,2025,16478,-0.0027098882,-0.0056806784,0.0016678394,0.021678684,0.0061055645
Paul Goldschmidt,37,2025,9218,-0.0012498695,-0.004573927,0.0037893779,0.02150999,0.0033106778
Anthony Rendon,35,2025,12861,-0.0016942816,-0.006181783,-0.00024008715,0.021443477,0.0043640905
Michael Stefanic,29,2025,25353,-0.0039674076,-0.0046291137,0.00024572804,0.02141115,0.008427169
Benjamin Rice,26,2025,29576,-0.004967158,-0.006099642,-0.003054128,0.02122651,0.011138796
Shea Langeliers,27,2025,25816,-0.0051247687,-0.0060975305,-0.0030677682,0.02122648,0.0110189365
Jeimer Candelario,31,2025,13621,-0.0032138666,-0.006012527,-0.00019842158,0.021180298,0.0074536894
Pedro Pages,26,2025,25782,-0.0051299143,-0.005182671,-0.0028247952,0.021105722,0.010625468
Adley Rutschman,27,2025,26288,-0.005207199,-0.0050961967,-0.0029629983,0.021098733,0.010201223
Brandon Nimmo,32,2025,12927,-0.002710433,-0.005674539,0.0012524284,0.021067193,0.0060186866
Lenyn Sosa,25,2025,22896,-0.0062122396,-0.005524923,-0.0055044815,0.02100062,0.013498117
Bligh Madris,29,2025,20054,-0.0036690123,-0.005416082,0.0008163726,0.020954287,0.007713338
Patrick Bailey,26,2025,27478,-0.005234703,-0.0051076463,-0.0024811446,0.02094049,0.010669326
Ketel Marte,31,2025,13613,-0.0032985671,-0.0066563566,-0.00081929436,0.02094031,0.0072270962
Kody Clemens,29,2025,20572,-0.0041022697,-0.004166471,-0.00017529177,0.020860484,0.008422666
Anthony Santander,30,2025,14551,-0.0036723414,-0.0048544984,0.0001464906,0.02079981,0.0076889494
LaMonte Wade Jr.,31,2025,18126,-0.0030056962,-0.004145556,0.0026582936,0.020743553,0.0063302037
Pavin Smith,29,2025,19892,-0.004030012,-0.0049715918,-6.3450665e-05,0.020735973,0.008390397
Nick Martini,35,2025,12005,-0.0020474975,-0.0062476015,0.002740767,0.020614203,0.005508227
Ryan Noda,29,2025,23312,-0.0035586813,-0.0038934296,0.0014535127,0.02058298,0.007392946
Nathan Lukes,30,2025,18123,-0.0036070636,-0.0049438477,-0.00028215972,0.020500418,0.007111178
Logan O'Hoppe,25,2025,24729,-0.0056392853,-0.007800245,-0.004675454,0.020392094,0.012628552
David Dahl,31,2025,13744,-0.003281878,-0.005167673,0.0015040485,0.02036786,0.006873119
Austin Riley,28,2025,18360,-0.0046481234,-0.0047073886,-0.0022074895,0.020340905,0.009551119
Brent Rooker,30,2025,19627,-0.0039560823,-0.0063408716,-0.0020717087,0.020335777,0.008621547
Junior Caminero,21,2025,28163,-0.0076706195,-0.00430642,-0.0077003012,0.020257313,0.016287595
Matt Thaiss,30,2025,19318,-0.003947403,-0.005792102,-0.0013112904,0.020180302,0.008005185
Ryan O'Hearn,31,2025,16442,-0.0031818887,-0.0049630473,0.0017391376,0.020121457,0.006560431
Cal Raleigh,28,2025,21534,-0.004585573,-0.0055804155,-0.0007759511,0.019990096,0.0091978535
Alex Verdugo,29,2025,17027,-0.0043118144,-0.0073281014,-0.0025849985,0.019705618,0.0086907465
Miguel Rojas,36,2025,7802,-0.0014902729,-0.008599315,0.00051780976,0.019692125,0.0036808352
Luken Baker,28,2025,21497,-0.0042586685,-0.006604266,-0.0011482056,0.019679872,0.008795087
Joey Bart,28,2025,21524,-0.0044992073,-0.0052158,-0.0003425824,0.019591395,0.008739697
William Contreras,27,2025,20503,-0.0053298897,-0.007953073,-0.0049424996,0.019577388,0.010874727
Jeff McNeil,33,2025,15362,-0.0025147446,-0.004811442,0.0030070816,0.019533852,0.0045599374
Joc Pederson,33,2025,11899,-0.002708031,-0.005964843,0.00029125132,0.019514535,0.005569094
Adam Duvall,36,2025,10950,-0.0017492941,-0.004024242,0.0042258184,0.019390887,0.0040578386
Keibert Ruiz,26,2025,19610,-0.0057346122,-0.0075931745,-0.004038106,0.019228302,0.011274115
Ramon Urias,31,2025,18795,-0.00349187,-0.005458184,-0.00039509017,0.019213054,0.006808974
Jesse Winker,31,2025,13590,-0.003078743,-0.00759381,0.001272902,0.019117514,0.006495793
Danny Jansen,30,2025,16535,-0.0036694612,-0.004594133,0.0013364292,0.019095564,0.0068095904
Jose Iglesias,35,2025,10231,-0.002365355,-0.007176672,0.00051922794,0.018971145,0.0047330433
Heston Kjerstad,26,2025,31166,-0.0054670693,-0.0055893674,-0.0031441136,0.01894133,0.010358319
Dominic Fletcher,27,2025,26149,-0.0046324623,-0.0074233,-0.0022118741,0.018911151,0.009091037
Yoan Moncada,30,2025,17232,-0.0040952084,-0.007849722,-0.0011962497,0.018904677,0.0073087174
Bryan De La Cruz,28,2025,19600,-0.00503394,-0.007169922,-0.0037787936,0.018895375,0.009820784
Blake Sabol,27,2025,25805,-0.004940822,-0.0058823833,-0.0020563847,0.018620502,0.008727747
Jonathan Aranda,27,2025,21837,-0.0052213557,-0.0049083754,-0.0020717306,0.018495977,0.009452179
Max Muncy,34,2025,13301,-0.0023848575,-0.0044134916,0.0036368861,0.018310068,0.0040067607
Ryan Vilade,26,2025,22165,-0.0054197195,-0.005260071,-0.0022956592,0.018135684,0.009738153
Andrew McCutchen,38,2025,9847,-0.0009780867,-0.009044072,0.002528003,0.017986834,0.002667879
Rafael Marchan,26,2025,21646,-0.005962532,-0.0053824647,-0.0031548564,0.01797148,0.011049062
Ignacio Alvarez,22,2025,31765,-0.007126018,-0.0041979435,-0.0055765677,0.017923044,0.013929746
Travis Blankenhorn,28,2025,18395,-0.004930804,-0.005261278,-0.0015311943,0.017893804,0.008804504
Dominic Smith,30,2025,15653,-0.003925314,-0.0059924205,0.00017543424,0.017856864,0.007015144
Ryan Jeffers,28,2025,24618,-0.005171401,-0.0070644557,-0.003351155,0.017592294,0.0095492685
Christian Walker,34,2025,13419,-0.0025440764,-0.0065581477,0.00090849516,0.017450918,0.0040018354
Will Smith,30,2025,19197,-0.0036783293,-0.006093993,0.00101789,0.017436048,0.006468644
Alec Bohm,28,2025,21618,-0.0052393572,-0.008660867,-0.005297739,0.017402526,0.009893394
Vladimir Guerrero Jr.,26,2025,19611,-0.0059936023,-0.008939774,-0.0057906792,0.017315894,0.0115716625
Luis Matos,23,2025,26467,-0.0069196997,-0.004972268,-0.0050238674,0.017211942,0.012693161
Isaac Paredes,26,2025,20036,-0.005926051,-0.0061606006,-0.003767761,0.017143538,0.010468215
Brett Baty,25,2025,26123,-0.0060748733,-0.0061292644,-0.0043303827,0.016941125,0.01133954
Pete Alonso,30,2025,19251,-0.0040273853,-0.0072402074,-0.0010759489,0.016826069,0.0068736617
Dominic Canzone,27,2025,26438,-0.005129327,-0.006591681,-0.0023845152,0.016825328,0.009105305
Yordan Alvarez,28,2025,19556,-0.0052536004,-0.0074275415,-0.0025632342,0.016783033,0.008677199
Kevin Pillar,36,2025,12434,-0.00184036,-0.008714584,-0.00022754417,0.016631491,0.0040227794
Curtis Mead,24,2025,23986,-0.0068253456,-0.0075892275,-0.0062738294,0.016603962,0.01218648
Justin Foscue,26,2025,27501,-0.0055014784,-0.0060979454,-0.0032133781,0.016482249,0.009742594
Robbie Grossman,35,2025,5254,-0.0022205124,-0.0064052185,0.0028403017,0.016449045,0.0030319765
Tyler Nevin,28,2025,17893,-0.0051861564,-0.006998117,-0.002928771,0.016440727,0.008854966
Jose Herrera,28,2025,17040,-0.0050332653,-0.006868504,-0.0019265387,0.016420275,0.008422712
Mark Canha,36,2025,11445,-0.001853437,-0.0068104127,0.0031467122,0.01640654,0.0023408318
Ben Rortvedt,27,2025,20287,-0.005878534,-0.0062568816,-0.0036617967,0.016349964,0.009907865
Chadwick Tromp,30,2025,16953,-0.004146754,-0.006145475,-0.00089970796,0.016194506,0.0067267856
Lourdes Gurriel Jr.,31,2025,19238,-0.0037268498,-0.009226613,-0.0023585742,0.016173493,0.006474749
Rafael Devers,28,2025,17350,-0.0052975523,-0.007892385,-0.0039914683,0.016122758,0.008944393
Triston Casas,25,2025,22514,-0.0066211238,-0.0073345033,-0.005647005,0.016039725,0.011732036
Willson Contreras,33,2025,11609,-0.002916948,-0.009319653,-0.0009452828,0.0159491,0.0047263005
Reese McGuire,30,2025,15674,-0.0041971654,-0.008603535,-0.001253397,0.015856056,0.0069551086
Gabriel Moreno,25,2025,22664,-0.00678831,-0.008973914,-0.007844237,0.015837707,0.012623962
Luis De Los Santos,27,2025,21682,-0.0051349867,-0.0065080556,-0.002674272,0.01581211,0.008735628
Logan Driscoll,27,2025,25475,-0.0051349867,-0.0065080556,-0.002674272,0.01581211,0.008735628
Kyle Manzardo,24,2025,29794,-0.0065331464,-0.005560303,-0.0045157224,0.015774203,0.011329075
Christian Bethancourt,33,2025,10028,-0.0030068462,-0.007661245,0.000108880464,0.01572793,0.004382212
Jhonkensy Noel,23,2025,24257,-0.007001327,-0.0052115973,-0.0051827026,0.015590169,0.012248076
Mark Vientos,25,2025,22184,-0.006311725,-0.006788057,-0.003969193,0.015528254,0.010713989
Jonathan Ornelas,25,2025,24597,-0.0062049525,-0.0059833815,-0.004028698,0.015439186,0.010430982
Tristan Gray,29,2025,19877,-0.004478246,-0.0067554684,-0.0015285631,0.015377998,0.007214062
Spencer Torkelson,25,2025,27465,-0.006680308,-0.0062832297,-0.0052258233,0.015377892,0.011445292
Carson Kelly,30,2025,13620,-0.0044359164,-0.0069575384,-0.0013960099,0.015340181,0.0066416506
Jonah Heim,30,2025,16930,-0.0042510526,-0.007201593,-0.0011097809,0.01515766,0.006567811
Casey Schmitt,26,2025,27577,-0.0057631875,-0.0070673954,-0.0036629322,0.01513217,0.009465309
Graham Pauley,24,2025,31363,-0.0066982964,-0.005814378,-0.006268669,0.015085564,0.0120581975
Thomas Saggese,23,2025,27883,-0.007056736,-0.005373632,-0.0052285492,0.015075051,0.012076704
Austin Shenton,27,2025,25425,-0.005050159,-0.006573749,-0.0013771709,0.015032575,0.007954956
Miguel Amaya,26,2025,21693,-0.0057439147,-0.0063418285,-0.0035969946,0.014996648,0.009248894
Max Kepler,32,2025,12144,-0.0032782971,-0.007221451,0.0012212222,0.014969843,0.004596081
Coby Mayo,23,2025,28312,-0.007073326,-0.005422912,-0.005242396,0.014920121,0.012025042
Emmanuel Rivera,29,2025,19890,-0.0049374634,-0.007971295,-0.0034721077,0.0148985805,0.0077956584
Dillon Dingler,26,2025,27464,-0.00565616,-0.006679911,-0.0033261708,0.014722669,0.00908275
Zachary Dezenzo,25,2025,31562,-0.0061369683,-0.0063786465,-0.00394164,0.014650528,0.009932125
Nick Castellanos,33,2025,11737,-0.0031416786,-0.009883833,-0.0012260474,0.014640016,0.0042518186
D.J. Stewart,31,2025,17766,-0.0039009785,-0.00756442,-3.422219e-06,0.01462796,0.005551382
Javier Sanoja,22,2025,28253,-0.007518338,-0.00516953,-0.0059193657,0.014570976,0.012899447
Rhys Hoskins,32,2025,16472,-0.0036215733,-0.008600314,-0.00033931612,0.014567618,0.005291311
James McCann,35,2025,12859,-0.0025294153,-0.0076032416,0.0008920999,0.014563095,0.0025472625
Leo Jimenez,24,2025,23782,-0.006650799,-0.005961307,-0.0046083587,0.014561764,0.010901197
David Hensley,29,2025,25111,-0.005144668,-0.008297827,-0.0035413771,0.014450898,0.008446992
Jake Burger,29,2025,22275,-0.0051004295,-0.0075539043,-0.00321876,0.01443317,0.0078331595
Jacob Wilson,23,2025,33266,-0.0071364488,-0.005613709,-0.0052956096,0.014328113,0.011827052
Corey Seager,31,2025,13624,-0.004058669,-0.008129942,-0.0006479307,0.014275048,0.005685538
Luis Torrens,29,2025,15905,-0.0049362066,-0.007949289,-0.0022145407,0.014182486,0.007630326
Shay Whitcomb,26,2025,27789,-0.005708647,-0.006882001,-0.0033654964,0.014125836,0.008859311
Nolan Arenado,34,2025,9777,-0.002755818,-0.008870571,-0.00038985923,0.014066024,0.003583808
Luis Urias,28,2025,16622,-0.005432621,-0.007898165,-0.003319642,0.014031231,0.008117246
Seby Zavala,31,2025,18887,-0.003693228,-0.007815034,0.0005709914,0.013868012,0.0051588234
Michael Conforto,32,2025,16376,-0.0038864005,-0.007419421,-0.0009971252,0.013837441,0.0051701358
Luis Guillorme,30,2025,16451,-0.0046741962,-0.009016036,-0.0036646675,0.013826323,0.007532769
Gavin Sheets,29,2025,19901,-0.005007721,-0.008096373,-0.002362613,0.013805871,0.0074446118
Johnathan Rodriguez,25,2025,22530,-0.006233772,-0.0067641647,-0.004019547,0.0135523435,0.009524739
Riley Adams,29,2025,19864,-0.0049932944,-0.008852479,-0.0034031624,0.013497236,0.00732551
Jurickson Profar,32,2025,10815,-0.0035940027,-0.00901751,-0.0011226144,0.013399894,0.004566068
Spencer Horwitz,27,2025,26477,-0.005741446,-0.007295184,-0.0039941855,0.013351457,0.008388634
Matt Olson,31,2025,14344,-0.0039705886,-0.007041205,-0.00012819328,0.013295503,0.0049544745
Eric Wagaman,27,2025,23395,-0.0053675873,-0.007376106,-0.0028388216,0.013155715,0.0077339346
Kyle Stowers,27,2025,26151,-0.0059535224,-0.008465309,-0.0051687816,0.012734233,0.009349932
Kyle McCann,27,2025,25575,-0.005415937,-0.0076733124,-0.0028932753,0.012681425,0.0076244315
Jason Heyward,35,2025,4940,-0.002726382,-0.007943546,0.0004927772,0.012651958,0.0023778777
Griffin Conine,27,2025,21626,-0.0054120547,-0.0075485,-0.002871162,0.012644864,0.007540956
Will Wagner,26,2025,29634,-0.00584025,-0.0073991353,-0.0034666378,0.012631022,0.008300824
Tyler Stephenson,28,2025,17988,-0.005692086,-0.008680365,-0.0045673414,0.012515604,0.008198519
Brian Serven,30,2025,19422,-0.0047327476,-0.007861204,-0.0018692997,0.012356695,0.006355221
Jhonny Pereda,29,2025,19802,-0.004518973,-0.007722403,-0.0015073549,0.0123415375,0.005818883
Eguy Rosario,25,2025,19964,-0.0068229516,-0.008256603,-0.0058783954,0.012236542,0.01049589
Orlando Arcia,30,2025,13185,-0.004878595,-0.00823146,-0.0032264628,0.0122357095,0.006426225
Christian Encarnacion-Strand,25,2025,30011,-0.0065441984,-0.0077670123,-0.00609765,0.012231126,0.010243949
Yainer Diaz,26,2025,23003,-0.0064201904,-0.008528039,-0.0048579373,0.012088948,0.009465445
Elehuris Montero,26,2025,20543,-0.006384124,-0.007864389,-0.0051325853,0.01184961,0.009159756
Andrew Knizner,30,2025,19514,-0.0048922203,-0.0092086885,-0.0031483746,0.011833515,0.006435882
Francisco Alvarez,23,2025,26121,-0.00796761,-0.008080725,-0.009990173,0.011738805,0.013857472
Jamie Westbrook,30,2025,15504,-0.004108142,-0.007867119,-0.0008405851,0.0116724735,0.004771753
Davis Wendzel,28,2025,26469,-0.0052206516,-0.008674996,-0.0042139753,0.01154987,0.0074007236
Charlie Blackmon,38,2025,7859,-0.0018329994,-0.00826726,0.0024545975,0.011490965,0.000660465
Cesar Salazar,29,2025,21587,-0.005131822,-0.008401651,-0.0036788585,0.011490103,0.0067123603
Jonah Bride,29,2025,24703,-0.0051195775,-0.010597114,-0.0039424268,0.01146596,0.007419644
Alex Kirilloff,27,2025,20325,-0.005900343,-0.008896175,-0.0042361887,0.011405514,0.008043911
Mitch Garver,34,2025,15161,-0.0030227706,-0.007952905,0.00060151337,0.011353673,0.0025559755
Freddy Fermin,30,2025,21840,-0.0045386446,-0.009700401,-0.0037130623,0.011335899,0.0066902405
Enrique Hernandez,33,2025,10472,-0.0035516557,-0.009551329,-0.0027626376,0.011025615,0.003969214
Anthony Rizzo,35,2025,3473,-0.0024326053,-0.010649247,0.00082114013,0.011011245,0.002318575
Eloy Jimenez,28,2025,17484,-0.00581446,-0.009044763,-0.0046586664,0.010971189,0.007822422
Miguel Sano,32,2025,12164,-0.004289389,-0.010768638,-0.0019373316,0.010866873,0.005083713
Randal Grichuk,33,2025,10243,-0.0034835855,-0.009329781,-0.0006477651,0.010662932,0.0032870348
Tyler Soderstrom,23,2025,27467,-0.007735606,-0.0073845913,-0.007161014,0.010643721,0.0117342295
Alex Bregman,31,2025,17678,-0.004417338,-0.0100490935,-0.0030507343,0.010583893,0.005160272
Jose Miranda,27,2025,20538,-0.006342122,-0.010023451,-0.007600552,0.010532719,0.00968443
Brandon Crawford,38,2025,5343,-0.002082975,-0.007612411,0.002208782,0.010196205,0.00043673234
Brandon Drury,32,2025,11615,-0.0036023846,-0.010224164,-0.0009379671,0.010184634,0.0038933258
David Bote,32,2025,14593,-0.004481232,-0.009662168,-0.00251994,0.010149857,0.0051171086
Omar Narvaez,33,2025,13338,-0.0035252888,-0.008249547,0.00046008383,0.010049429,0.0029123824
Gio Urshela,33,2025,10681,-0.0039186305,-0.011188802,-0.004706386,0.009882004,0.0045927074
Austin Hedges,32,2025,12976,-0.004114566,-0.009768432,-0.0023929744,0.009879387,0.004395582
Hunter Renfroe,33,2025,15464,-0.0035900818,-0.008803836,-0.0005988646,0.009832584,0.0030575527
Andrew Vaughn,27,2025,26197,-0.0061447113,-0.009710222,-0.0049110916,0.009746179,0.008054885
Willie Calhoun,30,2025,17838,-0.0052047772,-0.00948873,-0.004060815,0.0096918885,0.006265206
Eric Haase,32,2025,14111,-0.0040902463,-0.01034423,-0.0026652701,0.009631321,0.0042956076
Nathaniel Lowe,29,2025,19566,-0.005239549,-0.010693661,-0.0031179523,0.0094907,0.006092493
Vinnie Pasquantino,27,2025,27676,-0.0061864173,-0.01020882,-0.004751457,0.009254872,0.0077873883
Rene Pinto,28,2025,19859,-0.006152005,-0.009912594,-0.0051199845,0.009226947,0.007837125
Austin Barnes,35,2025,12158,-0.0027198673,-0.011387384,-0.00020324856,0.009211442,0.0015792706
Chuckie Robinson,30,2025,19824,-0.0051978575,-0.009759042,-0.0043870355,0.008774107,0.006156502
Mike Ford,32,2025,15585,-0.003935752,-0.00927675,0.00019205024,0.008660746,0.0031771346
Brendan Rodgers,28,2025,17907,-0.0061340914,-0.009929221,-0.006192796,0.008612022,0.007779296
Jared Walsh,31,2025,18607,-0.0041760723,-0.010845062,-0.0020932944,0.008589982,0.0040674955
Masataka Yoshida,31,2025,31837,-0.0042444305,-0.011163993,-0.0023833672,0.008571845,0.0036321043
Yuli Gurriel,41,2025,19198,-0.0014515021,-0.010071824,0.00093037245,0.008458892,-0.0010297862
Kyle Higashioka,35,2025,5517,-0.0029698967,-0.008788629,0.001270113,0.008417793,0.0013396268
Eugenio Suarez,33,2025,12552,-0.0036309278,-0.009321901,0.0004584995,0.008310391,0.00234875
Jose Trevino,32,2025,16725,-0.004117667,-0.010520038,-0.003000631,0.008273179,0.00386128
Jorge Soler,33,2025,14221,-0.0036949208,-0.010405427,-0.001943797,0.0078426665,0.002780565
Carlos Santana,39,2025,2396,-0.0020332758,-0.008363447,0.0027263747,0.007634081,-0.0006823242
Mitch Haniger,34,2025,14274,-0.0036127376,-0.009304655,-0.0007250713,0.0074614976,0.0018721157
Marcell Ozuna,34,2025,10324,-0.0034549695,-0.009898263,-0.00011826334,0.007196035,0.0015513434
Curt Casali,36,2025,12510,-0.0028607366,-0.008421643,0.0019460146,0.0071429242,0.00032305717
J.D. Davis,32,2025,16219,-0.004441488,-0.010724751,-0.0031393254,0.007019201,0.0036921601
Gary Sanchez,32,2025,11442,-0.004094179,-0.010917957,-0.0014928667,0.006922328,0.0030865977
Wilmer Flores,33,2025,5827,-0.003753082,-0.009988478,0.000108816166,0.0064435,0.001880423
David Peralta,37,2025,2136,-0.0023337903,-0.010173583,0.0018956958,0.0063844444,-2.457036e-05
Luis Campusano,26,2025,22217,-0.0070023057,-0.01060236,-0.0074796085,0.0063674115,0.008740405
Rowdy Tellez,30,2025,15679,-0.0053727636,-0.011986455,-0.004440222,0.006120343,0.0052034813
Luke Maile,34,2025,13355,-0.0035887514,-0.011578598,-0.0023685405,0.0061194357,0.0019311035
Sean Murphy,30,2025,19352,-0.005477866,-0.011199996,-0.004886387,0.006060849,0.005252978
Tucker Barnhart,34,2025,10200,-0.0036273191,-0.010816864,-0.0008006403,0.00562834,0.0013473837
Victor Caratini,31,2025,14968,-0.0050426703,-0.013121154,-0.0048175855,0.00544957,0.004597265
Tomas Nido,31,2025,13755,-0.0050537796,-0.012066119,-0.004451179,0.005357477,0.0044679767
Ty France,30,2025,17982,-0.005495191,-0.012838364,-0.00528353,0.004841588,0.005066018
Alejandro Kirk,26,2025,22581,-0.0069800923,-0.012598092,-0.0070153917,0.0045846263,0.007704455
Josh Bell,32,2025,13145,-0.0045712227,-0.0123054655,-0.0031950066,0.004495786,0.0029890323
Daniel Vogelbach,32,2025,14130,-0.0044998266,-0.01202128,-0.0019183859,0.0040418417,0.0025279324
Avisail Garcia,34,2025,5760,-0.003166444,-0.014080646,-0.004451045,0.004037848,0.0013347922
Kris Bryant,33,2025,15429,-0.0042000357,-0.011436549,-0.002104897,0.003912824,0.0017404018
Elias Diaz,34,2025,11680,-0.0037215073,-0.011726109,-0.00073868426,0.0037297427,0.00083811994
Aledmys Diaz,34,2025,15937,-0.0039217155,-0.012893751,-0.002564205,0.0027741592,0.0012029087
Yandy Diaz,33,2025,16578,-0.0040459675,-0.013556313,-0.0028212315,0.0027399722,0.001550205
DJ LeMahieu,36,2025,9874,-0.002899148,-0.013807395,-0.0011754297,0.002677725,-0.0004289382
Matt Carpenter,39,2025,8090,-0.002357147,-0.011086924,0.0026111337,0.0023553246,-0.0020703673
Garrett Cooper,34,2025,15279,-0.003880201,-0.011952658,-0.0011987347,0.0021115085,0.00043950975
Joey Meneses,33,2025,14366,-0.0046732365,-0.0131929,-0.0046146056,0.0020512277,0.0021681562
Yan Gomes,37,2025,9627,-0.0030608291,-0.012224819,-0.0009573357,0.001480443,-0.0015158703
Carlos Correa,30,2025,14162,-0.005967855,-0.013888593,-0.0065567447,0.0014170461,0.00463333
Christian Vazquez,34,2025,9774,-0.004055171,-0.015895745,-0.0032185041,0.0011906261,0.000944924
Donovan Solano,37,2025,8623,-0.002947584,-0.012190411,0.0011273855,0.0003467245,-0.0021282088
Salvador Perez,35,2025,7304,-0.003577735,-0.01274022,-7.6927136e-05,0.00032129613,-0.0009285824
Tom Murphy,34,2025,13499,-0.004256686,-0.013129944,-0.002464477,-0.00011687071,0.00017274584
Travis d'Arnaud,36,2025,7739,-0.003517546,-0.013058756,-0.0010224016,-0.00086880045,-0.001651297
Giancarlo Stanton,35,2025,4949,-0.003665558,-0.013734416,-0.0004632665,-0.0012195033,-0.0011435316
Justin Turner,40,2025,5235,-0.0022386163,-0.013164122,0.0012800618,-0.0012721753,-0.0036569769
Jose Abreu,38,2025,15676,-0.0029537964,-0.012947389,-0.00036985805,-0.0021315669,-0.002894832
Martin Maldonado,38,2025,6887,-0.0029211761,-0.013642049,0.0007921128,-0.0026657898,-0.003176315
Jacob Stallings,35,2025,13723,-0.00411762,-0.0167049,-0.003471537,-0.00492651,-0.0014572425
Yasmani Grandal,36,2025,11368,-0.0035930253,-0.016708653,-0.0011999321,-0.005140133,-0.002765465
J.D. Martinez,37,2025,6184,-0.0035205074,-0.01594497,-0.001550706,-0.0061942083,-0.0035712207
