Name,Age,Year,IDfg,Pos,DRS/150,UZR/150,OAA/150,RngR/150,ErrR/150,DPR/150,Inn,ARM/150,FRM/150,rSB/150,rCERA/150
Dansby Swanson,45.0,2039,18314,SS,-4.3745327,0.28957584500312805,-2.599069833755493,1.0875465869903564,1.1425679922103882,-0.8462271094322205,465.0468,,,,
Bobby Witt Jr.,39.0,2039,25764,SS,-4.3543196,0.42419010400772095,-2.6367201805114746,0.8362558484077454,1.153029203414917,-0.7454715967178345,466.57095,,,,
Francisco Lindor,45.0,2039,12916,SS,-4.374532,0.2895765006542206,-2.599069356918335,1.0875462293624878,1.1425679922103882,-0.8462272882461548,465.04675,,,,
Elly De La Cruz,37.0,2039,26668,SS,-4.178146,0.4789852499961853,-2.540621519088745,0.7449495792388916,1.1118500232696533,-0.6814209222793579,476.90518,,,,
Ezequiel Tovar,37.0,2039,24064,SS,-4.1780825,0.47898826003074646,-2.540576457977295,0.7449513673782349,1.111845850944519,-0.6814194917678833,476.9072,,,,
Anthony Volpe,38.0,2039,27647,SS,-4.283545,0.4516508877277374,-2.5979645252227783,0.7913890480995178,1.1363753080368042,-0.7162976861000061,470.77765,,,,
Marcus Semien,48.0,2039,12533,2B,-4.313318,0.23623177409172058,-2.536071300506592,1.1821538209915161,1.107862114906311,-0.8776876330375671,471.32312,,,,
Andres Gimenez,40.0,2039,19950,2B,-4.397124,0.39768970012664795,-2.6583173274993896,0.880312979221344,1.1628791093826294,-0.7697502374649048,463.8888,,,,
Otto Lopez,40.0,2039,19608,2B,-4.397105,0.39769217371940613,-2.6582889556884766,0.8803147077560425,1.1628779172897339,-0.7697486281394958,463.88892,,,,
Matt Chapman,46.0,2039,16505,3B,-4.3527117,0.27143046259880066,-2.5758163928985596,1.1222827434539795,1.1314326524734497,-0.8571849465370178,466.94415,,,,
Joey Ortiz,40.0,2039,25493,3B,-4.3971167,0.3976908326148987,-2.6583034992218018,0.8803134560585022,1.1628785133361816,-0.769749104976654,463.88873,,,,
Miguel Rojas,50.0,2039,7802,SS,-4.2845664,0.20196469128131866,-2.5086841583251953,1.2306687831878662,1.08443021774292,-0.896818995475769,475.95334,,,,
Nolan Arenado,48.0,2039,9777,3B,-4.3133163,0.23623155057430267,-2.536072015762329,1.182153582572937,1.107862114906311,-0.8776876330375671,471.3232,,,,
Nico Hoerner,42.0,2039,21479,2B,-4.4209666,0.34965652227401733,-2.658691167831421,0.9671871662139893,1.1656858921051025,-0.8070154190063477,462.03046,,,,
Ryan McMahon,44.0,2039,15112,3B,-4.39531,0.3084082007408142,-2.622495412826538,1.0497430562973022,1.1525535583496094,-0.8345078229904175,463.49722,,,,
Masyn Winn,37.0,2039,27479,SS,-4.17811,0.4789881706237793,-2.54059100151062,0.7449509501457214,1.1118476390838623,-0.681419849395752,476.90622,,,,
Nick Ahmed,49.0,2039,12147,SS,-4.2975035,0.21898183226585388,-2.520838499069214,1.2076690196990967,1.0960465669631958,-0.8874140977859497,473.6356,,,,
Brayan Rocchio,38.0,2039,23690,SS,-4.283512,0.45165446400642395,-2.5979225635528564,0.7913899421691895,1.1363741159439087,-0.7162962555885315,470.77817,,,,
Orlando Arcia,44.0,2039,13185,SS,-4.395301,0.30840978026390076,-2.6224846839904785,1.049743413925171,1.1525541543960571,-0.8345070481300354,463.49725,,,,
Alex Bregman,45.0,2039,17678,3B,-4.3745303,0.28957605361938477,-2.5990688800811768,1.087546467781067,1.1425673961639404,-0.8462272882461548,465.0468,,,,
Corey Seager,45.0,2039,13624,SS,-4.3745275,0.28957605361938477,-2.599069118499756,1.087546467781067,1.1425668001174927,-0.8462272882461548,465.04697,,,,
Thairo Estrada,43.0,2039,16426,2B,-4.41204,0.3283025324344635,-2.6434438228607178,1.0093713998794556,1.1605851650238037,-0.8216239213943481,462.43884,,,,
Ha-seong Kim,43.0,2039,27506,SS,-4.412048,0.3283020853996277,-2.6434473991394043,1.0093715190887451,1.1605863571166992,-0.821624219417572,462.43857,,,,
Ketel Marte,45.0,2039,13613,2B,-4.374529,0.2895761728286743,-2.599069833755493,1.087546944618225,1.1425673961639404,-0.8462272882461548,465.04697,,,,
Josh Rojas,45.0,2039,19734,3B,-4.3745275,0.28957605361938477,-2.599069118499756,1.0875468254089355,1.1425673961639404,-0.8462272882461548,465.04706,,,,
Carlos Correa,44.0,2039,14162,SS,-4.3952956,0.3084087669849396,-2.6224827766418457,1.0497435331344604,1.1525541543960571,-0.8345073461532593,463.49762,,,,
Ke'Bryan Hayes,42.0,2039,18577,3B,-4.420957,0.3496560752391815,-2.6586899757385254,0.9671872854232788,1.1656852960586548,-0.8070158362388611,462.0309,,,,
Willy Adames,43.0,2039,15986,SS,-4.4120445,0.32830408215522766,-2.643439769744873,1.0093722343444824,1.1605851650238037,-0.8216229677200317,462.4384,,,,
Brice Turang,39.0,2039,22186,2B,-4.354309,0.42418989539146423,-2.636721611022949,0.8362562656402588,1.1530280113220215,-0.7454720139503479,466.57162,,,,
Maikel Garcia,39.0,2039,22715,3B,-4.3542976,0.4241950213909149,-2.6366779804229736,0.8362569212913513,1.1530280113220215,-0.7454698085784912,466.57092,,,,
Alec Bohm,42.0,2039,21618,3B,-4.4209557,0.3496583104133606,-2.658676862716675,0.9671878814697266,1.165684700012207,-0.8070144057273865,462.03076,,,,
Jazz Chisholm Jr.,41.0,2039,20454,3B,-4.417583,0.37276774644851685,-2.6646981239318848,0.9239873290061951,1.1667885780334473,-0.7899839878082275,462.44977,,,,
Eugenio Suarez,47.0,2039,12552,3B,-4.3318987,0.2536989748477936,-2.554497241973877,1.1537833213806152,1.1197348833084106,-0.8676285147666931,469.06866,,,,
Luis Garcia,39.0,2039,20391,2B,-4.354313,0.42419469356536865,-2.6366846561431885,0.8362571001052856,1.153029203414917,-0.7454699873924255,466.5702,,,,
Xander Bogaerts,46.0,2039,12161,2B,-4.352706,0.27143046259880066,-2.5758137702941895,1.1222820281982422,1.131432056427002,-0.8571845889091492,466.94446,,,,
Jose Caballero,42.0,2039,23401,SS,-4.4209466,0.34965741634368896,-2.658677101135254,0.9671875238418579,1.1656841039657593,-0.8070148825645447,462.0312,,,,
Gunnar Henderson,38.0,2039,26289,SS,-4.283535,0.45165112614631653,-2.5979578495025635,0.7913891077041626,1.136373519897461,-0.7162973880767822,470.77795,,,,
Edmundo Sosa,43.0,2039,17022,SS,-4.412039,0.3283022940158844,-2.643444776535034,1.0093719959259033,1.1605857610702515,-0.8216240406036377,462.43896,,,,
Jordan Westburg,40.0,2039,27815,3B,-4.397078,0.3976972997188568,-2.6582491397857666,0.8803163170814514,1.1628756523132324,-0.7697465419769287,463.88916,,,,
DJ LeMahieu,50.0,2039,9874,3B,-4.284566,0.20196469128131866,-2.508683204650879,1.2306689023971558,1.0844296216964722,-0.8968188762664795,475.95334,,,,
Jose Ramirez,46.0,2039,13510,3B,-4.352708,0.2714309096336365,-2.575812816619873,1.1222823858261108,1.131432056427002,-0.8571847677230835,466.9443,,,,
Kevin Newman,45.0,2039,17696,SS,-4.3745255,0.28957661986351013,-2.599066734313965,1.0875463485717773,1.1425679922103882,-0.8462274670600891,465.04712,,,,
Gio Urshela,47.0,2039,10681,3B,-4.331902,0.25369787216186523,-2.554500102996826,1.153782606124878,1.1197348833084106,-0.8676287531852722,469.06866,,,,
J.P. Crawford,44.0,2039,15491,SS,-4.3953,0.3084077537059784,-2.622488260269165,1.049743413925171,1.1525535583496094,-0.8345075845718384,463.4976,,,,
Ernie Clement,43.0,2039,20352,SS,-4.412042,0.32830139994621277,-2.6434502601623535,1.0093715190887451,1.160586953163147,-0.821624219417572,462.43896,,,,
Zach McKinstry,44.0,2039,19392,SS,-4.3952966,0.30840709805488586,-2.6224875450134277,1.049743413925171,1.1525535583496094,-0.834507405757904,463.49768,,,,
Willi Castro,42.0,2039,17338,SS,-4.4209356,0.3496593236923218,-2.658663511276245,0.9671892523765564,1.1656835079193115,-0.8070138096809387,462.0313,,,,
Paul DeJong,45.0,2039,18015,3B,-4.3745275,0.28957638144493103,-2.599069833755493,1.087546467781067,1.1425673961639404,-0.8462272882461548,465.04697,,,,
Nicky Lopez,44.0,2039,19339,2B,-4.3952966,0.30840864777565,-2.622488021850586,1.049743413925171,1.1525535583496094,-0.8345075845718384,463.49765,,,,
Max Schuemann,42.0,2039,24488,SS,-4.4209447,0.34965842962265015,-2.6586735248565674,0.9671887755393982,1.1656841039657593,-0.8070144057273865,462.03104,,,,
Isiah Kiner-Falefa,44.0,2039,16512,3B,-4.3953,0.3084069788455963,-2.6224915981292725,1.0497428178787231,1.1525535583496094,-0.8345078229904175,463.49765,,,,
Brendan Donovan,42.0,2039,24679,2B,-4.4209433,0.3496578633785248,-2.658673048019409,0.9671887755393982,1.1656835079193115,-0.8070145845413208,462.03122,,,,
Ildemaro Vargas,47.0,2039,13324,3B,-4.3319,0.25369787216186523,-2.554501533508301,1.1537823677062988,1.1197348833084106,-0.867628812789917,469.0687,,,,
Jose Caballero,42.0,2039,23401,3B,-4.4209476,0.34965741634368896,-2.6586780548095703,0.9671878814697266,1.1656841039657593,-0.8070147633552551,462.0311,,,,
Ernie Clement,43.0,2039,20352,3B,-4.4120407,0.3283015191555023,-2.6434478759765625,1.0093713998794556,1.1605857610702515,-0.821624219417572,462.43887,,,,
Brett Wisely,40.0,2039,27735,SS,-4.3970895,0.39769574999809265,-2.6582608222961426,0.8803161382675171,1.1628767251968384,-0.7697470188140869,463.88895,,,,
Bo Bichette,41.0,2039,19612,SS,-4.4175854,0.37276819348335266,-2.664698839187622,0.9239870309829712,1.1667885780334473,-0.789983868598938,462.44962,,,,
Ezequiel Duran,40.0,2039,23733,3B,-4.3970785,0.397696852684021,-2.6582512855529785,0.8803166747093201,1.1628756523132324,-0.7697465419769287,463.88913,,,,
Jeremy Pena,41.0,2039,21636,SS,-4.4176087,0.37276551127433777,-2.664721727371216,0.9239854216575623,1.1667897701263428,-0.7899850606918335,462.4491,,,,
Kyle Farmer,48.0,2039,14813,2B,-4.313316,0.23623088002204895,-2.5360753536224365,1.182153582572937,1.1078609228134155,-0.8776876330375671,471.3233,,,,
Trey Sweeney,39.0,2039,29575,SS,-4.3542814,0.42419758439064026,-2.6366565227508545,0.8362579941749573,1.1530262231826782,-0.7454689145088196,466.57114,,,,
Jared Triolo,41.0,2039,25807,3B,-4.417577,0.37276795506477356,-2.6646981239318848,0.9239871501922607,1.1667885780334473,-0.7899842858314514,462.4501,,,,
Michael Massey,41.0,2039,27684,2B,-4.417581,0.3727684020996094,-2.66469407081604,0.9239873886108398,1.1667885780334473,-0.7899838089942932,462.4498,,,,
Nasim Nunez,38.0,2039,25979,SS,-4.2835174,0.45166295766830444,-2.597874402999878,0.7913911938667297,1.136375904083252,-0.7162941098213196,470.77643,,,,
Geraldo Perdomo,39.0,2039,22799,SS,-4.3542814,0.42419567704200745,-2.636665105819702,0.8362576365470886,1.153026819229126,-0.7454693913459778,466.57138,,,,
Bryson Stott,41.0,2039,26294,2B,-4.4175997,0.37276673316955566,-2.664710521697998,0.92398601770401,1.1667897701263428,-0.7899845242500305,462.44928,,,,
David Hamilton,41.0,2039,27531,2B,-4.4175816,0.3727680742740631,-2.664698839187622,0.9239872097969055,1.166789174079895,-0.7899843454360962,462.44998,,,,
Andy Ibanez,46.0,2039,18819,2B,-4.352707,0.2714306712150574,-2.575815200805664,1.1222827434539795,1.131432056427002,-0.8571848273277283,466.94446,,,,
Zack Gelof,39.0,2039,29766,2B,-4.3543115,0.4241926670074463,-2.6367011070251465,0.8362564444541931,1.153029203414917,-0.7454708218574524,466.5708,,,,
Trevor Story,46.0,2039,12564,SS,-4.352708,0.2714305520057678,-2.575814723968506,1.12228262424469,1.1314332485198975,-0.8571852445602417,466.94443,,,,
Kevin Newman,45.0,2039,17696,2B,-4.3745284,0.28957515954971313,-2.599069118499756,1.0875458717346191,1.1425679922103882,-0.8462274670600891,465.0471,,,,
Colt Keith,37.0,2039,27899,2B,-4.1781483,0.47899162769317627,-2.540576457977295,0.7449504733085632,1.111850619316101,-0.6814191937446594,476.90353,,,,
Royce Lewis,40.0,2039,20437,3B,-4.3970904,0.3976970911026001,-2.658252239227295,0.8803163170814514,1.1628773212432861,-0.7697466015815735,463.88867,,,,
Brett Baty,39.0,2039,26123,3B,-4.354281,0.42419904470443726,-2.636638641357422,0.8362587690353394,1.1530274152755737,-0.7454679608345032,466.57077,,,,
Jonathan India,42.0,2039,21523,2B,-4.4209504,0.3496593236923218,-2.658667802810669,0.9671887159347534,1.1656829118728638,-0.8070136308670044,462.03055,,,,
Zach Neto,38.0,2039,31347,SS,-4.283544,0.45165368914604187,-2.5979433059692383,0.7913895845413208,1.1363753080368042,-0.7162967920303345,470.7771,,,,
Oswaldo Cabrera,40.0,2039,21707,3B,-4.397079,0.3976964056491852,-2.6582562923431396,0.8803161382675171,1.1628762483596802,-0.7697468996047974,463.8893,,,,
Nick Gonzales,40.0,2039,27490,2B,-4.3970914,0.39769574999809265,-2.6582629680633545,0.8803158402442932,1.1628767251968384,-0.769747257232666,463.88892,,,,
Emmanuel Rivera,43.0,2039,19890,3B,-4.412035,0.3283033072948456,-2.6434402465820312,1.009372353553772,1.160586953163147,-0.8216237425804138,462.43896,,,,
Trea Turner,46.0,2039,16252,SS,-4.3527007,0.2714318037033081,-2.5758068561553955,1.1222835779190063,1.1314326524734497,-0.8571844696998596,466.9445,,,,
Oneil Cruz,40.0,2039,21711,SS,-4.3971057,0.3976975381374359,-2.658259391784668,0.8803154826164246,1.1628779172897339,-0.769746720790863,463.88788,,,,
Manny Machado,46.0,2039,11493,3B,-4.3527074,0.2714309096336365,-2.575813055038452,1.1222829818725586,1.131432056427002,-0.8571850657463074,466.94443,,,,
Javier Baez,46.0,2039,12979,SS,-4.3527064,0.2714307904243469,-2.575812578201294,1.1222827434539795,1.1314314603805542,-0.8571845889091492,466.94446,,,,
Isaac Paredes,40.0,2039,20036,3B,-4.3971186,0.3976946175098419,-2.6582818031311035,0.8803148865699768,1.1628791093826294,-0.7697479724884033,463.88794,,,,
Paul DeJong,45.0,2039,18015,SS,-4.3745236,0.28957629203796387,-2.599064826965332,1.0875465869903564,1.1425668001174927,-0.84622722864151,465.04715,,,,
Nicky Lopez,44.0,2039,19339,SS,-4.395291,0.30840831995010376,-2.622483253479004,1.0497441291809082,1.1525523662567139,-0.8345072269439697,463.49783,,,,
Brett Wisely,40.0,2039,27735,2B,-4.3970804,0.3976970911026001,-2.6582489013671875,0.8803165555000305,1.1628762483596802,-0.7697465419769287,463.88907,,,,
Josh H. Smith,41.0,2039,26396,3B,-4.417576,0.372768759727478,-2.6646924018859863,0.9239872097969055,1.1667885780334473,-0.7899835705757141,462.45013,,,,
Abraham Toro,42.0,2039,19844,3B,-4.4209423,0.3496577739715576,-2.6586718559265137,0.9671885371208191,1.1656835079193115,-0.8070144653320312,462.03128,,,,
Isiah Kiner-Falefa,44.0,2039,16512,2B,-4.3953,0.3084075450897217,-2.622490167617798,1.0497429370880127,1.1525529623031616,-0.8345080018043518,463.49765,,,,
Max Muncy,48.0,2039,13301,3B,-4.3133144,0.23623132705688477,-2.536073684692383,1.182153582572937,1.10785973072052,-0.8776877522468567,471.32333,,,,
Dylan Moore,46.0,2039,18042,3B,-4.352706,0.2714305520057678,-2.5758142471313477,1.12228262424469,1.131432056427002,-0.8571850657463074,466.9445,,,,
Christian Walker,48.0,2039,13419,1B,-4.313317,0.23623177409172058,-2.536073923110962,1.1821539402008057,1.10785973072052,-0.8776877522468567,471.32327,,,,
Luis Guillorme,44.0,2039,16451,2B,-4.395296,0.3084077537059784,-2.622488260269165,1.0497431755065918,1.1525535583496094,-0.8345075845718384,463.49768,,,,
Richie Palacios,42.0,2039,24589,2B,-4.420947,0.34965741634368896,-2.658677577972412,0.967187762260437,1.1656841039657593,-0.8070145845413208,462.03113,,,,
Jackson Holliday,35.0,2039,31781,2B,-3.8219128,0.5245895385742188,-2.3649892807006836,0.6446892619132996,1.0309468507766724,-0.59297114610672,497.70596,,,,
Enrique Hernandez,47.0,2039,10472,3B,-4.3318987,0.25369787216186523,-2.5545005798339844,1.1537827253341675,1.1197354793548584,-0.8676287531852722,469.06866,,,,
Jeff McNeil,47.0,2039,15362,2B,-4.331898,0.2536988854408264,-2.5544984340667725,1.153782606124878,1.1197348833084106,-0.8676285147666931,469.06866,,,,
Jared Triolo,41.0,2039,25807,2B,-4.4175825,0.37276750802993774,-2.6647024154663086,0.9239869713783264,1.1667897701263428,-0.7899842858314514,462.44998,,,,
Carlos Santana,53.0,2039,2396,1B,-4.260961,0.1527642160654068,-2.4872004985809326,1.287787675857544,1.051428198814392,-0.9230480194091797,482.6338,,,,
Jose Iglesias,49.0,2039,10231,2B,-4.297505,0.21898193657398224,-2.5208382606506348,1.207669973373413,1.0960465669631958,-0.8874140977859497,473.6356,,,,
Vidal Brujan,41.0,2039,20536,SS,-4.4175835,0.37276750802993774,-2.6646995544433594,0.9239869713783264,1.1667885780334473,-0.7899844646453857,462.44992,,,,
Josh H. Smith,41.0,2039,26396,SS,-4.417572,0.3727683126926422,-2.66469144821167,0.923987627029419,1.1667885780334473,-0.7899836897850037,462.4501,,,,
Salvador Perez,49.0,2039,7304,1B,-4.297505,0.21898183226585388,-2.520839214324951,1.2076694965362549,1.0960465669631958,-0.8874140977859497,473.6356,,,,
Dylan Moore,46.0,2039,18042,SS,-4.352706,0.27143123745918274,-2.5758140087127686,1.1222827434539795,1.131432056427002,-0.8571848273277283,466.94446,,,,
Dylan Moore,46.0,2039,18042,2B,-4.352708,0.2714309096336365,-2.5758156776428223,1.1222827434539795,1.131432056427002,-0.8571852445602417,466.94443,,,,
Brandon Lowe,44.0,2039,18882,2B,-4.395295,0.30840808153152466,-2.6224849224090576,1.049743413925171,1.1525535583496094,-0.8345075249671936,463.49768,,,,
Tim Anderson,46.0,2039,15172,SS,-4.3527045,0.2714311182498932,-2.5758121013641357,1.1222827434539795,1.1314314603805542,-0.8571849465370178,466.94446,,,,
Spencer Horwitz,41.0,2039,26477,2B,-4.41758,0.3727685213088989,-2.6646931171417236,0.9239872694015503,1.1667885780334473,-0.7899838089942932,462.44977,,,,
Trey Lipscomb,39.0,2039,31567,3B,-4.354284,0.4241977035999298,-2.6366569995880127,0.8362579941749573,1.1530274152755737,-0.7454689145088196,466.57098,,,,
Taylor Walls,42.0,2039,22458,SS,-4.420946,0.34965765476226807,-2.6586785316467285,0.9671878218650818,1.1656841039657593,-0.8070148825645447,462.03125,,,,
Isiah Kiner-Falefa,44.0,2039,16512,SS,-4.3953,0.3084075450897217,-2.6224923133850098,1.0497426986694336,1.1525535583496094,-0.8345080018043518,463.4976,,,,
Santiago Espinal,44.0,2039,19997,3B,-4.395293,0.3084077537059784,-2.622483968734741,1.04974365234375,1.1525523662567139,-0.8345072269439697,463.49777,,,,
Nick Allen,40.0,2039,22277,SS,-4.3970923,0.39769574999809265,-2.6582658290863037,0.8803159594535828,1.1628779172897339,-0.7697474956512451,463.8889,,,,
Willi Castro,42.0,2039,17338,2B,-4.420939,0.34965822100639343,-2.6586709022521973,0.9671890139579773,1.1656841039657593,-0.8070144057273865,462.0314,,,,
Ozzie Albies,42.0,2039,16556,2B,-4.420951,0.3496583104133606,-2.6586756706237793,0.9671884179115295,1.1656852960586548,-0.8070146441459656,462.0308,,,,
Matt Vierling,42.0,2039,21558,3B,-4.420938,0.34965842962265015,-2.6586687564849854,0.9671890735626221,1.1656835079193115,-0.8070144057273865,462.0314,,,,
Cavan Biggio,44.0,2039,19252,2B,-4.395292,0.30840831995010376,-2.6224846839904785,1.049743890762329,1.1525529623031616,-0.8345073461532593,463.49783,,,,
Brooks Baldwin,38.0,2039,31394,2B,-4.283532,0.45166340470314026,-2.5978739261627197,0.7913909554481506,1.136376976966858,-0.7162938117980957,470.77563,,,,
Brett Harris,41.0,2039,29788,3B,-4.4175797,0.372768759727478,-2.6646957397460938,0.9239871501922607,1.1667885780334473,-0.7899838089942932,462.4498,,,,
Brooks Lee,38.0,2039,31595,SS,-4.283522,0.45166417956352234,-2.5978646278381348,0.7913914322853088,1.136375904083252,-0.7162935733795166,470.77588,,,,
Adam Frazier,47.0,2039,15223,2B,-4.331898,0.25369787216186523,-2.5544981956481934,1.1537829637527466,1.119734287261963,-0.8676287531852722,469.06876,,,,
Donovan Solano,51.0,2039,8623,3B,-4.274349,0.1852245330810547,-2.4992918968200684,1.2514915466308594,1.073091983795166,-0.9058980941772461,478.24042,,,,
Jorge Mateo,44.0,2039,17273,2B,-4.3952975,0.30840831995010376,-2.6224889755249023,1.049743413925171,1.1525541543960571,-0.8345077037811279,463.49765,,,,
Tyler Fitzgerald,41.0,2039,26208,SS,-4.417582,0.3727697432041168,-2.6646921634674072,0.923987627029419,1.1667885780334473,-0.7899836897850037,462.4496,,,,
Austin Riley,42.0,2039,18360,3B,-4.420951,0.34965798258781433,-2.6586754322052,0.9671880602836609,1.1656852960586548,-0.8070146441459656,462.03076,,,,
Anthony Rendon,49.0,2039,12861,3B,-4.2975035,0.2189822793006897,-2.5208380222320557,1.2076694965362549,1.0960465669631958,-0.8874139785766602,473.63565,,,,
David Hamilton,41.0,2039,27531,SS,-4.4175735,0.372769296169281,-2.664689302444458,0.9239872097969055,1.1667879819869995,-0.7899836897850037,462.44998,,,,
Leo Jimenez,38.0,2039,23782,SS,-4.2835107,0.4516638517379761,-2.5978636741638184,0.7913918495178223,1.1363753080368042,-0.7162935733795166,470.77643,,,,
Miguel Vargas,39.0,2039,20178,3B,-4.3542867,0.4241982400417328,-2.636646032333374,0.8362583518028259,1.1530274152755737,-0.7454681396484375,466.57065,,,,
Junior Caminero,35.0,2039,28163,3B,-3.821926,0.5245908498764038,-2.3649845123291016,0.6446890830993652,1.0309491157531738,-0.5929709076881409,497.70514,,,,
Whit Merrifield,50.0,2039,11281,2B,-4.284565,0.20196491479873657,-2.5086841583251953,1.2306687831878662,1.0844296216964722,-0.896818995475769,475.95334,,,,
Brandon Drury,46.0,2039,11615,2B,-4.352706,0.2714307904243469,-2.5758137702941895,1.1222827434539795,1.131432056427002,-0.8571848273277283,466.9445,,,,
Lenyn Sosa,39.0,2039,22896,2B,-4.3542705,0.42420047521591187,-2.636629581451416,0.8362590074539185,1.153026819229126,-0.7454676032066345,466.571,,,,
Christian Encarnacion-Strand,39.0,2039,30011,1B,-4.354264,0.42419904470443726,-2.6366348266601562,0.8362586498260498,1.1530250310897827,-0.7454679012298584,466.5715,,,,
Jacob Wilson,37.0,2039,33266,SS,-4.178137,0.479000985622406,-2.5405032634735107,0.7449524998664856,1.1118528842926025,-0.6814166903495789,476.90195,,,,
Brendan Rodgers,42.0,2039,17907,2B,-4.4209504,0.3496583104133606,-2.6586735248565674,0.9671881794929504,1.1656841039657593,-0.8070144653320312,462.03088,,,,
Ryan Noda,43.0,2039,23312,1B,-4.412039,0.3283022940158844,-2.6434431076049805,1.0093718767166138,1.1605851650238037,-0.821623682975769,462.43887,,,,
Spencer Horwitz,41.0,2039,26477,1B,-4.4175816,0.37276819348335266,-2.6646981239318848,0.9239871501922607,1.166789174079895,-0.789983868598938,462.44992,,,,
Mookie Betts,46.0,2039,13611,SS,-4.3527074,0.27143046259880066,-2.575814723968506,1.1222825050354004,1.1314326524734497,-0.8571852445602417,466.94443,,,,
Davis Schneider,40.0,2039,23565,2B,-4.3970876,0.39769697189331055,-2.658257246017456,0.8803165555000305,1.1628773212432861,-0.7697470188140869,463.88882,,,,
Joey Gallo,45.0,2039,14128,1B,-4.3745265,0.2895757257938385,-2.599069833755493,1.087546467781067,1.1425679922103882,-0.8462274670600891,465.0471,,,,
Vaughn Grissom,38.0,2039,26031,2B,-4.2835145,0.4516664147377014,-2.5978474617004395,0.7913922667503357,1.1363753080368042,-0.7162927985191345,470.77573,,,,
Michael Stefanic,43.0,2039,25353,2B,-4.412037,0.32830265164375305,-2.6434426307678223,1.009372353553772,1.1605857610702515,-0.8216241598129272,462.439,,,,
Luis Rengifo,42.0,2039,19858,3B,-4.4209366,0.34965822100639343,-2.65866756439209,0.9671888947486877,1.1656835079193115,-0.8070141077041626,462.0314,,,,
Mark Canha,50.0,2039,11445,1B,-4.284566,0.20196481049060822,-2.508683681488037,1.230668306350708,1.0844296216964722,-0.8968190550804138,475.95334,,,,
Lenyn Sosa,39.0,2039,22896,3B,-4.3542695,0.4242001473903656,-2.6366312503814697,0.8362590074539185,1.153026819229126,-0.745467483997345,466.5711,,,,
Santiago Espinal,44.0,2039,19997,2B,-4.3952956,0.30840831995010376,-2.622485637664795,1.0497428178787231,1.1525541543960571,-0.8345075249671936,463.49777,,,,
Danny Mendick,45.0,2039,18889,3B,-4.3745236,0.28957605361938477,-2.5990676879882812,1.0875470638275146,1.1425668001174927,-0.8462274074554443,465.04715,,,,
Rafael Devers,42.0,2039,17350,3B,-4.420953,0.34966033697128296,-2.6586689949035645,0.9671885371208191,1.1656829118728638,-0.8070138096809387,462.03058,,,,
Tyler Nevin,42.0,2039,17893,1B,-4.420943,0.3496578633785248,-2.6586756706237793,0.9671883583068848,1.1656841039657593,-0.8070147633552551,462.03128,,,,
Ildemaro Vargas,47.0,2039,13324,2B,-4.3318987,0.2536986470222473,-2.554499864578247,1.1537824869155884,1.1197348833084106,-0.8676289319992065,469.0687,,,,
Justin Turner,54.0,2039,5235,1B,-4.2571783,0.137128084897995,-2.4837400913238525,1.3037445545196533,1.0411509275436401,-0.9311120510101318,484.7148,,,,
Gavin Lux,41.0,2039,19955,2B,-4.4175954,0.37276795506477356,-2.6647040843963623,0.9239866137504578,1.1667897701263428,-0.7899839878082275,462.44937,,,,
Luis Urias,42.0,2039,16622,3B,-4.420943,0.34965798258781433,-2.65867280960083,0.9671885967254639,1.1656841039657593,-0.8070144653320312,462.03122,,,,
Mark Vientos,39.0,2039,22184,3B,-4.354292,0.42420002818107605,-2.636648654937744,0.8362582921981812,1.1530286073684692,-0.7454683780670166,466.5703,,,,
Maikel Garcia,39.0,2039,22715,2B,-4.3542857,0.4241991341114044,-2.636647939682007,0.8362584114074707,1.153026819229126,-0.7454683780670166,466.57062,,,,
Connor Joe,46.0,2039,16572,1B,-4.3527055,0.27143046259880066,-2.5758135318756104,1.1222823858261108,1.131432056427002,-0.8571851253509521,466.94446,,,,
Edouard Julien,40.0,2039,27534,2B,-4.3970857,0.39769864082336426,-2.658243179321289,0.880317211151123,1.1628762483596802,-0.7697460651397705,463.88858,,,,
Jake Burger,43.0,2039,22275,3B,-4.4120355,0.32830387353897095,-2.6434357166290283,1.0093727111816406,1.1605857610702515,-0.8216233849525452,462.43896,,,,
DJ LeMahieu,50.0,2039,9874,1B,-4.2845654,0.20196446776390076,-2.5086851119995117,1.2306687831878662,1.08443021774292,-0.8968188762664795,475.9534,,,,
Jake Cronenworth,45.0,2039,18036,2B,-4.374524,0.2895761728286743,-2.5990679264068604,1.087546706199646,1.1425673961639404,-0.8462274074554443,465.04715,,,,
Ceddanne Rafaela,38.0,2039,24262,SS,-4.283533,0.4516645073890686,-2.5978715419769287,0.7913908958435059,1.136375904083252,-0.7162935733795166,470.77557,,,,
Benjamin Rice,40.0,2039,29576,1B,-4.397091,0.397696852684021,-2.6582555770874023,0.880316436290741,1.1628762483596802,-0.7697470188140869,463.88867,,,,
Nick Senzel,44.0,2039,19293,3B,-4.395293,0.30840831995010376,-2.6224825382232666,1.0497435331344604,1.1525535583496094,-0.8345072269439697,463.49777,,,,
Luis Rengifo,42.0,2039,19858,2B,-4.420938,0.34965911507606506,-2.6586689949035645,0.9671887755393982,1.1656829118728638,-0.8070141673088074,462.03137,,,,
Jake Cronenworth,45.0,2039,18036,1B,-4.3745255,0.2895765006542206,-2.599067449569702,1.087546706199646,1.1425679922103882,-0.8462275862693787,465.0471,,,,
Jeimer Candelario,45.0,2039,13621,3B,-4.374522,0.2895767390727997,-2.5990660190582275,1.0875474214553833,1.1425673961639404,-0.8462271094322205,465.04715,,,,
Jose Tena,38.0,2039,23691,3B,-4.2835283,0.451663613319397,-2.597867012023926,0.7913914322853088,1.1363753080368042,-0.716293454170227,470.77563,,,,
Connor Norby,39.0,2039,29592,3B,-4.35429,0.42419949173927307,-2.636641502380371,0.8362584710121155,1.1530280113220215,-0.7454679608345032,466.5702,,,,
Addison Barger,39.0,2039,24598,3B,-4.354285,0.42419880628585815,-2.6366477012634277,0.8362581729888916,1.153026819229126,-0.745468258857727,466.57077,,,,
Josh Jung,41.0,2039,26299,3B,-4.4175806,0.3727695345878601,-2.664694309234619,0.9239877462387085,1.1667885780334473,-0.7899835705757141,462.44974,,,,
Dominic Smith,44.0,2039,15653,1B,-4.3952975,0.30840831995010376,-2.622485399246216,1.049743413925171,1.1525541543960571,-0.8345075845718384,463.4976,,,,
Nolan Gorman,39.0,2039,22263,2B,-4.354298,0.42419859766960144,-2.636655330657959,0.8362579941749573,1.1530280113220215,-0.7454686164855957,466.57016,,,,
Jonah Bride,43.0,2039,24703,1B,-4.412037,0.32830286026000977,-2.6434409618377686,1.0093721151351929,1.1605857610702515,-0.821623682975769,462.43887,,,,
Gleyber Torres,42.0,2039,16997,2B,-4.420956,0.34965965151786804,-2.658668279647827,0.9671885967254639,1.165684700012207,-0.8070136308670044,462.03027,,,,
Wilmer Flores,47.0,2039,5827,1B,-4.331899,0.25369876623153687,-2.554499864578247,1.153782606124878,1.1197348833084106,-0.8676289319992065,469.0687,,,,
Jose Miranda,41.0,2039,20538,3B,-4.417577,0.3727684020996094,-2.664691686630249,0.9239875674247742,1.1667879819869995,-0.7899836897850037,462.44995,,,,
Bryce Harper,46.0,2039,11579,1B,-4.3527074,0.2714311182498932,-2.575812339782715,1.1222823858261108,1.1314314603805542,-0.8571845889091492,466.94434,,,,
Nathaniel Lowe,43.0,2039,19566,1B,-4.4120502,0.32830139994621277,-2.643448829650879,1.0093711614608765,1.1605863571166992,-0.8216240406036377,462.4384,,,,
Jose Abreu,52.0,2039,15676,1B,-4.2665815,0.16880778968334198,-2.492263078689575,1.2704436779022217,1.0620803833007812,-0.9146427512168884,480.47253,,,,
Spencer Steer,41.0,2039,26323,1B,-4.417575,0.3727683126926422,-2.6646933555603027,0.9239875078201294,1.166789174079895,-0.7899836897850037,462.45007,,,,
Jake Burger,43.0,2039,22275,1B,-4.4120398,0.32830220460891724,-2.6434428691864014,1.0093717575073242,1.1605857610702515,-0.8216237425804138,462.43887,,,,
Jake Bauers,43.0,2039,15194,1B,-4.412037,0.3283029794692993,-2.6434409618377686,1.0093718767166138,1.1605851650238037,-0.8216238617897034,462.439,,,,
Gavin Sheets,43.0,2039,19901,1B,-4.4120364,0.3283027410507202,-2.6434404850006104,1.0093721151351929,1.1605857610702515,-0.8216239213943481,462.439,,,,
Jordan Westburg,40.0,2039,27815,2B,-4.3970757,0.3976990878582001,-2.658238172531128,0.880317211151123,1.1628762483596802,-0.7697457671165466,463.88895,,,,
Luis Arraez,42.0,2039,18568,2B,-4.420946,0.3496589958667755,-2.658669948577881,0.9671888947486877,1.1656829118728638,-0.8070141077041626,462.03104,,,,
Jose Altuve,49.0,2039,5417,2B,-4.297502,0.2189825028181076,-2.5208358764648438,1.2076694965362549,1.0960465669631958,-0.8874139785766602,473.63565,,,,
Joey Meneses,47.0,2039,14366,1B,-4.3318977,0.2536988854408264,-2.554499387741089,1.153782844543457,1.1197348833084106,-0.8676289916038513,469.06876,,,,
Vinnie Pasquantino,41.0,2039,27676,1B,-4.4175844,0.37276750802993774,-2.6647000312805176,0.9239870309829712,1.166789174079895,-0.7899839878082275,462.44974,,,,
Juan Yepez,41.0,2039,18400,1B,-4.4175706,0.3727688491344452,-2.664689540863037,0.923987865447998,1.1667873859405518,-0.7899835109710693,462.45013,,,,
Triston Casas,39.0,2039,22514,1B,-4.3542924,0.4241981506347656,-2.636657476425171,0.8362579941749573,1.1530274152755737,-0.7454686164855957,466.5705,,,,
Anthony Rizzo,49.0,2039,3473,1B,-4.297505,0.21898172795772552,-2.5208380222320557,1.2076692581176758,1.096045970916748,-0.8874137997627258,473.63556,,,,
Enmanuel Valdez,40.0,2039,21716,2B,-4.3970814,0.3976985216140747,-2.658243179321289,0.8803169131278992,1.1628762483596802,-0.7697460651397705,463.88867,,,,
Xavier Edwards,39.0,2039,22266,SS,-4.3542867,0.4241997003555298,-2.6366446018218994,0.8362582921981812,1.1530274152755737,-0.745468258857727,466.57047,,,,
Ramon Urias,45.0,2039,18795,3B,-4.374522,0.2895773947238922,-2.5990660190582275,1.0875471830368042,1.1425673961639404,-0.8462269902229309,465.04718,,,,
Tyler Soderstrom,37.0,2039,27467,1B,-4.178131,0.4790000021457672,-2.5405113697052,0.7449523210525513,1.1118528842926025,-0.6814170479774475,476.90253,,,,
Ryan Mountcastle,42.0,2039,18373,1B,-4.4209495,0.3496578633785248,-2.658677816390991,0.9671880602836609,1.1656841039657593,-0.8070147633552551,462.03104,,,,
Spencer Torkelson,39.0,2039,27465,1B,-4.354303,0.42419758439064026,-2.6366748809814453,0.8362576961517334,1.1530280113220215,-0.7454696893692017,466.57047,,,,
Jorge Polanco,45.0,2039,13152,2B,-4.374524,0.2895765006542206,-2.599064826965332,1.0875465869903564,1.1425668001174927,-0.8462269902229309,465.04712,,,,
Noelvi Marte,37.0,2039,26517,3B,-4.1781635,0.4790005385875702,-2.5405211448669434,0.7449513673782349,1.1118552684783936,-0.6814173460006714,476.90094,,,,
Michael Busch,41.0,2039,26319,1B,-4.417604,0.37276628613471985,-2.664716958999634,0.9239855408668518,1.1667903661727905,-0.789984941482544,462.44922,,,,
Christopher Morel,40.0,2039,21897,3B,-4.3970857,0.39769884943962097,-2.6582422256469727,0.8803169131278992,1.1628762483596802,-0.7697458267211914,463.88858,,,,
Elehuris Montero,40.0,2039,20543,1B,-4.3970785,0.3976978659629822,-2.658241033554077,0.8803170323371887,1.1628750562667847,-0.7697458267211914,463.88898,,,,
LaMonte Wade Jr.,45.0,2039,18126,1B,-4.3745255,0.2895765006542206,-2.599067449569702,1.0875470638275146,1.1425679922103882,-0.8462272882461548,465.04712,,,,
Luis Arraez,42.0,2039,18568,1B,-4.4209423,0.3496585488319397,-2.6586713790893555,0.9671883583068848,1.1656835079193115,-0.8070142865180969,462.03125,,,,
Matt Olson,45.0,2039,14344,1B,-4.3745317,0.2895767390727997,-2.599069356918335,1.0875463485717773,1.1425679922103882,-0.8462271094322205,465.04675,,,,
Josh Naylor,42.0,2039,18839,1B,-4.42096,0.34965741634368896,-2.6586809158325195,0.9671880602836609,1.1656852960586548,-0.8070148825645447,462.03055,,,,
CJ Abrams,38.0,2039,25768,SS,-4.283547,0.4516564905643463,-2.597925901412964,0.7913897037506104,1.1363753080368042,-0.7162958383560181,470.7763,,,,
Rhys Hoskins,46.0,2039,16472,1B,-4.352704,0.27143123745918274,-2.5758111476898193,1.1222825050354004,1.1314326524734497,-0.8571844696998596,466.94446,,,,
Freddie Freeman,49.0,2039,5361,1B,-4.297504,0.21898138523101807,-2.5208358764648438,1.2076696157455444,1.0960453748703003,-0.8874137997627258,473.6356,,,,
Yandy Diaz,47.0,2039,16578,1B,-4.331898,0.2536986470222473,-2.5544981956481934,1.1537829637527466,1.1197348833084106,-0.8676285147666931,469.06876,,,,
Michael Toglia,40.0,2039,25845,1B,-4.3970966,0.39769718050956726,-2.6582601070404053,0.8803162574768066,1.1628767251968384,-0.7697468996047974,463.8885,,,,
Paul Goldschmidt,51.0,2039,9218,1B,-4.274348,0.1852249801158905,-2.4992897510528564,1.251491665840149,1.0730913877487183,-0.9058977365493774,478.24036,,,,
Rowdy Tellez,44.0,2039,15679,1B,-4.395295,0.30840763449668884,-2.6224844455718994,1.0497430562973022,1.1525535583496094,-0.8345072269439697,463.49765,,,,
Jon Singleton,47.0,2039,10441,1B,-4.3318977,0.2536988854408264,-2.5544989109039307,1.153782844543457,1.1197348833084106,-0.8676285147666931,469.06876,,,,
Nolan Schanuel,37.0,2039,33189,1B,-4.1781335,0.47899049520492554,-2.5405826568603516,0.7449504733085632,1.1118500232696533,-0.6814196705818176,476.90466,,,,
Josh Bell,46.0,2039,13145,1B,-4.3527045,0.2714309096336365,-2.5758116245269775,1.12228262424469,1.131432056427002,-0.857184648513794,466.94446,,,,
Vladimir Guerrero Jr.,40.0,2039,19611,1B,-4.397108,0.39769619703292847,-2.658268928527832,0.8803149461746216,1.1628779172897339,-0.7697471976280212,463.88797,,,,
Andrew Vaughn,41.0,2039,26197,1B,-4.417592,0.3727684020996094,-2.664703130722046,0.9239869117736816,1.1667897701263428,-0.7899839878082275,462.4494,,,,
Pete Alonso,44.0,2039,19251,1B,-4.3953013,0.3084089756011963,-2.622485637664795,1.0497437715530396,1.1525529623031616,-0.8345072269439697,463.49728,,,,
Ty France,44.0,2039,17982,1B,-4.395295,0.3084094226360321,-2.6224796772003174,1.0497437715530396,1.1525529623031616,-0.8345070481300354,463.49753,,,,
Pete Crow-Armstrong,37.0,2039,27769,CF,1.7440588,0.7387348413467407,1.3456369638442993,2.220829725265503,,,409.78192,-1.2948846817016602,,,
Jacob Young,39.0,2039,29931,CF,2.398052,1.2810546159744263,1.5332915782928467,2.6913022994995117,,,397.82672,-1.2230250835418701,,,
Jose Siri,43.0,2039,17452,CF,3.2773829,2.1116411685943604,1.731465220451355,3.34657883644104,,,382.82648,-1.0927870273590088,,,
Brenton Doyle,41.0,2039,25479,CF,2.8939002,1.7305104732513428,1.64922034740448,3.054090976715088,,,389.31744,-1.1572520732879639,,,
Michael A. Taylor,48.0,2039,11489,CF,3.9888318,2.8967225551605225,1.8920005559921265,3.923344373703003,,,370.63278,-0.934650719165802,,,
Michael Siani,39.0,2039,22557,CF,2.398089,1.2810972929000854,1.5332883596420288,2.691324234008789,,,397.82742,-1.2230020761489868,,,
Jake Meyers,43.0,2039,20308,CF,3.277376,2.1116321086883545,1.731467366218567,3.3465754985809326,,,382.8263,-1.0927926301956177,,,
Kevin Kiermaier,49.0,2039,11038,CF,4.108754,3.0360920429229736,1.9221980571746826,4.024100303649902,,,368.5407,-0.9041370153427124,,,
Johan Rojas,38.0,2039,24336,CF,2.0927603,1.0220465660095215,1.4520623683929443,2.4718544483184814,,,403.2361,-1.2582893371582031,,,
Harrison Bader,45.0,2039,18030,CF,3.5914083,2.447444200515747,1.7992088794708252,3.5961029529571533,,,377.48785,-1.0286418199539185,,,
Daulton Varsho,42.0,2039,19918,LF,3.0966432,1.9279437065124512,1.6930530071258545,3.2071025371551514,,,385.88333,-1.1250272989273071,,,
Blake Perkins,42.0,2039,19921,CF,3.0966196,1.9279148578643799,1.693060040473938,3.207089900970459,,,385.88275,-1.1250450611114502,,,
Jarren Duran,42.0,2039,24617,CF,3.0966122,1.927904486656189,1.6930615901947021,3.207084894180298,,,385.88266,-1.1250503063201904,,,
Jackson Merrill,36.0,2039,29490,CF,1.3428855,0.4278116822242737,1.2037150859832764,1.9307106733322144,,,417.90704,-1.3323835134506226,,,
Daulton Varsho,42.0,2039,19918,CF,3.0966399,1.9279392957687378,1.6930530071258545,3.207101583480835,,,385.88327,-1.1250288486480713,,,
Wilyer Abreu,40.0,2039,23772,RF,2.6629984,1.5158870220184326,1.5972752571105957,2.8835973739624023,,,393.2453,-1.1898223161697388,,,
Michael Harris II,38.0,2039,25931,CF,2.0929055,1.0221929550170898,1.4520634412765503,2.4719321727752686,,,403.23846,-1.2582099437713623,,,
Jackson Chourio,35.0,2039,28806,RF,0.9005738,0.11003279685974121,1.009997010231018,1.6036584377288818,,,428.9165,-1.3541359901428223,,,
Sal Frelick,39.0,2039,29622,RF,2.398108,1.2811180353164673,1.533286690711975,2.691333532333374,,,397.82782,-1.2229896783828735,,,
Kyle Isbel,42.0,2039,21614,CF,3.0965977,1.9278854131698608,1.6930652856826782,3.207077980041504,,,385.8823,-1.125062108039856,,,
Colton Cowser,39.0,2039,29591,LF,2.3977387,1.280713438987732,1.5333181619644165,2.6911349296569824,,,397.82074,-1.2232242822647095,,,
Julio Rodriguez,38.0,2039,23697,CF,2.0926354,1.0219203233718872,1.4520602226257324,2.4717910289764404,,,403.234,-1.2583584785461426,,,
Jake McCarthy,41.0,2039,21622,CF,2.893716,1.7302851676940918,1.6492608785629272,3.0539870262145996,,,389.3134,-1.1573892831802368,,,
Ceddanne Rafaela,38.0,2039,24262,CF,2.092849,1.0221339464187622,1.452062964439392,2.4718992710113525,,,403.2375,-1.2582416534423828,,,
Parker Meadows,39.0,2039,23800,CF,2.3978798,1.280867099761963,1.5333064794540405,2.691210985183716,,,397.8234,-1.2231347560882568,,,
Garrett Hampson,44.0,2039,19262,CF,3.4409924,2.284099817276001,1.7664116621017456,3.4754700660705566,,,380.05103,-1.0606375932693481,,,
Jonny Deluca,40.0,2039,26365,RF,2.6628845,1.5157545804977417,1.5972933769226074,2.8835341930389404,,,393.2429,-1.1899020671844482,,,
Steven Kwan,41.0,2039,24610,LF,2.8937323,1.7303067445755005,1.6492570638656616,3.0539956092834473,,,389.31378,-1.157375693321228,,,
Cristian Pache,40.0,2039,19948,CF,2.6628668,1.5157344341278076,1.5972965955734253,2.8835256099700928,,,393.24243,-1.1899141073226929,,,
Dominic Fletcher,41.0,2039,26149,RF,2.8937604,1.7303415536880493,1.6492512226104736,3.0540125370025635,,,389.31442,-1.1573548316955566,,,
Leody Taveras,40.0,2039,18900,CF,2.6628218,1.5156816244125366,1.5973024368286133,2.8834986686706543,,,393.24158,-1.189945101737976,,,
Garrett Mitchell,40.0,2039,27555,CF,2.66279,1.5156457424163818,1.5973082780838013,2.8834800720214844,,,393.24094,-1.189967393875122,,,
Riley Greene,38.0,2039,25976,LF,2.0928667,1.0221543312072754,1.4520618915557861,2.4719109535217285,,,403.23785,-1.2582310438156128,,,
Byron Buxton,45.0,2039,14161,CF,3.5914052,2.4474408626556396,1.7992082834243774,3.5961012840270996,,,377.48776,-1.028645634651184,,,
Tyrone Taylor,45.0,2039,13675,RF,3.5914102,2.4474446773529053,1.7992078065872192,3.5961029529571533,,,377.48782,-1.0286424160003662,,,
Wyatt Langford,37.0,2039,33333,LF,1.7432823,0.7380144000053406,1.3455629348754883,2.2204370498657227,,,409.77173,-1.2952475547790527,,,
Mickey Moniak,41.0,2039,19956,CF,2.893706,1.7302751541137695,1.6492619514465332,3.053981304168701,,,389.31326,-1.1573951244354248,,,
Trent Grisham,42.0,2039,18564,CF,3.096564,1.9278448820114136,1.6930738687515259,3.2070577144622803,,,385.8816,-1.1250871419906616,,,
Kevin Pillar,50.0,2039,12434,CF,4.2240458,3.1713011264801025,1.9522159099578857,4.121710777282715,,,366.52124,-0.8740668296813965,,,
Jonny Deluca,40.0,2039,26365,CF,2.6627915,1.5156464576721191,1.5973082780838013,2.8834826946258545,,,393.24094,-1.1899662017822266,,,
Victor Robles,42.0,2039,18363,RF,3.096575,1.9278603792190552,1.6930700540542603,3.207064628601074,,,385.8819,-1.1250771284103394,,,
Dylan Crews,37.0,2039,33541,RF,1.7429713,0.7377249002456665,1.345531940460205,2.2202789783477783,,,409.7676,-1.2953938245773315,,,
Joey Loperfido,40.0,2039,29630,LF,2.662783,1.5156381130218506,1.5973098278045654,2.8834784030914307,,,393.24078,-1.189972996711731,,,
Jarren Duran,42.0,2039,24617,LF,3.096565,1.9278457164764404,1.693074345588684,3.2070586681365967,,,385.8816,-1.1250871419906616,,,
Matt Vierling,42.0,2039,21558,CF,3.0965636,1.9278454780578613,1.6930749416351318,3.2070586681365967,,,385.8816,-1.1250871419906616,,,
James Outman,42.0,2039,24770,CF,3.0965686,1.9278512001037598,1.6930732727050781,3.2070603370666504,,,385.8817,-1.1250827312469482,,,
Ramon Laureano,44.0,2039,17128,LF,3.4409862,2.2840917110443115,1.7664138078689575,3.47546648979187,,,380.05087,-1.0606420040130615,,,
Victor Scott,38.0,2039,31349,CF,2.0924451,1.0217293500900269,1.4520586729049683,2.471691370010376,,,403.23108,-1.2584614753723145,,,
Corbin Carroll,38.0,2039,25878,RF,2.0928004,1.0220863819122314,1.4520612955093384,2.4718756675720215,,,403.23676,-1.258268117904663,,,
Chas McCormick,44.0,2039,19599,LF,3.440993,2.2841007709503174,1.7664122581481934,3.475470781326294,,,380.05103,-1.0606367588043213,,,
Lane Thomas,43.0,2039,16939,CF,3.277324,2.111567735671997,1.7314828634262085,3.3465466499328613,,,382.82523,-1.0928317308425903,,,
Willi Castro,42.0,2039,17338,LF,3.0965416,1.9278168678283691,1.6930797100067139,3.2070443630218506,,,385.88113,-1.1251035928726196,,,
Davis Schneider,40.0,2039,23565,LF,2.6627588,1.5156069993972778,1.597312569618225,2.8834640979766846,,,393.2402,-1.1899898052215576,,,
Brandon Marsh,41.0,2039,20202,LF,2.8936703,1.7302308082580566,1.649269938468933,3.0539591312408447,,,389.31247,-1.157421588897705,,,
Andy Pages,38.0,2039,24816,RF,2.0923476,1.0216319561004639,1.4520565271377563,2.4716408252716064,,,403.22952,-1.2585151195526123,,,
Taylor Ward,45.0,2039,17548,LF,3.5914035,2.4474375247955322,1.7992099523544312,3.596099615097046,,,377.48776,-1.0286471843719482,,,
Mookie Betts,46.0,2039,13611,RF,3.7315037,2.603212833404541,1.8307445049285889,3.7101566791534424,,,375.08548,-0.9969426989555359,,,
Jake McCarthy,41.0,2039,21622,RF,2.8936932,1.7302590608596802,1.6492640972137451,3.05397367477417,,,389.31293,-1.1574045419692993,,,
Connor Joe,46.0,2039,16572,RF,3.7315032,2.6032116413116455,1.8307445049285889,3.7101566791534424,,,375.08548,-0.9969432950019836,,,
Alex Verdugo,43.0,2039,17027,LF,3.277342,2.111591100692749,1.731476902961731,3.3465576171875,,,382.8256,-1.092818260192871,,,
Colton Cowser,39.0,2039,29591,CF,2.3975575,1.2805159091949463,1.5333325862884521,2.691039562225342,,,397.81726,-1.2233375310897827,,,
Jazz Chisholm Jr.,41.0,2039,20454,CF,2.8936496,1.730206847190857,1.6492736339569092,3.053948163986206,,,389.31204,-1.1574357748031616,,,
Cedric Mullins,44.0,2039,17929,CF,3.440985,2.284090518951416,1.7664144039154053,3.47546648979187,,,380.05087,-1.0606426000595093,,,
Tyrone Taylor,45.0,2039,13675,CF,3.5913987,2.4474310874938965,1.7992104291915894,3.596096992492676,,,377.48758,-1.0286504030227661,,,
Heliot Ramos,39.0,2039,22515,LF,2.397586,1.2805474996566772,1.5333298444747925,2.6910548210144043,,,397.81775,-1.223320484161377,,,
Chas McCormick,44.0,2039,19599,RF,3.4409897,2.284095525741577,1.7664122581481934,3.4754674434661865,,,380.05096,-1.0606387853622437,,,
Mauricio Dubon,44.0,2039,16530,LF,3.440986,2.2840921878814697,1.7664133310317993,3.4754674434661865,,,380.05087,-1.0606414079666138,,,
Adam Duvall,50.0,2039,10950,LF,4.2240453,3.171300172805786,1.952216386795044,4.121710777282715,,,366.52115,-0.8740668296813965,,,
Jung Hoo Lee,40.0,2039,33824,CF,2.6627436,1.5155901908874512,1.5973151922225952,2.8834547996520996,,,393.23993,-1.1899992227554321,,,
Max Kepler,46.0,2039,12144,RF,3.7315073,2.6032166481018066,1.8307445049285889,3.710160255432129,,,375.08548,-0.9969406723976135,,,
Cody Bellinger,43.0,2039,15998,RF,3.277321,2.111565113067627,1.7314822673797607,3.3465449810028076,,,382.82516,-1.0928335189819336,,,
Jordan Beck,38.0,2039,31431,LF,2.0922422,1.0215269327163696,1.4520560503005981,2.4715867042541504,,,403.2278,-1.2585724592208862,,,
Tommy Pham,51.0,2039,2967,LF,4.3352957,3.3027405738830566,1.982042908668518,4.216546535491943,,,364.5665,-0.8444448709487915,,,
Kyle Tucker,42.0,2039,18345,RF,3.0965679,1.927850365638733,1.69307279586792,3.2070603370666504,,,385.8817,-1.1250838041305542,,,
Will Benson,41.0,2039,21853,CF,2.893652,1.7302085161209106,1.6492736339569092,3.0539491176605225,,,389.31207,-1.1574351787567139,,,
Evan Carter,36.0,2039,27790,LF,1.3417616,0.4268491864204407,1.2035045623779297,1.930150032043457,,,417.89587,-1.3328258991241455,,,
Stuart Fairchild,43.0,2039,20321,CF,3.277334,2.111579179763794,1.7314785718917847,3.346550941467285,,,382.8254,-1.0928243398666382,,,
Luke Raley,44.0,2039,19354,RF,3.440976,2.284079074859619,1.7664154767990112,3.4754624366760254,,,380.05063,-1.0606493949890137,,,
Manuel Margot,44.0,2039,14712,RF,3.44098,2.284083366394043,1.7664148807525635,3.4754631519317627,,,380.05078,-1.0606461763381958,,,
Corbin Carroll,38.0,2039,25878,CF,2.0922763,1.0215595960617065,1.4520565271377563,2.4716036319732666,,,403.2283,-1.258554220199585,,,
Victor Robles,42.0,2039,18363,CF,3.096519,1.9277890920639038,1.6930855512619019,3.207031488418579,,,385.88058,-1.125120997428894,,,
Mike Trout,47.0,2039,10155,CF,3.8634565,2.752662181854248,1.8615708351135254,3.8189265727996826,,,372.8086,-0.9655961394309998,,,
Jake Cave,46.0,2039,14477,LF,3.7315025,2.6032111644744873,1.830744981765747,3.710157632827759,,,375.08545,-0.996942400932312,,,
Will Benson,41.0,2039,21853,RF,2.893658,1.7302155494689941,1.6492725610733032,3.05395245552063,,,389.31216,-1.1574310064315796,,,
Fernando Tatis Jr.,40.0,2039,19709,RF,2.6628058,1.5156623125076294,1.5973066091537476,2.8834903240203857,,,393.24124,-1.1899571418762207,,,
Brandon Marsh,41.0,2039,20202,CF,2.8936543,1.7302098274230957,1.6492736339569092,3.0539491176605225,,,389.31207,-1.1574336290359497,,,
Trevor Larnach,42.0,2039,21501,LF,3.0965474,1.9278244972229004,1.693077564239502,3.2070493698120117,,,385.88123,-1.1250991821289062,,,
Ronald Acuna Jr.,41.0,2039,18401,RF,2.8936212,1.7301714420318604,1.6492805480957031,3.0539321899414062,,,389.3114,-1.157456874847412,,,
Jarred Kelenic,39.0,2039,22558,CF,2.3975058,1.2804592847824097,1.5333362817764282,2.691011667251587,,,397.81622,-1.2233699560165405,,,
Lars Nootbaar,41.0,2039,21454,LF,2.8936825,1.7302448749542236,1.6492677927017212,3.0539650917053223,,,389.3128,-1.1574125289916992,,,
Richie Palacios,42.0,2039,24589,RF,3.0965493,1.927827000617981,1.693077564239502,3.207050085067749,,,385.88123,-1.1250979900360107,,,
Alek Thomas,39.0,2039,23792,CF,2.397535,1.2804919481277466,1.5333341360092163,2.6910269260406494,,,397.8168,-1.2233507633209229,,,
Matt Vierling,42.0,2039,21558,RF,3.0965474,1.9278234243392944,1.6930781602859497,3.2070484161376953,,,385.8812,-1.125099778175354,,,
Ramon Laureano,44.0,2039,17128,RF,3.440978,2.2840824127197266,1.7664144039154053,3.4754631519317627,,,380.05078,-1.0606470108032227,,,
Teoscar Hernandez,46.0,2039,13066,RF,3.7315066,2.603214979171753,1.8307455778121948,3.710157632827759,,,375.08548,-0.9969412684440613,,,
Lourdes Gurriel Jr.,45.0,2039,19238,LF,3.5914044,2.4474387168884277,1.7992082834243774,3.5961012840270996,,,377.48776,-1.028645634651184,,,
Cody Bellinger,43.0,2039,15998,CF,3.277326,2.111569404602051,1.7314811944961548,3.3465466499328613,,,382.8253,-1.0928303003311157,,,
Jack Suwinski,40.0,2039,22244,CF,2.6627488,1.5155988931655884,1.597314715385437,2.8834614753723145,,,393.24005,-1.1899956464767456,,,
Alex Call,44.0,2039,19296,RF,3.4409919,2.2840981483459473,1.7664116621017456,3.475470781326294,,,380.05103,-1.060638189315796,,,
Lars Nootbaar,41.0,2039,21454,RF,2.8936713,1.7302329540252686,1.649269938468933,3.053961753845215,,,389.3124,-1.1574203968048096,,,
Tyler Freeman,40.0,2039,22532,CF,2.6627243,1.5155673027038574,1.597319483757019,2.8834455013275146,,,393.23953,-1.1900142431259155,,,
Luis Robert Jr.,41.0,2039,20043,CF,2.8936884,1.7302520275115967,1.6492671966552734,3.053969383239746,,,389.3129,-1.1574087142944336,,,
Chris Taylor,48.0,2039,13757,LF,3.9888268,2.896718740463257,1.8920005559921265,3.923341751098633,,,370.63272,-0.9346525073051453,,,
Dominic Canzone,41.0,2039,26438,RF,2.8936548,1.7302111387252808,1.649273157119751,3.053950786590576,,,389.3121,-1.1574327945709229,,,
Kerry Carpenter,41.0,2039,25961,RF,2.8936636,1.7302215099334717,1.649272084236145,3.0539557933807373,,,389.31223,-1.1574269533157349,,,
Willi Castro,42.0,2039,17338,CF,3.0965176,1.9277886152267456,1.6930855512619019,3.207031488418579,,,385.88058,-1.125120997428894,,,
Matt Wallner,41.0,2039,26466,RF,2.893628,1.7301793098449707,1.6492794752120972,3.0539355278015137,,,389.31155,-1.1574528217315674,,,
Tyler O'Neill,44.0,2039,15711,RF,3.4409816,2.284085512161255,1.7664148807525635,3.4754631519317627,,,380.05078,-1.0606452226638794,,,
Dominic Fletcher,41.0,2039,26149,CF,2.8936412,1.7301959991455078,1.6492773294448853,3.0539441108703613,,,389.31177,-1.1574428081512451,,,
Jackson Chourio,35.0,2039,28806,LF,0.89897764,0.10873892158269882,1.0095722675323486,1.602859616279602,,,428.90366,-1.3546801805496216,,,
Tommy Pham,51.0,2039,2967,CF,4.335296,3.3027405738830566,1.982042908668518,4.2165446281433105,,,364.56647,-0.8444445729255676,,,
Andy Pages,38.0,2039,24816,CF,2.0922263,1.021510124206543,1.4520560503005981,2.471579074859619,,,403.2275,-1.2585818767547607,,,
Lawrence Butler,38.0,2039,22542,RF,2.0922813,1.0215661525726318,1.4520554542541504,2.471606969833374,,,403.2284,-1.2585506439208984,,,
Jason Heyward,49.0,2039,4940,RF,4.108752,3.0360891819000244,1.9221980571746826,4.024099349975586,,,368.54074,-0.904137909412384,,,
Jake Cave,46.0,2039,14477,RF,3.731505,2.6032137870788574,1.8307445049285889,3.7101566791534424,,,375.08548,-0.9969412684440613,,,
Jake Fraley,44.0,2039,19260,RF,3.4409866,2.2840917110443115,1.7664133310317993,3.47546648979187,,,380.05087,-1.0606423616409302,,,
Randal Grichuk,47.0,2039,10243,RF,3.863456,2.752662181854248,1.8615708351135254,3.8189282417297363,,,372.80862,-0.9655970335006714,,,
Wenceel Perez,39.0,2039,22857,RF,2.3976638,1.2806313037872314,1.5333235263824463,2.6910953521728516,,,397.8193,-1.223271369934082,,,
Alec Burleson,40.0,2039,27615,LF,2.6626525,1.515485167503357,1.597330093383789,2.883406639099121,,,393.23795,-1.1900633573532104,,,
Kyle Stowers,41.0,2039,26151,LF,2.8936355,1.7301886081695557,1.649277925491333,3.0539398193359375,,,389.3117,-1.1574478149414062,,,
Jesus Sanchez,41.0,2039,19913,RF,2.8936615,1.730219841003418,1.6492725610733032,3.0539534091949463,,,389.31223,-1.1574275493621826,,,
Bryan De La Cruz,42.0,2039,19600,RF,3.0965285,1.9278005361557007,1.693082332611084,3.2070374488830566,,,385.88083,-1.1251126527786255,,,
Seth Brown,46.0,2039,18171,RF,3.7315042,2.603212356567383,1.8307455778121948,3.710157632827759,,,375.08545,-0.9969432950019836,,,
Christian Yelich,47.0,2039,11477,LF,3.8634558,2.7526609897613525,1.8615708351135254,3.818925619125366,,,372.8086,-0.9655964374542236,,,
Manuel Margot,44.0,2039,14712,LF,3.44098,2.284083366394043,1.7664154767990112,3.4754631519317627,,,380.05078,-1.0606461763381958,,,
Will Brennan,41.0,2039,25660,RF,2.8936648,1.7302236557006836,1.6492714881896973,3.0539557933807373,,,389.31232,-1.1574254035949707,,,
Brendan Donovan,42.0,2039,24679,LF,3.0965414,1.927815556526184,1.6930791139602661,3.2070443630218506,,,385.88107,-1.1251044273376465,,,
Jarred Kelenic,39.0,2039,22558,LF,2.3975081,1.2804620265960693,1.53333580493927,2.6910133361816406,,,397.81625,-1.2233693599700928,,,
Brandon Nimmo,46.0,2039,12927,LF,3.7315066,2.603217601776123,1.8307439088821411,3.710160255432129,,,375.08548,-0.996939480304718,,,
J.J. Bleday,41.0,2039,26368,CF,2.8936243,1.73017418384552,1.6492805480957031,3.05393385887146,,,389.31143,-1.157456636428833,,,
Adam Duvall,50.0,2039,10950,RF,4.224045,3.1713006496429443,1.952216386795044,4.121708869934082,,,366.52115,-0.8740674257278442,,,
Eddie Rosario,47.0,2039,12155,LF,3.8634558,2.7526614665985107,1.8615708351135254,3.81892728805542,,,372.80862,-0.9655970335006714,,,
Rob Refsnyder,48.0,2039,13770,LF,3.9888265,2.896717071533203,1.8920005559921265,3.923340082168579,,,370.63272,-0.9346536993980408,,,
Will Benson,41.0,2039,21853,LF,2.893631,1.730183482170105,1.649278998374939,3.053938150405884,,,389.31165,-1.1574496030807495,,,
Mike Tauchman,48.0,2039,15274,RF,3.9888272,2.8967177867889404,1.8920016288757324,3.923342704772949,,,370.63272,-0.9346536993980408,,,
Tyler O'Neill,44.0,2039,15711,LF,3.440977,2.284081220626831,1.7664154767990112,3.475461483001709,,,380.05066,-1.0606482028961182,,,
Grant McCray,38.0,2039,25690,CF,2.09213,1.0214132070541382,1.4520543813705444,2.471527576446533,,,403.22595,-1.2586348056793213,,,
Luke Raley,44.0,2039,19354,LF,3.4409816,2.2840867042541504,1.7664144039154053,3.4754648208618164,,,380.0508,-1.0606440305709839,,,
Jhonkensy Noel,37.0,2039,24257,RF,1.742692,0.7374666929244995,1.3455053567886353,2.220139741897583,,,409.76392,-1.2955230474472046,,,
Austin Martin,40.0,2039,27462,LF,2.662708,1.515548825263977,1.5973221063613892,2.8834362030029297,,,393.23907,-1.1900266408920288,,,
Dylan Carlson,40.0,2039,20126,LF,2.6627183,1.5155613422393799,1.597318410873413,2.8834428787231445,,,393.23938,-1.1900168657302856,,,
Ian Happ,44.0,2039,17919,LF,3.440997,2.2841057777404785,1.7664111852645874,3.475473403930664,,,380.0511,-1.0606331825256348,,,
Seiya Suzuki,44.0,2039,30116,RF,3.440983,2.2840893268585205,1.7664133310317993,3.4754648208618164,,,380.05087,-1.060642957687378,,,
Tommy Pham,51.0,2039,2967,RF,4.3352957,3.302741050720215,1.9820424318313599,4.216544151306152,,,364.5665,-0.8444442749023438,,,
Nick Gordon,43.0,2039,16337,LF,3.2773094,2.111550807952881,1.7314850091934204,3.34653902053833,,,382.82495,-1.0928415060043335,,,
Austin Martin,40.0,2039,27462,CF,2.662696,1.5155363082885742,1.597324252128601,2.883431911468506,,,393.2389,-1.190032720565796,,,
Bryan De La Cruz,42.0,2039,19600,LF,3.0964944,1.9277576208114624,1.6930913925170898,3.207017183303833,,,385.88007,-1.1251394748687744,,,
Seth Brown,46.0,2039,18171,LF,3.7315013,2.6032094955444336,1.830746054649353,3.710155963897705,,,375.08545,-0.9969435930252075,,,
Josh Lowe,41.0,2039,19953,RF,2.8936388,1.7301918268203735,1.6492773294448853,3.053941488265991,,,389.3117,-1.1574451923370361,,,
Miguel Andujar,44.0,2039,15878,LF,3.440976,2.2840774059295654,1.7664170265197754,3.4754624366760254,,,380.0507,-1.0606496334075928,,,
Mike Yastrzemski,48.0,2039,14854,RF,3.9888277,2.896719455718994,1.8920005559921265,3.923341751098633,,,370.63272,-0.9346525073051453,,,
Jo Adell,40.0,2039,20220,RF,2.662786,1.5156404972076416,1.5973093509674072,2.8834800720214844,,,393.24088,-1.18997061252594,,,
Jack Suwinski,40.0,2039,22244,LF,2.662695,1.5155357122421265,1.5973231792449951,2.8834311962127686,,,393.23892,-1.1900333166122437,,,
Austin Hays,43.0,2039,19363,LF,3.2773128,2.11155366897583,1.7314850091934204,3.34653902053833,,,382.82495,-1.0928399562835693,,,
Aaron Judge,47.0,2039,15640,CF,3.8634565,2.752662181854248,1.8615708351135254,3.8189282417297363,,,372.8086,-0.9655961394309998,,,
Alec Burleson,40.0,2039,27615,RF,2.6626658,1.5155001878738403,1.5973279476165771,2.883413314819336,,,393.23828,-1.1900548934936523,,,
Nolan Jones,41.0,2039,20529,LF,2.8936007,1.7301464080810547,1.6492853164672852,3.0539205074310303,,,389.31097,-1.1574722528457642,,,
Spencer Steer,41.0,2039,26323,LF,2.8936043,1.730150818824768,1.649284839630127,3.053922176361084,,,389.311,-1.1574692726135254,,,
Jesse Winker,45.0,2039,13590,LF,3.5913923,2.447425127029419,1.7992115020751953,3.5960936546325684,,,377.48743,-1.028653860092163,,,
Juan Soto,40.0,2039,20123,RF,2.662711,1.5155528783798218,1.597320556640625,2.8834404945373535,,,393.23926,-1.1900224685668945,,,
David Peralta,51.0,2039,2136,RF,4.3352947,3.3027398586273193,1.982042908668518,4.216545581817627,,,364.56647,-0.8444439768791199,,,
Jordan Walker,37.0,2039,27475,RF,1.7425125,0.7372995018959045,1.3454872369766235,2.22004771232605,,,409.7616,-1.2956069707870483,,,
Gavin Sheets,43.0,2039,19901,RF,3.2773042,2.1115427017211914,1.7314865589141846,3.3465349674224854,,,382.8248,-1.092846155166626,,,
Yordan Alvarez,42.0,2039,19556,LF,3.0964975,1.92776358127594,1.6930898427963257,3.207019805908203,,,385.8802,-1.1251353025436401,,,
Michael Conforto,46.0,2039,16376,LF,3.7315044,2.6032137870788574,1.8307455778121948,3.710158586502075,,,375.08542,-0.9969426989555359,,,
TJ Friedl,43.0,2039,19522,CF,3.2773173,2.1115596294403076,1.7314833402633667,3.3465416431427,,,382.82507,-1.0928367376327515,,,
Anthony Santander,44.0,2039,14551,RF,3.4409792,2.284083366394043,1.7664144039154053,3.4754631519317627,,,380.05078,-1.0606461763381958,,,
Hunter Renfroe,47.0,2039,15464,RF,3.8634553,2.7526609897613525,1.8615708351135254,3.81892728805542,,,372.8086,-0.9655973315238953,,,
Jorge Soler,47.0,2039,14221,RF,3.8634543,2.752660036087036,1.8615708351135254,3.818924903869629,,,372.80856,-0.9655982255935669,,,
Heliot Ramos,39.0,2039,22515,CF,2.3974452,1.2803934812545776,1.5333410501480103,2.690978765487671,,,397.8151,-1.2234082221984863,,,
George Springer,49.0,2039,12856,RF,4.1087527,3.036088705062866,1.9221980571746826,4.024096965789795,,,368.54074,-0.9041393995285034,,,
James Wood,36.0,2039,29518,LF,1.3415152,0.4266372621059418,1.2034581899642944,1.9300259351730347,,,417.89337,-1.3329215049743652,,,
Mitch Haniger,48.0,2039,14274,RF,3.9888275,2.8967182636260986,1.8920011520385742,3.923341751098633,,,370.63266,-0.9346525073051453,,,
Lane Thomas,43.0,2039,16939,RF,3.2772982,2.1115357875823975,1.7314881086349487,3.3465306758880615,,,382.82468,-1.0928505659103394,,,
Edward Olivares,43.0,2039,19698,RF,3.277306,2.1115455627441406,1.7314865589141846,3.3465356826782227,,,382.82486,-1.0928447246551514,,,
MJ Melendez,40.0,2039,22197,LF,2.6626878,1.515525460243225,1.597325325012207,2.8834259510040283,,,393.23868,-1.1900404691696167,,,
Starling Marte,50.0,2039,9241,RF,4.224045,3.171300172805786,1.9522159099578857,4.121709823608398,,,366.5212,-0.8740677237510681,,,
Jurickson Profar,46.0,2039,10815,LF,3.7315006,2.603208541870117,1.8307455778121948,3.7101550102233887,,,375.08542,-0.9969444870948792,,,
Randy Arozarena,44.0,2039,19290,LF,3.440975,2.2840769290924072,1.7664154767990112,3.4754598140716553,,,380.05063,-1.0606502294540405,,,
Bryan Reynolds,44.0,2039,19326,LF,3.440972,2.2840731143951416,1.7664176225662231,3.4754581451416016,,,380.05063,-1.0606517791748047,,,
Teoscar Hernandez,46.0,2039,13066,LF,3.7315004,2.6032094955444336,1.8307455778121948,3.710155963897705,,,375.08542,-0.996944785118103,,,
Andrew Benintendi,44.0,2039,17901,LF,3.4409678,2.2840681076049805,1.7664180994033813,3.475456476211548,,,380.0505,-1.0606544017791748,,,
Adolis Garcia,46.0,2039,19287,RF,3.7315037,2.603213310241699,1.8307455778121948,3.710157632827759,,,375.08542,-0.996942400932312,,,
Nick Castellanos,47.0,2039,11737,RF,3.8634531,2.752659320831299,1.8615719079971313,3.818924903869629,,,372.80856,-0.9655976295471191,,,
Patrick Bailey,40.0,2039,27478,C,-17.908373,,,,,,317.4145,,-11.076523780822754,-1.897545337677002,-2.0592732429504395
Cal Raleigh,42.0,2039,21534,C,-15.546755,,,,,,327.6322,,-8.188698768615723,-1.3758878707885742,-1.6905179023742676
Jake Rogers,44.0,2039,19452,C,-11.277942,,,,,,357.2836,,-3.759195327758789,-0.6638819575309753,-1.0819405317306519
Alejandro Kirk,40.0,2039,22581,C,-17.954414,,,,,,317.17276,,-11.12440013885498,-1.9039286375045776,-2.0664756298065186
Austin Wells,39.0,2039,27562,C,-18.581501,,,,,,316.81064,,-12.131874084472656,-2.1016452312469482,-2.170977830886841
Bo Naylor,39.0,2039,21865,C,-18.58647,,,,,,316.7883,,-12.137275695800781,-2.1023001670837402,-2.171759843826294
Christian Vazquez,48.0,2039,9774,C,-0.04705982,,,,,,453.23984,,7.4758405685424805,0.8684916496276855,0.42389822006225586
Nick Fortes,42.0,2039,21538,C,-15.622799,,,,,,327.10632,,-8.262818336486816,-1.3861961364746094,-1.7019009590148926
Jose Trevino,46.0,2039,16725,C,-5.534703,,,,,,405.54034,,1.9226258993148804,0.1573086380958557,-0.3285781741142273
Austin Hedges,46.0,2039,12976,C,-5.7203484,,,,,,403.80698,,1.7459882497787476,0.13588345050811768,-0.35284939408302307
Freddy Fermin,44.0,2039,21840,C,-11.626579,,,,,,354.27142,,-4.083269119262695,-0.7078346014022827,-1.1292749643325806
William Contreras,41.0,2039,20503,C,-16.986828,,,,,,320.35007,,-9.851814270019531,-1.6662914752960205,-1.9121519327163696
Adley Rutschman,41.0,2039,26288,C,-16.99844,,,,,,320.279,,-9.863564491271973,-1.6678762435913086,-1.9139254093170166
Carson Kelly,44.0,2039,13620,C,-11.655026,,,,,,354.02798,,-4.1096038818359375,-0.7114751935005188,-1.1331720352172852
Gabriel Moreno,39.0,2039,22664,C,-18.58879,,,,,,316.77667,,-12.13998794555664,-2.1025447845458984,-2.172093152999878
Victor Caratini,45.0,2039,14968,C,-8.959411,,,,,,376.02737,,-1.444379210472107,-0.3106517493724823,-0.7752639055252075
Francisco Alvarez,37.0,2039,26121,C,-18.791208,,,,,,323.18173,,-13.331696510314941,-2.3538856506347656,-2.216496706008911
Tyler Stephenson,42.0,2039,17988,C,-15.639269,,,,,,326.99478,,-8.278606414794922,-1.3885281085968018,-1.7044166326522827
Ben Rortvedt,41.0,2039,20287,C,-16.998049,,,,,,320.28082,,-9.863253593444824,-1.667795181274414,-1.9138517379760742
Logan O'Hoppe,39.0,2039,24729,C,-18.610004,,,,,,316.6866,,-12.16238784790039,-2.105555295944214,-2.175541639328003
Yasmani Grandal,50.0,2039,11368,C,3.5809877,,,,,,487.3899,,11.280821800231934,1.3091453313827515,0.9433518648147583
Sean Murphy,44.0,2039,19352,C,-11.615136,,,,,,354.3696,,-4.072638511657715,-0.706381618976593,-1.1277121305465698
Travis d'Arnaud,50.0,2039,7739,C,3.017472,,,,,,480.91177,,10.71354866027832,1.2584563493728638,0.8652748465538025
Luis Torrens,43.0,2039,15905,C,-13.853171,,,,,,338.02017,,-6.352399826049805,-1.0677729845046997,-1.440611481666565
Kyle Higashioka,49.0,2039,5517,C,1.4180075,,,,,,465.89145,,9.026564598083496,1.0632609128952026,0.6348580121994019
Tomas Nido,45.0,2039,13755,C,-9.007799,,,,,,375.58606,,-1.489487648010254,-0.3165740370750427,-0.7815921306610107
Alex Jackson,43.0,2039,17276,C,-13.846456,,,,,,338.07172,,-6.3460774421691895,-1.0668725967407227,-1.4396367073059082
Elias Diaz,48.0,2039,11680,C,-0.775499,,,,,,445.99353,,6.7589569091796875,0.7926473617553711,0.32307168841362
Yainer Diaz,40.0,2039,23003,C,-17.992907,,,,,,316.97455,,-11.164175987243652,-1.90937340259552,-2.0725581645965576
Salvador Perez,49.0,2039,7304,C,1.2931275,,,,,,464.57367,,8.902473449707031,1.0509345531463623,0.61744225025177
Ali Sanchez,42.0,2039,18551,C,-15.622709,,,,,,327.10574,,-8.26290225982666,-1.3861265182495117,-1.7018587589263916
Miguel Amaya,40.0,2039,21693,C,-17.987028,,,,,,317.00394,,-11.158199310302734,-1.9085088968276978,-2.0716118812561035
Garrett Stubbs,46.0,2039,18067,C,-6.131589,,,,,,399.9745,,1.355886697769165,0.0879748985171318,-0.4065794050693512
Reese McGuire,44.0,2039,15674,C,-11.633849,,,,,,354.2091,,-4.090002536773682,-0.708761990070343,-1.1302684545516968
Jonah Heim,44.0,2039,16930,C,-11.628061,,,,,,354.25998,,-4.084466457366943,-0.7080820798873901,-1.1295052766799927
Christian Bethancourt,47.0,2039,10028,C,-3.3160741,,,,,,423.9927,,4.173891067504883,0.4656147360801697,-0.029910340905189514
Austin Barnes,49.0,2039,12158,C,1.8566854,,,,,,470.5776,,9.463748931884766,1.1058508157730103,0.6959148645401001
Ivan Herrera,39.0,2039,20599,C,-18.60204,,,,,,316.71732,,-12.15442180633545,-2.104280471801758,-2.1741719245910645
Will Smith,44.0,2039,19197,C,-11.654123,,,,,,354.03622,,-4.108693599700928,-0.7113841772079468,-1.1330602169036865
Dillon Dingler,40.0,2039,27464,C,-17.976753,,,,,,317.05453,,-11.147906303405762,-1.906945824623108,-2.0699329376220703
J.T. Realmuto,48.0,2039,11739,C,-0.80313075,,,,,,445.72162,,6.731875419616699,0.7897201180458069,0.31924599409103394
Jose Herrera,42.0,2039,17040,C,-15.628368,,,,,,327.06723,,-8.268340110778809,-1.3869214057922363,-1.702719807624817
Pedro Pages,40.0,2039,25782,C,-17.97965,,,,,,317.04105,,-11.150702476501465,-1.9074207544326782,-2.070423126220703
Willson Contreras,47.0,2039,11609,C,-3.3149056,,,,,,424.00372,,4.175022602081299,0.4657452404499054,-0.029753101989626884
Andrew Knizner,44.0,2039,19514,C,-11.629228,,,,,,354.24872,,-4.085712432861328,-0.7081747055053711,-1.1296374797821045
Ryan Jeffers,42.0,2039,24618,C,-15.63619,,,,,,327.01477,,-8.275772094726562,-1.3880516290664673,-1.7039259672164917
Gary Sanchez,46.0,2039,11442,C,-6.120736,,,,,,400.07547,,1.3661545515060425,0.0892496258020401,-0.4051610827445984
Keibert Ruiz,40.0,2039,19610,C,-17.99428,,,,,,316.96817,,-11.165483474731445,-1.909604549407959,-2.07279372215271
Danny Jansen,44.0,2039,16535,C,-11.661161,,,,,,353.97556,,-4.115286827087402,-0.7122610807418823,-1.1340134143829346
Kyle McCann,41.0,2039,25575,C,-16.999363,,,,,,320.2723,,-9.864660263061523,-1.6679489612579346,-1.914039969444275
Henry Davis,39.0,2039,29617,C,-18.606037,,,,,,316.69974,,-12.158731460571289,-2.1048190593719482,-2.174807071685791
Korey Lee,40.0,2039,25543,C,-17.995115,,,,,,316.96313,,-11.166463851928711,-1.9096863269805908,-2.0729076862335205
Joey Bart,42.0,2039,21524,C,-15.6318445,,,,,,327.04376,,-8.271674156188965,-1.3874144554138184,-1.7032510042190552
Jacob Stallings,49.0,2039,13723,C,1.2829479,,,,,,464.4665,,8.892367362976074,1.049925684928894,0.6160228848457336
Shea Langeliers,41.0,2039,25816,C,-17.01203,,,,,,320.19873,,-9.876911163330078,-1.6698704957962036,-1.9160715341567993
James McCann,49.0,2039,12859,C,1.2865232,,,,,,464.50412,,8.895914077758789,1.0502806901931763,0.6165215969085693
Tucker Barnhart,48.0,2039,10200,C,-0.78023905,,,,,,445.94678,,6.754310131072998,0.7921463251113892,0.3224157691001892
Luke Maile,48.0,2039,13355,C,-0.79326487,,,,,,445.81857,,6.741546154022217,0.7907673716545105,0.32061293721199036
Matt Thaiss,44.0,2039,19318,C,-11.654862,,,,,,354.0293,,-4.109467029571533,-0.7114482522010803,-1.13314688205719
Curt Casali,50.0,2039,12510,C,3.0875366,,,,,,481.70688,,10.783876419067383,1.2648781538009644,0.8750155568122864
Riley Adams,43.0,2039,19864,C,-13.861411,,,,,,337.95694,,-6.360159873962402,-1.0688775777816772,-1.4418082237243652
Martin Maldonado,52.0,2039,6887,C,5.1944313,,,,,,501.72028,,13.062901496887207,1.5241612195968628,1.1823859214782715
Yan Gomes,51.0,2039,9627,C,4.1906157,,,,,,492.02832,,11.974218368530273,1.4028351306915283,1.0359585285186768
Connor Wong,43.0,2039,19896,C,-13.874552,,,,,,337.85715,,-6.372405529022217,-1.0706825256347656,-1.4437379837036133
Luis Campusano,40.0,2039,22217,C,-18.000706,,,,,,316.9347,,-11.172215461730957,-1.9104878902435303,-2.0737969875335693
