Name,Season,Age,Role,IDfg,FIP,SIERA,ERA,K%,BB%,IP,GB%,FB%,G,GS,WAR
Angel Chivilli,2032,29,RP,26790,4.306833,3.9209073,4.2716727,0.22484161,0.09932328,63.38764470319607,0.41257456,0.3920454,65.0,0.0,0.5
Justin Martinez,2032,30,RP,24453,4.3685527,3.9663215,4.3127503,0.21556363,0.09857195,62.492092632875874,0.41569418,0.39149326,65.0,0.0,0.4
Anthony Molina,2032,30,RP,26952,4.3795333,3.9789855,4.3224363,0.2097297,0.09701315,62.33540911767927,0.4189972,0.38787228,65.0,0.0,0.4
Troy Taylor,2032,30,RP,31883,4.380137,3.9491704,4.317241,0.22615056,0.09989436,62.3268176315033,0.38803625,0.41768184,65.0,0.0,0.4
Luke Little,2032,31,RP,28036,4.425261,4.006089,4.334742,0.20995206,0.098430045,61.69127651453779,0.40828466,0.40029886,65.0,0.0,0.4
Ben Joyce,2032,31,RP,31461,4.4291406,4.0076385,4.3385825,0.20986083,0.09820597,61.6372395132365,0.40650907,0.4019182,65.0,0.0,0.4
Orion Kerkering,2032,31,RP,31776,4.434754,4.0009565,4.3392463,0.2150803,0.099033624,61.55922064673712,0.39452696,0.41347262,65.0,0.0,0.4
Porter Hodge,2032,31,RP,26413,4.4460993,4.0015907,4.339508,0.21825819,0.10026625,61.402137374664576,0.38471404,0.42293063,65.0,0.0,0.4
Victor Vodnik,2032,32,RP,24614,4.4752054,4.0492973,4.338668,0.19887723,0.09839681,61.00278659835368,0.4168603,0.39367315,65.0,0.0,0.4
Jose A. Ferrer,2032,32,RP,24017,4.4822917,4.04515,4.342205,0.20226263,0.09796709,60.906343957935626,0.40603173,0.4040352,65.0,0.0,0.4
Angel Zerpa,2032,32,RP,22717,4.4873433,4.0447035,4.342168,0.20517002,0.09854891,60.83777900389302,0.3978511,0.4118742,65.0,0.0,0.3
Ronny Henriquez,2032,32,RP,24094,4.489559,4.047719,4.3444223,0.20378308,0.09840849,60.807754169173414,0.40034857,0.40945697,65.0,0.0,0.3
Randy Rodriguez,2032,32,RP,23974,4.49375,4.042159,4.340291,0.20983973,0.09938087,60.75104311543811,0.38504332,0.4242186,65.0,0.0,0.3
Ben Brown,2032,32,RP,23590,4.49428,4.040626,4.336584,0.2116033,0.09994989,60.743878886050716,0.38141006,0.42775238,65.0,0.0,0.3
Grant Holman,2032,32,RP,30002,4.495631,4.047337,4.3441706,0.20769536,0.0993067,60.7256245007653,0.390151,0.41929826,65.0,0.0,0.3
Matthew Liberatore,2032,32,RP,22294,4.4996233,4.0543485,4.345125,0.20398247,0.099336185,60.67174556590104,0.39661658,0.41289136,65.0,0.0,0.3
Roansy Contreras,2032,32,RP,22810,4.5024114,4.0592175,4.3424463,0.20324598,0.10040165,60.63417483351255,0.3984814,0.41108984,65.0,0.0,0.3
Prelander Berroa,2032,32,RP,22932,4.5045166,4.0514555,4.339775,0.21012323,0.10105445,60.6058372612058,0.38382474,0.42554122,65.0,0.0,0.3
Cade Smith,2032,33,RP,27867,4.525698,4.0652885,4.3198724,0.20659609,0.0995631,60.3221867654448,0.38000983,0.43056113,65.0,0.0,0.3
Jeremiah Estrada,2032,33,RP,22210,4.526632,4.065488,4.3110294,0.20828395,0.10052823,60.30974022186915,0.37537166,0.43500453,65.0,0.0,0.3
Andres Munoz,2032,33,RP,20373,4.536886,4.0781717,4.319189,0.20618913,0.10193237,60.173431732690666,0.38270822,0.4281358,65.0,0.0,0.3
Andrew Nardi,2032,33,RP,25942,4.539304,4.0772634,4.3260713,0.2045837,0.10016759,60.141378502078744,0.38126147,0.42938685,65.0,0.0,0.3
Landen Roupp,2032,33,RP,30076,4.540188,4.0872645,4.3333287,0.19643389,0.10030121,60.12966863927222,0.4009839,0.40999278,65.0,0.0,0.3
Kyle Nicolas,2032,33,RP,27775,4.5411043,4.088592,4.3321004,0.19636829,0.10067873,60.11753572803867,0.4010086,0.40995634,65.0,0.0,0.3
Adrian Morejon,2032,33,RP,20039,4.5411634,4.0801015,4.3315763,0.20272651,0.09984012,60.11675334122529,0.38585594,0.42495176,65.0,0.0,0.3
Brendan White,2032,33,RP,26024,4.5415335,4.0821905,4.3338404,0.20072192,0.09972679,60.1118542888652,0.39077517,0.42015296,65.0,0.0,0.3
Mason Miller,2032,33,RP,31757,4.5415335,4.079433,4.3218236,0.2049502,0.10099394,60.1118542888652,0.3800567,0.43059918,65.0,0.0,0.3
Slade Cecconi,2032,33,RP,27500,4.5426674,4.079371,4.3316555,0.20364448,0.09939825,60.096849705527646,0.381321,0.4292417,65.0,0.0,0.3
Carmen Mlodzinski,2032,33,RP,27572,4.543246,4.083769,4.3339458,0.20060012,0.099915296,60.08919613861984,0.390607,0.4203029,65.0,0.0,0.3
George Soriano,2032,33,RP,21863,4.5447626,4.083668,4.3324633,0.20159121,0.10006676,60.06914420568414,0.38719591,0.42361385,65.0,0.0,0.3
Andre Pallante,2032,33,RP,26108,4.5447707,4.1115227,4.3695765,0.18301325,0.09537893,60.069037146362525,0.43087116,0.38019037,65.0,0.0,0.3
Jordan Balazovic,2032,33,RP,21866,4.545309,4.0854855,4.335289,0.2000845,0.099876516,60.06192318278032,0.39083093,0.42004505,65.0,0.0,0.3
Hans Crouse,2032,33,RP,22192,4.5472813,4.0870037,4.321127,0.2033125,0.10222113,60.03587242337526,0.38404822,0.42680204,65.0,0.0,0.3
Luis L. Ortiz,2032,33,RP,27646,4.547743,4.095567,4.3358865,0.19487968,0.10093976,60.02977740826604,0.4017783,0.40902546,65.0,0.0,0.3
Guillo Zuniga,2032,33,RP,19588,4.550833,4.090913,4.337825,0.19915481,0.10015799,59.98901739527687,0.39139003,0.41942725,65.0,0.0,0.3
Jordan Leasure,2032,33,RP,29950,4.551137,4.092447,4.3344483,0.19905382,0.100883,59.98501033917459,0.39212185,0.4187235,65.0,0.0,0.3
Jared Shuster,2032,33,RP,27472,4.5512214,4.0937424,4.334868,0.19795561,0.100896224,59.98389794880117,0.3941949,0.41661808,65.0,0.0,0.3
Declan Cronin,2032,34,RP,25645,4.555249,4.112531,4.325257,0.1860005,0.097847864,59.930862176798676,0.41400936,0.3973091,65.0,0.0,0.3
Xzavion Curry,2032,33,RP,25595,4.55633,4.0934067,4.3363094,0.20060469,0.10050488,59.916643438908075,0.38538635,0.42526698,65.0,0.0,0.3
Jhoan Duran,2032,34,RP,21029,4.5572658,4.105312,4.3128605,0.19112374,0.099531576,59.90434001018769,0.40545797,0.40622932,65.0,0.0,0.3
Emmanuel Clase,2032,34,RP,21032,4.559136,4.1126776,4.328933,0.1861629,0.09721814,59.87976669263651,0.41153082,0.39973393,65.0,0.0,0.3
Josh Winckowski,2032,34,RP,22387,4.5669546,4.1161404,4.326654,0.18698668,0.09856495,59.777252876566806,0.40783656,0.403369,65.0,0.0,0.3
Eduardo Salazar,2032,34,RP,23135,4.5692506,4.113592,4.3205914,0.18958306,0.09949502,59.74721544053635,0.4029863,0.4084056,65.0,0.0,0.3
Cole Sands,2032,34,RP,21461,4.571589,4.1022525,4.3063807,0.1974963,0.09954662,59.716654318662506,0.3818729,0.4296049,65.0,0.0,0.3
Kris Bubic,2032,34,RP,21455,4.571935,4.10811,4.3136334,0.19405273,0.09982842,59.71213501504287,0.39320967,0.41838276,65.0,0.0,0.3
Ryan Fernandez,2032,34,RP,24862,4.5725765,4.115202,4.3148003,0.19063815,0.10081522,59.70375782668698,0.40074918,0.41072634,65.0,0.0,0.3
Justin Slaten,2032,34,RP,25648,4.57334,4.108664,4.3156967,0.1936728,0.09948324,59.693790533833045,0.39263964,0.41888705,65.0,0.0,0.3
Hunter Bigge,2032,34,RP,26259,4.5736623,4.10505,4.305512,0.19723663,0.100204624,59.6895839904927,0.38315564,0.4283967,65.0,0.0,0.3
Camilo Doval,2032,34,RP,21992,4.573929,4.112792,4.310685,0.19353288,0.1011475,59.68610356653985,0.39591303,0.41572893,65.0,0.0,0.3
Edwin Uceta,2032,34,RP,20539,4.5744815,4.1060987,4.30629,0.19693197,0.10028724,59.678894755613285,0.3839577,0.4276066,65.0,0.0,0.3
Louie Varland,2032,34,RP,27691,4.575641,4.1069527,4.3103414,0.19627629,0.099765964,59.66377169887235,0.38470688,0.42679983,65.0,0.0,0.3
Brenan Hanifee,2032,34,RP,22304,4.5756917,4.11453,4.321037,0.19116707,0.099532604,59.663110606861906,0.39754778,0.4138481,65.0,0.0,0.3
Kevin Kelly,2032,34,RP,25679,4.5757794,4.1115155,4.3187027,0.19276235,0.099381424,59.66196709570396,0.39365652,0.41779009,65.0,0.0,0.3
Mason Thompson,2032,34,RP,21850,4.5759625,4.114066,4.318557,0.1917501,0.09988012,59.6595798151755,0.39647952,0.41496012,65.0,0.0,0.3
Michel Otanez,2032,34,RP,22533,4.575968,4.110288,4.3009543,0.19673918,0.101940155,59.65950810844832,0.38711667,0.42461053,65.0,0.0,0.3
Joey Wentz,2032,34,RP,19962,4.576632,4.115046,4.3131213,0.192199,0.10089359,59.65085241723608,0.3959529,0.41554838,65.0,0.0,0.3
Hayden Wesneski,2032,34,RP,27581,4.576634,4.109571,4.3119397,0.19496118,0.10004562,59.65082634967096,0.3883992,0.42313156,65.0,0.0,0.3
Drey Jameson,2032,34,RP,26260,4.576936,4.1129265,4.3158827,0.19315742,0.1001077,59.64689040878003,0.39341345,0.41809043,65.0,0.0,0.3
Matt Brash,2032,34,RP,25756,4.577172,4.1121483,4.311303,0.19438717,0.100689925,59.64381500192695,0.39114082,0.420441,65.0,0.0,0.3
Hunter Gaddis,2032,34,RP,25636,4.577177,4.1082206,4.3071146,0.19659932,0.10029774,59.64374984843278,0.3832559,0.42825893,65.0,0.0,0.3
Yerry De Los Santos,2032,34,RP,21420,4.577467,4.113751,4.3165455,0.19282466,0.100133866,59.63997118930622,0.39393294,0.41755298,65.0,0.0,0.3
Mike Soroka,2032,34,RP,18383,4.5776944,4.116007,4.316121,0.1920179,0.10059985,59.63700853425253,0.3961929,0.4152823,65.0,0.0,0.3
Chris Murphy,2032,34,RP,26214,4.5780835,4.1120605,4.3133974,0.19426325,0.10025901,59.63193987178259,0.39022905,0.42129847,65.0,0.0,0.3
Bailey Horn,2032,34,RP,27753,4.5784593,4.122035,4.325367,0.18831643,0.100023694,59.62704528136791,0.40275484,0.40848333,65.0,0.0,0.3
Joe La Sorsa,2032,34,RP,25481,4.5784807,4.111102,4.3137503,0.19487017,0.09997173,59.62676658219833,0.3880619,0.4234434,65.0,0.0,0.3
Jose Suarez,2032,34,RP,19911,4.578506,4.116646,4.312731,0.19249596,0.101236306,59.62643709541934,0.39536592,0.41616324,65.0,0.0,0.3
Fraser Ellard,2032,34,RP,29530,4.5785823,4.113186,4.313812,0.19402574,0.100419044,59.625443447855034,0.39108622,0.4204483,65.0,0.0,0.3
Cody Bolton,2032,34,RP,23265,4.5788703,4.117303,4.3167663,0.19185685,0.10071465,59.62169314994574,0.39628026,0.4151835,65.0,0.0,0.3
Beau Brieske,2032,34,RP,26079,4.5789857,4.1138434,4.3120008,0.1937915,0.10071968,59.62019055879559,0.39124888,0.4202831,65.0,0.0,0.3
Erik Miller,2032,34,RP,26252,4.579174,4.117783,4.3072085,0.19397181,0.10244314,59.61773891972657,0.39456868,0.41712686,65.0,0.0,0.3
Ethan Roberts,2032,34,RP,24930,4.579347,4.1114807,4.309325,0.1955535,0.100579716,59.615486662181304,0.38614783,0.42539626,65.0,0.0,0.3
Jose Butto,2032,34,RP,23313,4.5793767,4.11751,4.3121033,0.19267118,0.10150406,59.61510002005295,0.3951944,0.41636294,65.0,0.0,0.3
Bryce Jarvis,2032,34,RP,27477,4.5799074,4.118957,4.3193426,0.19090696,0.10052304,59.608192078293996,0.3974781,0.4139136,65.0,0.0,0.3
Ken Waldichuk,2032,34,RP,27681,4.579909,4.1144533,4.311897,0.19397652,0.10082954,59.60817125405767,0.39068395,0.42084825,65.0,0.0,0.3
Brendon Little,2032,35,RP,21574,4.5801005,4.151847,4.3332663,0.17196804,0.09415779,59.60567895835473,0.42969942,0.3802431,65.0,0.0,0.3
Walter Pennington,2032,34,RP,27624,4.580107,4.116997,4.317541,0.1922514,0.10046415,59.6055943671185,0.39466012,0.41679382,65.0,0.0,0.3
Jhony Brito,2032,34,RP,25386,4.5801377,4.1157084,4.3188148,0.19243452,0.09993931,59.605194839447734,0.39328787,0.4181145,65.0,0.0,0.3
Francisco Perez,2032,34,RP,21018,4.580152,4.11444,4.314466,0.19374816,0.10042705,59.605008742067945,0.39083904,0.4206605,65.0,0.0,0.3
Kyle Muller,2032,34,RP,20167,4.5811934,4.11875,4.3189025,0.19158582,0.100494675,59.59145929093498,0.3955024,0.4158925,65.0,0.0,0.3
Jordan Hicks,2032,35,RP,19618,4.582685,4.1583433,4.3145094,0.17939122,0.099403635,59.57206310274436,0.4192492,0.39154014,65.0,0.0,0.3
Sean Hjelle,2032,35,RP,21481,4.5846443,4.151247,4.320481,0.17879625,0.09670305,59.54660430254099,0.41515058,0.39554888,65.0,0.0,0.3
Yerry Rodriguez,2032,34,RP,21955,4.584744,4.123546,4.3199825,0.1906277,0.10110432,59.54530940004502,0.39691043,0.41446492,65.0,0.0,0.3
Anthony Maldonado,2032,34,RP,26034,4.58519,4.119191,4.3189597,0.19271684,0.100304656,59.53951744638717,0.39105555,0.42033643,65.0,0.0,0.3
Elvis Peguero,2032,35,RP,21652,4.585829,4.1520452,4.310385,0.18141614,0.099104196,59.53122107256943,0.41249415,0.39852503,65.0,0.0,0.3
Bryse Wilson,2032,34,RP,19990,4.5875807,4.1257386,4.326404,0.18939975,0.10021753,59.50848995419307,0.39729017,0.41390324,65.0,0.0,0.3
Pedro Avila,2032,35,RP,18864,4.58885,4.148007,4.300611,0.18424869,0.10040229,59.49202959347114,0.4071607,0.40415284,65.0,0.0,0.3
Carson Spiers,2032,34,RP,27685,4.5911803,4.127489,4.327872,0.18973505,0.10013431,59.46183381210274,0.39527708,0.4158914,65.0,0.0,0.3
Zach Pop,2032,35,RP,20185,4.591387,4.1534376,4.3138533,0.18130936,0.09871439,59.45915689529112,0.4099061,0.4010594,65.0,0.0,0.3
James McArthur,2032,35,RP,21527,4.592427,4.144526,4.3015203,0.18508866,0.09943014,59.445691787806325,0.40213862,0.4091495,65.0,0.0,0.3
Kody Funderburk,2032,35,RP,24993,4.592466,4.14979,4.305867,0.18348132,0.09968559,59.44518696491166,0.40608054,0.40510467,65.0,0.0,0.3
Chris Roycroft,2032,35,RP,31261,4.5933437,4.147469,4.3012753,0.18466586,0.10016458,59.43382812829791,0.40377778,0.40752196,65.0,0.0,0.3
JoJo Romero,2032,35,RP,19574,4.593723,4.14442,4.299798,0.18547267,0.09978292,59.42892072508508,0.4011918,0.41013283,65.0,0.0,0.3
Stephen Kolek,2032,35,RP,21487,4.593846,4.15766,4.323764,0.1789951,0.097415335,59.427329518664756,0.41252857,0.3981531,65.0,0.0,0.3
Sam Hentges,2032,35,RP,18548,4.5943456,4.140212,4.2932444,0.18745582,0.10022422,59.42086725038709,0.3972759,0.41419128,65.0,0.0,0.3
Bryan Abreu,2032,35,RP,16609,4.594628,4.1344285,4.278362,0.19031478,0.10181223,59.41721506071874,0.39148694,0.4202384,65.0,0.0,0.3
Jonathan Hernandez,2032,35,RP,17464,4.5947957,4.149677,4.300214,0.18454638,0.100932464,59.415046462239886,0.40452808,0.40681058,65.0,0.0,0.3
Tony Santillan,2032,35,RP,19926,4.594993,4.1320486,4.280212,0.19057353,0.1008805,59.41249529651079,0.38841403,0.42321685,65.0,0.0,0.3
Michael Grove,2032,35,RP,23221,4.595103,4.1325583,4.2853427,0.18983957,0.10005939,59.411073048852224,0.38929018,0.42223975,65.0,0.0,0.3
Brock Burke,2032,35,RP,17968,4.5955663,4.1336145,4.2850986,0.18974784,0.100318305,59.40508354759238,0.3899274,0.42161906,65.0,0.0,0.3
Caleb Ferguson,2032,35,RP,19349,4.595634,4.1407647,4.2915816,0.18763027,0.10064754,59.404208429130776,0.3967943,0.4146994,65.0,0.0,0.3
Manuel Rodriguez,2032,35,RP,20794,4.595735,4.144533,4.296669,0.18622561,0.10045507,59.4029029088927,0.3997825,0.41161323,65.0,0.0,0.3
Nate Pearson,2032,35,RP,20160,4.5958753,4.1323543,4.2831755,0.19006239,0.10032494,59.40108949431243,0.38815174,0.42339683,65.0,0.0,0.3
Daysbel Hernandez,2032,35,RP,20271,4.5965495,4.1366925,4.2804236,0.19001743,0.10184815,59.392376825268606,0.3918018,0.4198931,65.0,0.0,0.3
Gus Varland,2032,35,RP,24737,4.596675,4.1458735,4.2966323,0.18603832,0.10078184,59.390755274192756,0.40021247,0.4111897,65.0,0.0,0.3
Bryan Hudson,2032,35,RP,19924,4.596719,4.1350904,4.285843,0.1893677,0.10043734,59.39018678322517,0.3904365,0.42109427,65.0,0.0,0.3
Jackson Kowar,2032,35,RP,21549,4.596819,4.149612,4.2992687,0.18483439,0.1011366,59.3888947987728,0.40318203,0.40818527,65.0,0.0,0.3
Nick Mears,2032,35,RP,25376,4.596954,4.136014,4.283648,0.18959107,0.10106502,59.38715070892595,0.3909921,0.42060804,65.0,0.0,0.3
Tim Herrin,2032,35,RP,25139,4.597089,4.1397448,4.289885,0.18821818,0.10071467,59.38540672151442,0.39465776,0.416853,65.0,0.0,0.3
Nick Sandlin,2032,35,RP,20517,4.59726,4.137363,4.2839894,0.18920915,0.10128854,59.38319781783062,0.39220506,0.419402,65.0,0.0,0.3
Thad Ward,2032,35,RP,21513,4.597742,4.1504235,4.29822,0.1850762,0.10154305,59.37697243559991,0.40308678,0.40832344,65.0,0.0,0.3
Jovani Moran,2032,35,RP,20422,4.597973,4.139872,4.287428,0.18852842,0.10120578,59.373989364443865,0.39402607,0.41753742,65.0,0.0,0.3
Bryan King,2032,35,RP,25890,4.597995,4.1380982,4.28775,0.18890399,0.10072188,59.37370527806142,0.39219686,0.41933212,65.0,0.0,0.3
Genesis Cabrera,2032,35,RP,17490,4.5980663,4.1484146,4.2990265,0.1851046,0.10086566,59.372784598603985,0.4014586,0.40989107,65.0,0.0,0.3
Alexis Diaz,2032,35,RP,21132,4.5983076,4.143656,4.288434,0.18758029,0.10189427,59.36966896255484,0.39729917,0.4142887,65.0,0.0,0.3
Carlos Hernandez,2032,35,RP,22713,4.5985785,4.139552,4.2857985,0.18859097,0.101384565,59.36617152452655,0.39327157,0.41830876,65.0,0.0,0.3
Grant Anderson,2032,35,RP,20546,4.5987096,4.138667,4.2898426,0.18851751,0.10040659,59.36447911388012,0.39221057,0.41926226,65.0,0.0,0.3
Mitch Spence,2032,34,RP,27707,4.5987735,4.1455646,4.3504615,0.18235582,0.098873295,59.363654243897855,0.40834132,0.4022942,65.0,0.0,0.3
Hogan Harris,2032,35,RP,21520,4.5991993,4.147051,4.296892,0.1857852,0.100965574,59.35815827768107,0.3995388,0.41184908,65.0,0.0,0.3
Daniel Lynch IV,2032,35,RP,21537,4.59932,4.1401167,4.291064,0.18806665,0.10046706,59.356600540949536,0.3931382,0.41831496,65.0,0.0,0.3
Bryan Hoeing,2032,35,RP,26304,4.599518,4.147799,4.3020887,0.18506733,0.10002385,59.35404535866585,0.39981356,0.41143957,65.0,0.0,0.3
Hunter Stratton,2032,35,RP,23455,4.599518,4.1364317,4.2891545,0.18910472,0.09993287,59.35404535866585,0.3889587,0.42247373,65.0,0.0,0.3
Lane Ramsey,2032,35,RP,25071,4.5997467,4.14003,4.289747,0.1882884,0.100674756,59.3510942678648,0.39263758,0.4188421,65.0,0.0,0.3
Austin Cox,2032,35,RP,24604,4.5998187,4.1432414,4.2918453,0.1873857,0.10103645,59.35016525760026,0.39564967,0.41582522,65.0,0.0,0.3
Adrian Martinez,2032,35,RP,21023,4.599921,4.141592,4.2933645,0.18749942,0.100328565,59.3488453388656,0.39409497,0.41731167,65.0,0.0,0.3
Cooper Criswell,2032,35,RP,24975,4.6000347,4.1526613,4.308237,0.18338518,0.09984007,59.34737840129771,0.40329894,0.40782952,65.0,0.0,0.3
Alex Vesia,2032,36,RP,25007,4.601196,4.15775,4.2556806,0.18631093,0.10145034,59.332399663044136,0.39370635,0.41749,65.0,0.0,0.3
Peter Lambert,2032,35,RP,17969,4.6029935,4.1555367,4.3098154,0.18290523,0.100171514,59.30922996089392,0.40362048,0.40748662,65.0,0.0,0.3
Ryan Walker,2032,36,RP,20423,4.6034904,4.163603,4.2638836,0.18521549,0.10074964,59.30282813232325,0.3957628,0.4153045,65.0,0.0,0.3
Kyle Leahy,2032,35,RP,24763,4.603608,4.143077,4.295953,0.1873623,0.099953786,59.30131323083981,0.3921469,0.41917056,65.0,0.0,0.3
Jaime Barria,2032,35,RP,18356,4.6039996,4.1512127,4.3030963,0.18469764,0.10054613,59.2962692698757,0.3994424,0.41180456,65.0,0.0,0.3
Brandon Hughes,2032,36,RP,23460,4.6046166,4.162395,4.262841,0.18512687,0.10079928,59.28832380963054,0.39447436,0.41658804,65.0,0.0,0.3
Dauri Moreta,2032,36,RP,21101,4.604708,4.1621995,4.263266,0.18516006,0.10064177,59.28714698087263,0.3941005,0.41694468,65.0,0.0,0.3
Bowden Francis,2032,36,RP,20548,4.604736,4.160575,4.263082,0.18521155,0.10030341,59.286786473752244,0.39275283,0.41825268,65.0,0.0,0.3
Dedniel Nunez,2032,36,RP,23055,4.6051435,4.1679673,4.2676973,0.18469664,0.10078564,59.28154030379293,0.39755446,0.41347188,65.0,0.0,0.3
Eli Morgan,2032,36,RP,20203,4.6051536,4.161227,4.2636366,0.18514395,0.10033333,59.281410287813195,0.39296135,0.41804513,65.0,0.0,0.3
Jorge Alcala,2032,36,RP,19459,4.605241,4.1642632,4.264212,0.18501216,0.1009142,59.28028522285804,0.39532396,0.4157372,65.0,0.0,0.3
Eduard Bazardo,2032,36,RP,20997,4.6061287,4.170694,4.2713547,0.18390346,0.10047858,59.268860637784606,0.3986997,0.41225776,65.0,0.0,0.3
Robert Garcia,2032,36,RP,23363,4.6067486,4.1714287,4.271837,0.18378247,0.10057452,59.26088521522533,0.3988871,0.412068,65.0,0.0,0.3
Ron Marinaccio,2032,36,RP,23488,4.607064,4.1692314,4.268028,0.184335,0.10113924,59.256828209896796,0.39769748,0.41334468,65.0,0.0,0.3
Joe Jimenez,2032,37,RP,15761,4.6071043,4.192279,4.246939,0.1814424,0.10003418,59.25630986908632,0.399867,0.4101501,65.0,0.0,0.3
Drew Rasmussen,2032,36,RP,25385,4.6071854,4.177492,4.2777343,0.18272997,0.10031729,59.25526678392409,0.4022855,0.408557,65.0,0.0,0.3
Tyson Miller,2032,36,RP,19976,4.607237,4.1640673,4.266894,0.18450865,0.100235105,59.25460313849711,0.3936863,0.41726542,65.0,0.0,0.3
Grant Holmes,2032,36,RP,16944,4.6072407,4.1662693,4.269991,0.18403643,0.0999225,59.25455555209,0.39502242,0.4158838,65.0,0.0,0.3
Dennis Santana,2032,36,RP,17878,4.607364,4.1694717,4.2702603,0.18390496,0.10062053,59.25296981093746,0.39742523,0.41353974,65.0,0.0,0.3
Yuki Matsui,2032,36,RP,33826,4.6073933,4.1711955,4.2697453,0.1837893,0.10119438,59.25259300090574,0.39905515,0.4119736,65.0,0.0,0.3
Trevor Stephan,2032,36,RP,19932,4.607462,4.1694365,4.2699394,0.18392462,0.10069813,59.25170950948701,0.39744166,0.4135385,65.0,0.0,0.3
Keegan Akin,2032,37,RP,19362,4.607742,4.1918507,4.247941,0.18122232,0.09972335,59.24810894359971,0.39906847,0.41092736,65.0,0.0,0.3
Enyel De Los Santos,2032,36,RP,18403,4.607856,4.1696587,4.269631,0.18387023,0.10088441,59.2466431242643,0.3975727,0.41342625,65.0,0.0,0.3
Edwin Diaz,2032,38,RP,14710,4.6079955,4.22982,4.2281632,0.17801264,0.10110913,59.244849522965026,0.41324374,0.39494905,65.0,0.0,0.3
Dylan Lee,2032,37,RP,19996,4.6080327,4.193539,4.247899,0.18134613,0.100118004,59.244371247625914,0.40017095,0.40984005,65.0,0.0,0.3
James Karinchak,2032,36,RP,20151,4.6084213,4.1738586,4.2687836,0.18417826,0.10211395,59.23937553192023,0.40058714,0.41052708,65.0,0.0,0.2
Cionel Perez,2032,36,RP,19614,4.6089635,4.2021112,4.3059106,0.17541093,0.09929826,59.23240659206783,0.4194001,0.3904375,65.0,0.0,0.2
Sam Long,2032,36,RP,25379,4.6091633,4.174762,4.2745056,0.18308619,0.10082616,59.229838960142736,0.3999879,0.41094726,65.0,0.0,0.2
Ryan Helsley,2032,37,RP,18138,4.6093636,4.197829,4.249215,0.1811864,0.10070755,59.22726512614454,0.40254694,0.40744814,65.0,0.0,0.2
Calvin Faucher,2032,36,RP,20116,4.609524,4.1835146,4.281613,0.18167198,0.100907154,59.22520416424776,0.4052938,0.40550208,65.0,0.0,0.2
Collin Snider,2032,36,RP,23307,4.609584,4.17369,4.274163,0.18314622,0.10071793,59.22443326773089,0.3990365,0.4118945,65.0,0.0,0.2
Josh Hader,2032,38,RP,14212,4.6096582,4.229857,4.230487,0.17727485,0.10076197,59.22347995345946,0.41254705,0.39569545,65.0,0.0,0.2
Tyler Holton,2032,36,RP,26231,4.609712,4.175065,4.278383,0.1824136,0.09983895,59.22278875556651,0.39939883,0.41139808,65.0,0.0,0.2
Jose Quijada,2032,36,RP,19200,4.609822,4.1775947,4.269337,0.18443975,0.10283768,59.221375575889915,0.40247792,0.40867144,65.0,0.0,0.2
Mauricio Llovera,2032,36,RP,20080,4.6098275,4.1762404,4.276338,0.1827804,0.10069929,59.22130491867646,0.40044767,0.41044804,65.0,0.0,0.2
Cory Abbott,2032,36,RP,20277,4.6098647,4.1761265,4.2744384,0.18301173,0.10123053,59.22082702340483,0.4007452,0.41022047,65.0,0.0,0.2
Colin Holderman,2032,36,RP,22361,4.609963,4.1787367,4.2768855,0.18258405,0.10115467,59.21956423511426,0.40223643,0.40868038,65.0,0.0,0.2
Richard Lovelady,2032,36,RP,19337,4.6100793,4.1795444,4.2803826,0.1820555,0.10033357,59.21807028351986,0.4021385,0.40865976,65.0,0.0,0.2
A.J. Puk,2032,37,RP,19343,4.6102266,4.1997256,4.2511883,0.18076262,0.1005526,59.21617822429813,0.40312335,0.40681976,65.0,0.0,0.2
Michael Kopech,2032,36,RP,17282,4.6105757,4.183074,4.2748027,0.18325503,0.10271778,59.21169453957778,0.4053982,0.40564674,65.0,0.0,0.2
Osvaldo Bido,2032,36,RP,23150,4.610964,4.177714,4.2771616,0.18248509,0.10093479,59.206708185099686,0.40100235,0.40989468,65.0,0.0,0.2
Sean Reid-Foley,2032,36,RP,17034,4.6109643,4.182333,4.2761865,0.18307921,0.102164835,59.20670433297435,0.4041974,0.40678847,65.0,0.0,0.2
Alex Faedo,2032,36,RP,19874,4.6111565,4.182642,4.280148,0.18182676,0.10130212,59.204236507696066,0.40419903,0.40666735,65.0,0.0,0.2
Connor Seabold,2032,36,RP,19695,4.611187,4.1706834,4.2734866,0.18322408,0.10023361,59.20384491021509,0.39603078,0.41484553,65.0,0.0,0.2
Shawn Dubin,2032,36,RP,24977,4.611509,4.189867,4.286386,0.18066476,0.10130003,59.1997109839751,0.4083594,0.40234384,65.0,0.0,0.2
Evan Phillips,2032,37,RP,17734,4.6115327,4.200862,4.2536993,0.18035917,0.10012806,59.199406739542376,0.40270814,0.4071789,65.0,0.0,0.2
Felix Bautista,2032,37,RP,20666,4.6116886,4.2024584,4.252118,0.18077299,0.10101685,59.19740547963278,0.4043225,0.4056156,65.0,0.0,0.2
Albert Abreu,2032,36,RP,17485,4.6117406,4.189758,4.2867475,0.18046933,0.1012449,59.19673799519427,0.4082689,0.4024329,65.0,0.0,0.2
Enoli Paredes,2032,36,RP,20447,4.6118536,4.1827984,4.280893,0.18197548,0.10111547,59.19528755205933,0.40354177,0.40729782,65.0,0.0,0.2
Mike Baumann,2032,36,RP,20206,4.6118565,4.1858954,4.2838736,0.18106246,0.101122655,59.19525032923293,0.40579253,0.40498775,65.0,0.0,0.2
Andre Jackson,2032,36,RP,21298,4.61187,4.1809754,4.2805552,0.18180051,0.1008415,59.19507705117447,0.40255016,0.40828523,65.0,0.0,0.2
Jake Latz,2032,36,RP,21306,4.6121645,4.185788,4.2809196,0.18178017,0.101912245,59.191297274847855,0.40582877,0.405064,65.0,0.0,0.2
Alex Lange,2032,36,RP,19883,4.612972,4.195278,4.285828,0.18130772,0.102691226,59.18093584786554,0.41107774,0.39967477,65.0,0.0,0.2
Javy Guerra,2032,36,RP,17292,4.613216,4.1895294,4.2871995,0.18044685,0.10119411,59.1778056782947,0.40730178,0.40341362,65.0,0.0,0.2
Sean Guenther,2032,36,RP,20045,4.6134267,4.1906385,4.292876,0.17943259,0.09984954,59.175102966304856,0.4074153,0.40307692,65.0,0.0,0.2
Victor Gonzalez,2032,36,RP,16408,4.613644,4.1938643,4.2944565,0.17894617,0.10027456,59.1723158527186,0.4096131,0.40084544,65.0,0.0,0.2
Gerson Garabito,2032,36,RP,19835,4.613659,4.182386,4.2821836,0.18153426,0.10085244,59.17212347076366,0.40246043,0.40834948,65.0,0.0,0.2
Jake Bird,2032,36,RP,21267,4.6138034,4.200596,4.301972,0.1770061,0.1000862,59.17027153779461,0.4144384,0.39574423,65.0,0.0,0.2
Trevor Megill,2032,38,RP,17722,4.6140075,4.2316213,4.2370477,0.17631488,0.099713884,59.16765414880666,0.41039982,0.3977821,65.0,0.0,0.2
Bryan Baker,2032,37,RP,19804,4.6141253,4.206152,4.2568603,0.17987002,0.10054936,59.166143580886285,0.404855,0.40497988,65.0,0.0,0.2
Tommy Doyle,2032,36,RP,21281,4.6142564,4.193115,4.2921395,0.17939837,0.10080829,59.16446255565685,0.40894276,0.40162715,65.0,0.0,0.2
Devin Williams,2032,37,RP,15816,4.614446,4.2110615,4.2526517,0.18158595,0.102667846,59.162031585156704,0.4090895,0.40075824,65.0,0.0,0.2
David Bednar,2032,37,RP,19569,4.614694,4.20656,4.2572894,0.17966166,0.10065057,59.15885213624132,0.40505138,0.40479344,65.0,0.0,0.2
Hunter Harvey,2032,37,RP,15507,4.6150804,4.208842,4.259968,0.17925306,0.100134864,59.153899030664775,0.4056535,0.40407053,65.0,0.0,0.2
Seranthony Dominguez,2032,37,RP,19249,4.615211,4.208115,4.2586107,0.17945497,0.10060563,59.152225109534534,0.40563408,0.40417445,65.0,0.0,0.2
Gabe Speier,2032,37,RP,17170,4.6155167,4.211462,4.258919,0.1797216,0.1010681,59.14830727402634,0.4075806,0.40216345,65.0,0.0,0.2
Steven Wilson,2032,37,RP,20353,4.6160026,4.212311,4.258253,0.1797278,0.10170233,59.14208107248467,0.4086059,0.40120086,65.0,0.0,0.2
Zach Jackson,2032,37,RP,19493,4.6160145,4.21309,4.258666,0.17965892,0.101725504,59.14192860529359,0.40905875,0.40072364,65.0,0.0,0.2
Adbert Alzolay,2032,37,RP,17859,4.6162004,4.210199,4.260553,0.179209,0.10048139,59.139546887955724,0.40614218,0.40359646,65.0,0.0,0.2
Drew Smith,2032,38,RP,17755,4.6163273,4.23772,4.237531,0.1758366,0.100541994,59.137921178162564,0.4140748,0.39401278,65.0,0.0,0.2
Griffin Jax,2032,37,RP,20253,4.6163683,4.2180395,4.265659,0.17814548,0.10005207,59.137395948239224,0.41067287,0.39872673,65.0,0.0,0.2
Jake Cousins,2032,37,RP,21620,4.6167984,4.2154284,4.2579737,0.18037596,0.10234149,59.13188672045979,0.4101704,0.39958298,65.0,0.0,0.2
Brandon Bielak,2032,36,RP,19866,4.6171412,4.1985908,4.299825,0.17783526,0.10029457,59.12749646902721,0.41095147,0.39940307,65.0,0.0,0.2
Jesus Tinoco,2032,37,RP,16300,4.61749,4.214153,4.2624497,0.17894338,0.10089717,59.12303004446139,0.40816355,0.40152603,65.0,0.0,0.2
A.J. Minter,2032,38,RP,18655,4.6175694,4.237979,4.24028,0.17543969,0.09987245,59.122013412510924,0.4129457,0.39508006,65.0,0.0,0.2
Brad Keller,2032,36,RP,15734,4.617657,4.2035236,4.3074036,0.17605065,0.0995795,59.120891828908036,0.4143442,0.39571756,65.0,0.0,0.2
Angel Perdomo,2032,38,RP,17759,4.6177583,4.242155,4.2368712,0.17548439,0.10108629,59.11959489088028,0.41677427,0.3912279,65.0,0.0,0.2
Emmanuel Ramirez,2032,37,RP,17304,4.617979,4.211628,4.263014,0.17872134,0.100290455,59.11676947859659,0.4060511,0.40365785,65.0,0.0,0.2
Jose Leclerc,2032,38,RP,14524,4.6180186,4.2427044,4.2367377,0.17505395,0.10094437,59.11626254601919,0.41722113,0.39076608,65.0,0.0,0.2
Jason Foley,2032,36,RP,19531,4.618102,4.2002144,4.3077273,0.17611837,0.09866454,59.11519494372363,0.41199327,0.39804694,65.0,0.0,0.2
Greg Weissert,2032,37,RP,20375,4.6183686,4.21629,4.2651176,0.17840013,0.10052496,59.1117824592866,0.40875304,0.40083668,65.0,0.0,0.2
Josh Fleming,2032,36,RP,20418,4.618892,4.2072043,4.3196726,0.1728251,0.09765563,59.105084076440846,0.41854554,0.3909868,65.0,0.0,0.2
Ryder Ryan,2032,37,RP,19891,4.61931,4.2138443,4.2649183,0.1783492,0.1003825,59.09973567480858,0.4068593,0.4028188,65.0,0.0,0.2
Lucas Erceg,2032,37,RP,19360,4.6193423,4.222268,4.2670665,0.17809033,0.10132108,59.09932242951557,0.41251898,0.3969611,65.0,0.0,0.2
Jimmy Lambert,2032,37,RP,19541,4.619657,4.219166,4.266823,0.17797153,0.100945376,59.09529646898027,0.4103692,0.3992053,65.0,0.0,0.2
Keegan Thompson,2032,37,RP,19795,4.619802,4.2231536,4.2666016,0.17824061,0.10180193,59.09344166698053,0.41320366,0.39631167,65.0,0.0,0.2
Jeff Hoffman,2032,39,RP,17432,4.620118,4.2607055,4.2080956,0.17055242,0.099401,59.08939988112858,0.42039663,0.386155,65.0,0.0,0.2
Colin Poche,2032,38,RP,19403,4.6204042,4.241121,4.2428546,0.17481884,0.09997191,59.08573972813894,0.41387597,0.39412093,65.0,0.0,0.2
Thomas Hatch,2032,37,RP,19264,4.6206603,4.2203603,4.2686377,0.17770056,0.10072315,59.082464902256504,0.4103757,0.39914685,65.0,0.0,0.2
Tyler Ferguson,2032,38,RP,19481,4.620949,4.246171,4.239053,0.17437045,0.10084887,59.07877364584634,0.41809306,0.38982302,65.0,0.0,0.2
Trent Thornton,2032,38,RP,17948,4.621216,4.2414026,4.244696,0.1744873,0.09949648,59.0753602515009,0.413249,0.394699,65.0,0.0,0.2
Jose Ruiz,2032,37,RP,14552,4.6212764,4.2231374,4.2716455,0.17696363,0.10041986,59.07458813759766,0.411804,0.3975846,65.0,0.0,0.2
Tanner Scott,2032,37,RP,17586,4.6213593,4.2368517,4.2736163,0.17489672,0.10152271,59.0735284313427,0.4229775,0.38591006,65.0,0.0,0.2
Zack Kelly,2032,37,RP,20349,4.6214194,4.2276125,4.271903,0.1769458,0.10124336,59.07276020003725,0.41508645,0.3942127,65.0,0.0,0.2
Erik Swanson,2032,38,RP,16587,4.6219673,4.243502,4.2443385,0.17434493,0.09981452,59.06575756172053,0.41460854,0.39330482,65.0,0.0,0.2
Ian Hamilton,2032,37,RP,19261,4.62202,4.2300687,4.2749033,0.17625624,0.10066753,59.06508409742926,0.4162084,0.3928981,65.0,0.0,0.2
Ryan Burr,2032,38,RP,17536,4.6224656,4.2468934,4.242415,0.174226,0.1004255,59.05939029594943,0.41717383,0.39068288,65.0,0.0,0.2
Gregory Soto,2032,37,RP,19677,4.622549,4.231894,4.2764583,0.17558537,0.100682646,59.058324746800956,0.41763076,0.3914082,65.0,0.0,0.2
Seth Martinez,2032,37,RP,21045,4.62262,4.221615,4.271797,0.17705554,0.10034165,59.057417654922965,0.4100426,0.39943308,65.0,0.0,0.2
Anthony Bender,2032,37,RP,19742,4.622687,4.2297378,4.2772865,0.17562443,0.09999551,59.05656169236637,0.4156132,0.39343157,65.0,0.0,0.2
Will Vest,2032,37,RP,19769,4.6227283,4.2261643,4.276717,0.17579877,0.0995043,59.05603407407699,0.41283804,0.39631626,65.0,0.0,0.2
Josh Sborz,2032,38,RP,18323,4.6229744,4.245798,4.244808,0.17404269,0.099775314,59.052890277739806,0.41561568,0.39221492,65.0,0.0,0.2
Jose Alvarado,2032,37,RP,17780,4.623099,4.2328343,4.2771635,0.17539911,0.10076613,59.051298706776564,0.41809085,0.39093652,65.0,0.0,0.2
Joel Payamps,2032,38,RP,14332,4.623545,4.2457294,4.245783,0.1738397,0.09974715,59.045602454393766,0.41543123,0.39242405,65.0,0.0,0.2
Luke Weaver,2032,38,RP,16918,4.623743,4.2474604,4.2437577,0.17345499,0.10009188,59.04307397707874,0.41726556,0.39058787,65.0,0.0,0.2
Garrett Cleavinger,2032,38,RP,17897,4.6241364,4.251032,4.239808,0.17361662,0.10101254,59.03805086718462,0.42005116,0.38777927,65.0,0.0,0.2
Lucas Sims,2032,38,RP,13470,4.624389,4.2511625,4.2399206,0.17340644,0.10107457,59.034826006203204,0.4203145,0.3875363,65.0,0.0,0.2
Dany Jimenez,2032,38,RP,21170,4.6244545,4.251485,4.239736,0.17349477,0.10118385,59.03398984680248,0.420483,0.3873681,65.0,0.0,0.2
Yohan Ramirez,2032,37,RP,19444,4.6247177,4.2300067,4.279502,0.17529319,0.099927,59.03063012905631,0.4146941,0.39440498,65.0,0.0,0.2
Yency Almonte,2032,38,RP,15068,4.624813,4.250902,4.2417564,0.17347004,0.10070447,59.02941372980919,0.41936895,0.3884389,65.0,0.0,0.2
Anthony Banda,2032,38,RP,14706,4.6250734,4.248832,4.2451935,0.17348947,0.10013547,59.0260902670215,0.41727132,0.3905506,65.0,0.0,0.2
Robert Stephenson,2032,39,RP,13594,4.6255403,4.265734,4.212028,0.16967082,0.09944911,59.020132199475164,0.42136654,0.38511947,65.0,0.0,0.2
Pete Fairbanks,2032,38,RP,17998,4.625843,4.2511263,4.244032,0.17316964,0.10031705,59.01627011552273,0.4187619,0.38900965,65.0,0.0,0.2
Kevin Ginkel,2032,38,RP,19876,4.625917,4.250045,4.2463074,0.17282955,0.09958355,59.01532604238251,0.41757566,0.3901415,65.0,0.0,0.2
Yunior Marte,2032,37,RP,14416,4.626067,4.234442,4.2819285,0.17458318,0.10030931,59.01341247327374,0.4175537,0.39142448,65.0,0.0,0.2
Jose Urquidy,2032,37,RP,18413,4.6260953,4.2280717,4.278654,0.17568664,0.100234464,59.01305146048331,0.4126677,0.39661837,65.0,0.0,0.2
Duane Underwood Jr.,2032,37,RP,14677,4.6263137,4.2328486,4.2821207,0.17465357,0.100098036,59.01026555981278,0.41617015,0.39286992,65.0,0.0,0.2
Brent Honeywell,2032,37,RP,16466,4.6268334,4.2325764,4.282382,0.17479452,0.100054406,59.0036373473054,0.41545984,0.3936035,65.0,0.0,0.2
Jacob Webb,2032,38,RP,19274,4.6275516,4.2550316,4.241974,0.17232667,0.10083215,58.99447993189314,0.4216711,0.38607678,65.0,0.0,0.2
Tyler Alexander,2032,37,RP,17735,4.6280904,4.221315,4.277923,0.17592752,0.09909381,58.98761182365842,0.40674895,0.40265974,65.0,0.0,0.2
Keynan Middleton,2032,38,RP,15264,4.628563,4.2550015,4.2444305,0.17220694,0.10037226,58.98158888622668,0.4206688,0.38703474,65.0,0.0,0.2
Carson Fulmer,2032,38,RP,18311,4.6297784,4.257556,4.2436776,0.17171502,0.10071358,58.96610515959036,0.42244098,0.38524038,65.0,0.0,0.2
Matt Strahm,2032,40,RP,13799,4.6298084,4.2807674,4.187427,0.1658649,0.09856568,58.965723073982936,0.4235027,0.38190982,65.0,0.0,0.2
Justin Lawrence,2032,37,RP,17639,4.629844,4.2454967,4.2891164,0.16998167,0.09955083,58.9652696721531,0.42722225,0.3811564,65.0,0.0,0.2
Justin Garza,2032,38,RP,19784,4.630414,4.2583013,4.2443113,0.17146039,0.100666106,58.958011097927745,0.42275894,0.3849035,65.0,0.0,0.2
Matt Festa,2032,39,RP,19330,4.631161,4.2723403,4.2151413,0.16836968,0.09956489,58.94850125055036,0.42378736,0.38257524,65.0,0.0,0.2
Carlos Estevez,2032,39,RP,14542,4.631494,4.2714667,4.2165313,0.16843018,0.09927765,58.94426290954927,0.42262736,0.38374835,65.0,0.0,0.2
Alex Young,2032,38,RP,18333,4.6329217,4.2597265,4.2482524,0.17085634,0.09997691,58.92609840567779,0.4221016,0.38545522,65.0,0.0,0.2
John King,2032,37,RP,22051,4.6330376,4.247759,4.3118234,0.16081588,0.0942503,58.924624311272595,0.43708238,0.37016904,65.0,0.0,0.2
Michael Petersen,2032,38,RP,20827,4.6330905,4.257703,4.250813,0.17125662,0.099972665,58.92395151789071,0.42027378,0.38738963,65.0,0.0,0.2
Michael Rucker,2032,38,RP,19454,4.6333036,4.2604375,4.24797,0.17060809,0.10007274,58.92124142264281,0.422731,0.38482732,65.0,0.0,0.2
Josh Staumont,2032,38,RP,18335,4.6340675,4.264529,4.246895,0.1700394,0.1007578,58.91152858692715,0.4262032,0.38126633,65.0,0.0,0.2
Taylor Clarke,2032,39,RP,17611,4.6346707,4.2748623,4.218793,0.16772161,0.0992877,58.90386128188136,0.42376116,0.38254333,65.0,0.0,0.2
Danny Young,2032,38,RP,18439,4.635452,4.267173,4.248551,0.16886315,0.10015288,58.89393310512114,0.42806745,0.37916818,65.0,0.0,0.2
Tanner Rainey,2032,39,RP,17610,4.635581,4.282563,4.2199006,0.16669577,0.10068207,58.89229419138615,0.43155593,0.37448373,65.0,0.0,0.2
Dane Dunning,2032,37,RP,19409,4.635844,4.246422,4.2978997,0.17032965,0.09915706,58.888953122667644,0.4227976,0.3856842,65.0,0.0,0.2
Shintaro Fujinami,2032,38,RP,31839,4.63633,4.2654324,4.2502685,0.1693762,0.100292735,58.8827801299735,0.4257813,0.3816482,65.0,0.0,0.2
Trevor Richards,2032,39,RP,19309,4.6365676,4.280892,4.220234,0.16663411,0.10006406,58.87976269342002,0.42903304,0.3770718,65.0,0.0,0.2
Andrew Vasquez,2032,38,RP,19482,4.636933,4.2648916,4.251419,0.1693587,0.09997505,58.875122845208246,0.4247641,0.38266796,65.0,0.0,0.2
John Schreiber,2032,38,RP,20020,4.6372294,4.266163,4.2513776,0.1688869,0.099819206,58.87135969594258,0.42587146,0.38146454,65.0,0.0,0.2
Josh Taylor,2032,39,RP,17359,4.63856,4.2826705,4.2223015,0.16639933,0.09996461,58.85447207754131,0.4291531,0.3769086,65.0,0.0,0.2
Jalen Beeks,2032,38,RP,17192,4.6392126,4.2666554,4.2545505,0.1687392,0.099667385,58.84619299404387,0.42495173,0.38241348,65.0,0.0,0.2
Michael Kelly,2032,39,RP,12791,4.6421614,4.2850204,4.22642,0.16580135,0.09963424,58.8088126362862,0.42887622,0.37713242,65.0,0.0,0.2
Jared Koenig,2032,38,RP,27517,4.6424265,4.269681,4.258919,0.1677903,0.09930207,58.8054544320734,0.42576525,0.38148287,65.0,0.0,0.2
Justin Anderson,2032,39,RP,16201,4.642501,4.2889752,4.2292223,0.16514915,0.10040167,58.804510758317555,0.43366462,0.3721583,65.0,0.0,0.2
Michael Fulmer,2032,39,RP,13218,4.6425276,4.2862434,4.2272806,0.16545007,0.09977411,58.80417382979048,0.4302506,0.37569988,65.0,0.0,0.2
Aaron Bummer,2032,38,RP,16258,4.6440725,4.2789946,4.2721114,0.1617092,0.09744571,58.78461199733639,0.43975797,0.36642498,65.0,0.0,0.2
Jordan Weems,2032,39,RP,13190,4.644317,4.2876225,4.229348,0.16518967,0.099709995,58.78151728230438,0.4303423,0.3755828,65.0,0.0,0.2
Trevor Gott,2032,39,RP,15046,4.6447873,4.28625,4.2291436,0.16530943,0.09920831,58.775565460231086,0.42817092,0.37780413,65.0,0.0,0.2
Kaleb Ort,2032,40,RP,20061,4.6457357,4.2964487,4.20196,0.16323878,0.09870878,58.763566769413934,0.4277041,0.37739545,65.0,0.0,0.2
Spencer Bivens,2032,38,RP,30226,4.648527,4.274098,4.26767,0.16620786,0.0983692,58.72828102321446,0.42591673,0.38114887,65.0,0.0,0.2
Jesse Scholtens,2032,38,RP,19205,4.6489305,4.274878,4.26812,0.1663048,0.098780654,58.72318375161772,0.426435,0.38067234,65.0,0.0,0.2
Thyago Vieira,2032,39,RP,14510,4.649101,4.292424,4.2357817,0.16422087,0.09965878,58.72103015185086,0.43206742,0.37371042,65.0,0.0,0.2
Phil Maton,2032,39,RP,18064,4.6494436,4.2923007,4.235872,0.1639252,0.09931508,58.71670322014445,0.43174985,0.37399882,65.0,0.0,0.2
Brock Stewart,2032,40,RP,16727,4.6500554,4.3035293,4.2072177,0.16215214,0.09968741,58.708977961853954,0.43353313,0.3713858,65.0,0.0,0.2
Jakob Junis,2032,39,RP,13619,4.650077,4.287489,4.235546,0.16487956,0.098206684,58.70870525369796,0.42475015,0.3812315,65.0,0.0,0.2
Cole Irvin,2032,38,RP,19244,4.6513247,4.275368,4.2719045,0.1661356,0.098357275,58.692956868824915,0.42489442,0.38221702,65.0,0.0,0.2
Scott Barlow,2032,39,RP,14993,4.652155,4.297935,4.24232,0.16276266,0.099842615,58.6824815596213,0.4370258,0.36846483,65.0,0.0,0.2
Yennier Cano,2032,38,RP,25911,4.6526957,4.2870107,4.288456,0.15898266,0.096483536,58.6756619393785,0.44278553,0.3630928,65.0,0.0,0.2
Spencer Turnbull,2032,39,RP,16207,4.6528516,4.295871,4.240503,0.16325334,0.09930686,58.67369593304889,0.4331373,0.37250438,65.0,0.0,0.2
Reed Garrett,2032,39,RP,16866,4.653395,4.297594,4.2427454,0.16293256,0.0995821,58.66684431474225,0.43510133,0.37045377,65.0,0.0,0.2
Andres Machado,2032,39,RP,14681,4.654316,4.2951665,4.241302,0.16328895,0.09887572,58.655235269801196,0.430813,0.3749006,65.0,0.0,0.2
Dillon Tate,2032,38,RP,17796,4.65446,4.281186,4.2773294,0.1635433,0.097483926,58.65342059014365,0.42981863,0.376865,65.0,0.0,0.2
Ryne Stanek,2032,40,RP,15947,4.65455,4.307005,4.2125235,0.16129641,0.099462435,58.65228647237649,0.43408442,0.3707445,65.0,0.0,0.2
Cam Booser,2032,40,RP,16061,4.6556315,4.3062882,4.2127814,0.16142003,0.098885976,58.63866158651088,0.43132606,0.37354577,65.0,0.0,0.2
Jason Adam,2032,40,RP,11861,4.65597,4.3080544,4.2133102,0.16097324,0.09925855,58.634398417515584,0.43408224,0.3707165,65.0,0.0,0.2
Joe Ross,2032,39,RP,12972,4.6562495,4.298161,4.244924,0.16263972,0.099052824,58.63087877915476,0.43308926,0.3725042,65.0,0.0,0.2
Andrew Bellatti,2032,40,RP,10657,4.6572785,4.308826,4.2150016,0.16099058,0.09923453,58.617924609833835,0.43353876,0.3712685,65.0,0.0,0.2
Steven Okert,2032,40,RP,13580,4.6579723,4.3090386,4.2157917,0.16091648,0.09908852,58.609193532559225,0.43305337,0.37174502,65.0,0.0,0.2
Hobie Harris,2032,39,RP,18615,4.658683,4.300827,4.248516,0.16220248,0.099158,58.6002524747874,0.43425757,0.37126964,65.0,0.0,0.2
Jeff Brigham,2032,40,RP,16631,4.659571,4.3112364,4.2179737,0.1605587,0.099352516,58.589084703291356,0.4348119,0.36993194,65.0,0.0,0.2
Colten Brewer,2032,39,RP,12997,4.6617875,4.3061395,4.2555785,0.16114222,0.09949883,58.561227855195035,0.43877625,0.36650836,65.0,0.0,0.2
Chad Kuhl,2032,39,RP,14975,4.6621747,4.3051457,4.2544703,0.16118278,0.09916246,58.556364264942715,0.4369619,0.36838806,65.0,0.0,0.2
Giovanny Gallegos,2032,40,RP,14986,4.6621857,4.3126884,4.220148,0.16025709,0.098974794,58.55622610656628,0.43379533,0.3709197,65.0,0.0,0.2
Austin Voth,2032,40,RP,15047,4.663432,4.313415,4.221581,0.16004167,0.09882217,58.540576982788636,0.4335105,0.37119097,65.0,0.0,0.2
Jorge Lopez,2032,39,RP,14527,4.6649976,4.306688,4.2568,0.16050653,0.09859257,58.5209304287745,0.43633786,0.36895508,65.0,0.0,0.2
Yimi Garcia,2032,41,RP,12095,4.668829,4.324261,4.189055,0.15766264,0.09903098,58.47290616126657,0.43397638,0.3703257,65.0,0.0,0.2
Julian Merryweather,2032,40,RP,16703,4.671121,4.321443,4.2319274,0.15855521,0.099270694,58.44421499678557,0.43824273,0.36624113,65.0,0.0,0.2
Emilio Pagan,2032,41,RP,14771,4.6724343,4.327271,4.193318,0.15714616,0.09901174,58.42778784497837,0.43467033,0.3695633,65.0,0.0,0.2
Sam Moll,2032,40,RP,14874,4.6764107,4.3259034,4.2382517,0.15752262,0.09912254,58.37810609748199,0.43980882,0.36454725,65.0,0.0,0.2
Tayler Scott,2032,40,RP,13652,4.679146,4.328513,4.243276,0.15697087,0.09928482,58.34397986299209,0.44165888,0.36260828,65.0,0.0,0.2
Taijuan Walker,2032,39,RP,11836,4.6801734,4.3204145,4.2787337,0.15781122,0.09815811,58.331172088623894,0.439602,0.36537632,65.0,0.0,0.2
Tanner Banks,2032,40,RP,16990,4.6807504,4.3285384,4.2422967,0.15678856,0.098537415,58.32398155646155,0.4387065,0.36558902,65.0,0.0,0.2
Tayler Saucedo,2032,39,RP,17888,4.680867,4.322086,4.2799573,0.15648037,0.097880155,58.32252871102725,0.443163,0.3616025,65.0,0.0,0.2
Adrian Houser,2032,39,RP,12718,4.681751,4.321695,4.280708,0.15722209,0.09785591,58.3115163536036,0.4399842,0.36492857,65.0,0.0,0.2
Brennan Bernardino,2032,40,RP,16835,4.68222,4.33051,4.245325,0.15642537,0.098887295,58.30567551289773,0.4411104,0.36311135,65.0,0.0,0.2
Paul Sewald,2032,42,RP,13892,4.6825547,4.3396134,4.173004,0.15391688,0.09909093,58.30150793540116,0.43615282,0.3675334,65.0,0.0,0.2
Nick Anderson,2032,41,RP,18337,4.6836004,4.336623,4.20674,0.15538326,0.09916705,58.288491050602865,0.4382844,0.36572808,65.0,0.0,0.2
Chad Green,2032,41,RP,15552,4.6839175,4.3368244,4.207233,0.1553458,0.09911934,58.28454493487557,0.43816677,0.3658364,65.0,0.0,0.2
Fernando Cruz,2032,42,RP,7048,4.684694,4.341145,4.1793504,0.15331106,0.09979102,58.27488412263426,0.4406126,0.3629734,65.0,0.0,0.2
Luke Jackson,2032,40,RP,11752,4.684858,4.3330836,4.250658,0.15568013,0.09907314,58.27284412889355,0.4438042,0.36030397,65.0,0.0,0.2
Jesse Chavez,2032,48,RP,5448,4.685464,4.3412495,4.1237316,0.14596988,0.09859686,58.265307342026325,0.4425641,0.3587109,65.0,0.0,0.2
Austin Adams,2032,41,RP,13801,4.685545,4.3384676,4.212133,0.15485916,0.09973249,58.264300097427295,0.4420612,0.36185658,65.0,0.0,0.2
Chris Devenski,2032,41,RP,12763,4.686925,4.3389363,4.210342,0.15494606,0.09888342,58.247144983117934,0.43776134,0.3661974,65.0,0.0,0.2
Dominic Leone,2032,40,RP,13763,4.6869845,4.335063,4.2545156,0.15544817,0.09920572,58.246405551373165,0.4446827,0.35938078,65.0,0.0,0.2
Clay Holmes,2032,39,RP,13649,4.6877403,4.3250127,4.30239,0.14993235,0.095191665,58.23701453768675,0.4541589,0.3499541,65.0,0.0,0.2
David Robertson,2032,47,RP,8241,4.687918,4.343554,4.1328325,0.1465674,0.098922394,58.234807008143065,0.44322821,0.35826066,65.0,0.0,0.2
Domingo Tapia,2032,40,RP,12178,4.688042,4.33558,4.2547417,0.15541479,0.09898745,58.23326668148451,0.44350156,0.3605772,65.0,0.0,0.2
Ian Kennedy,2032,47,RP,6986,4.690278,4.3460517,4.1340365,0.14629577,0.09873136,58.20550508946378,0.4424127,0.35904115,65.0,0.0,0.2
Shelby Miller,2032,41,RP,10197,4.6905236,4.3418903,4.2165403,0.15416867,0.09921545,58.202457397293564,0.44088107,0.3629695,65.0,0.0,0.2
Tyler Kinley,2032,41,RP,18297,4.6909904,4.3422456,4.217357,0.1540943,0.09926472,58.196665676399604,0.4412132,0.36262688,65.0,0.0,0.2
John Brebbia,2032,42,RP,12777,4.691361,4.3461833,4.1846304,0.15262985,0.09916504,58.192068357135604,0.4386867,0.3648228,65.0,0.0,0.2
Kenley Jansen,2032,44,RP,3096,4.6923103,4.3496547,4.1553707,0.14931445,0.09919162,58.18029553586855,0.44036198,0.36213696,65.0,0.0,0.2
Mark Leiter Jr.,2032,41,RP,15551,4.6929274,4.343351,4.2203646,0.15340121,0.09932429,58.17264507437298,0.44337666,0.36038572,65.0,0.0,0.2
Kyle Finnegan,2032,40,RP,15009,4.6941094,4.3396373,4.2605314,0.15418324,0.098301865,58.15799691417502,0.4431788,0.36078376,65.0,0.0,0.2
Shawn Armstrong,2032,41,RP,12857,4.694157,4.3444104,4.219724,0.15370901,0.098823935,58.15740717662405,0.43989527,0.36390305,65.0,0.0,0.2
Pierce Johnson,2032,41,RP,13435,4.6943316,4.3445463,4.2233953,0.15329327,0.099473745,58.155244082032894,0.44414395,0.35959014,65.0,0.0,0.2
Taylor Rogers,2032,41,RP,13449,4.6950707,4.3451304,4.222495,0.15331808,0.09920206,58.14608925910317,0.44262153,0.3611274,65.0,0.0,0.2
Buck Farmer,2032,41,RP,14814,4.6951857,4.345254,4.222762,0.15338622,0.09915525,58.144665076825405,0.44214663,0.3616056,65.0,0.0,0.2
Jimmy Cordero,2032,40,RP,15690,4.6953106,4.3404703,4.260763,0.15412143,0.09815794,58.14311837006055,0.4424997,0.36146367,65.0,0.0,0.2
Raisel Iglesias,2032,42,RP,17130,4.6964417,4.349601,4.190005,0.15176533,0.09889312,58.12911507024563,0.4392125,0.36419952,65.0,0.0,0.2
Chris Martin,2032,46,RP,11847,4.6968994,4.3512974,4.147061,0.1462497,0.09858437,58.12345054697147,0.44217762,0.35946274,65.0,0.0,0.2
Daniel Bard,2032,47,RP,7115,4.6970625,4.350009,4.1445003,0.14572236,0.09885311,58.12143227815256,0.44422358,0.3571668,65.0,0.0,0.2
Ryan Yarbrough,2032,40,RP,16502,4.6977468,4.342123,4.2638774,0.1540466,0.0978623,58.11296598616171,0.44075078,0.36321467,65.0,0.0,0.2
Robert Suarez,2032,41,RP,30115,4.6989446,4.347962,4.225752,0.152894,0.098772354,58.09815250854415,0.44126722,0.36243397,65.0,0.0,0.2
Kirby Yates,2032,45,RP,9073,4.7002735,4.3533883,4.161849,0.14729908,0.09940783,58.081726520807784,0.4447721,0.3572103,65.0,0.0,0.2
Adam Ottavino,2032,46,RP,1247,4.7008944,4.353397,4.155005,0.1461458,0.09899936,58.0740550138714,0.4444069,0.35721838,65.0,0.0,0.2
JT Chargois,2032,41,RP,13767,4.7019663,4.350208,4.2307234,0.15240425,0.09887799,58.06081596118629,0.44269717,0.3609341,65.0,0.0,0.2
Daniel Hudson,2032,45,RP,7146,4.70241,4.355853,4.161647,0.14695877,0.09903134,58.05533758221848,0.44316092,0.35878012,65.0,0.0,0.2
Caleb Thielbar,2032,45,RP,10078,4.7036886,4.3566213,4.1636157,0.14683716,0.09905437,58.03955644512691,0.44351518,0.35841116,65.0,0.0,0.2
Craig Kimbrel,2032,44,RP,6655,4.7047253,4.3566246,4.175695,0.14790188,0.09948357,58.026767258866315,0.44487527,0.35745004,65.0,0.0,0.2
Drew VerHagen,2032,41,RP,13424,4.7049427,4.352143,4.236167,0.15179792,0.09889048,58.02408603190853,0.4442309,0.35931104,65.0,0.0,0.2
Tim Mayza,2032,40,RP,15042,4.705045,4.3479624,4.2733564,0.15243575,0.097562894,58.02282443632314,0.4431497,0.3606183,65.0,0.0,0.2
Dylan Covey,2032,40,RP,14825,4.705275,4.3484297,4.2769775,0.15218107,0.0978839,58.019988204727674,0.44554767,0.35815585,65.0,0.0,0.2
Wandy Peralta,2032,40,RP,14295,4.7068696,4.3494725,4.278347,0.15178333,0.09773435,58.000332110326575,0.44588384,0.35777923,65.0,0.0,0.2
Corey Kluber,2032,46,RP,2429,4.7071543,4.3583016,4.1616397,0.14544308,0.09874634,57.99682411090709,0.44418377,0.3573626,65.0,0.0,0.2
Andrew Chafin,2032,42,RP,12988,4.707595,4.3562646,4.2112226,0.15007295,0.0995318,57.9913947567707,0.44598287,0.35719112,65.0,0.0,0.2
Aroldis Chapman,2032,44,RP,10233,4.708337,4.3576,4.1839614,0.14748412,0.09969022,57.98225573063271,0.4474642,0.35482582,65.0,0.0,0.2
Chris Stratton,2032,41,RP,13761,4.7091804,4.354928,4.2429495,0.15101327,0.09876495,57.97187128358897,0.44554958,0.3578799,65.0,0.0,0.2
Will Smith,2032,42,RP,8048,4.709611,4.3590045,4.20783,0.1500723,0.09876107,57.96657091211992,0.44149214,0.36169294,65.0,0.0,0.2
Rafael Montero,2032,41,RP,12760,4.7098613,4.3554215,4.2440095,0.15091802,0.0987744,57.96349034736968,0.4458049,0.35761076,65.0,0.0,0.2
Trevor May,2032,42,RP,6398,4.709986,4.358617,4.2114124,0.14988576,0.099189505,57.961955725558425,0.44420466,0.35895562,65.0,0.0,0.2
Jay Jackson,2032,44,RP,7432,4.7101035,4.360801,4.1809106,0.14725088,0.09917805,57.96050978497607,0.4443855,0.3578654,65.0,0.0,0.2
Nick Wittgren,2032,41,RP,15594,4.7111473,4.356702,4.242927,0.15091622,0.09841264,57.9476680765214,0.44362164,0.359813,65.0,0.0,0.2
Hector Neris,2032,43,RP,11804,4.7115116,4.3609376,4.195043,0.1482919,0.099277206,57.94318748997668,0.44473207,0.35795057,65.0,0.0,0.2
Danny Coulombe,2032,42,RP,13293,4.7115126,4.359652,4.2120976,0.14957836,0.098891474,57.94317519176326,0.44351372,0.35960722,65.0,0.0,0.2
Matt Moore,2032,43,RP,1890,4.7115755,4.3613787,4.194138,0.14833106,0.09918283,57.94240164463034,0.44400322,0.35867926,65.0,0.0,0.2
Kendall Graveman,2032,41,RP,15514,4.712265,4.356731,4.2492576,0.15035112,0.09877341,57.93392349538915,0.44748414,0.35584673,65.0,0.0,0.2
Tommy Nance,2032,41,RP,19178,4.712536,4.3569427,4.2474136,0.15029576,0.09856894,57.93059193606161,0.44648868,0.35685447,65.0,0.0,0.2
Jake Diekman,2032,45,RP,5003,4.712576,4.3610263,4.1790266,0.14593653,0.09923214,57.93010022543933,0.44682783,0.35501826,65.0,0.0,0.2
Jose Urena,2032,40,RP,11589,4.71282,4.3538527,4.2901406,0.15034954,0.09739219,57.92710097139293,0.4482154,0.3552506,65.0,0.0,0.2
Hoby Milner,2032,41,RP,13346,4.7134852,4.357893,4.243669,0.15022567,0.097953215,57.91892589373146,0.4433495,0.36002684,65.0,0.0,0.2
Ryan Brasier,2032,44,RP,5615,4.7135844,4.3637624,4.182803,0.14672436,0.09877481,57.91770695778779,0.44320676,0.35899532,65.0,0.0,0.2
Hunter Strickland,2032,43,RP,7836,4.7147865,4.363564,4.197823,0.14788884,0.09903083,57.90294003768782,0.4441231,0.35851637,65.0,0.0,0.2
Michael Tonkin,2032,42,RP,10315,4.715292,4.36159,4.21951,0.14891116,0.09895123,57.89673258835296,0.4455254,0.3575133,65.0,0.0,0.2
Andrew Kittredge,2032,42,RP,12828,4.7153063,4.3621483,4.2175217,0.14903381,0.09882727,57.8965570062755,0.44431973,0.35873917,65.0,0.0,0.2
Ryan Thompson,2032,40,RP,16647,4.7158647,4.3548756,4.2898116,0.14909889,0.09648701,57.88970154296412,0.44753122,0.35584936,65.0,0.0,0.2
Collin McHugh,2032,45,RP,7531,4.7165356,4.3649397,4.180743,0.14533956,0.098775275,57.88146706663255,0.44517115,0.3566071,65.0,0.0,0.2
Tommy Kahnle,2032,42,RP,11384,4.716773,4.3618355,4.224272,0.14860031,0.09912816,57.87855383330935,0.447565,0.3554316,65.0,0.0,0.2
Adam Cimber,2032,41,RP,15288,4.716963,4.3603616,4.254293,0.14972857,0.098424904,57.8762224761992,0.44684437,0.35640988,65.0,0.0,0.2
Scott McGough,2032,42,RP,12056,4.717236,4.3620787,4.2259135,0.14859287,0.099212505,57.87287301292537,0.44808483,0.3549017,65.0,0.0,0.2
Joe Mantiply,2032,41,RP,14857,4.717581,4.3608193,4.2512918,0.14956531,0.0979607,57.868640729221184,0.44483727,0.35843226,65.0,0.0,0.2
Burch Smith,2032,42,RP,12784,4.717932,4.364399,4.2198443,0.14876615,0.0985902,57.864335475797446,0.4434826,0.3595415,65.0,0.0,0.2
Joe Kelly,2032,44,RP,9761,4.7187505,4.365085,4.1954794,0.14613402,0.099157035,57.8542985055048,0.4472882,0.35486105,65.0,0.0,0.2
Brad Hand,2032,42,RP,9111,4.7189164,4.3640213,4.2252755,0.14846572,0.0989321,57.85226455802438,0.44639605,0.3565829,65.0,0.0,0.2
Kenta Maeda,2032,44,RP,18498,4.7191553,4.3670735,4.1915426,0.14606518,0.09875823,57.8493358758505,0.44460645,0.35752186,65.0,0.0,0.2
Anthony Bass,2032,44,RP,7982,4.7191887,4.3666887,4.192916,0.14612006,0.09893377,57.848926447887116,0.4455007,0.35663864,65.0,0.0,0.2
Jose Cisnero,2032,43,RP,6399,4.7194724,4.3658004,4.206822,0.1472358,0.09911261,57.845448995527555,0.44636166,0.35620245,65.0,0.0,0.2
Brad Boxberger,2032,44,RP,10133,4.719534,4.3665895,4.1942887,0.1460912,0.09900966,57.844693988855674,0.44609317,0.35604638,65.0,0.0,0.2
Luis Garcia,2032,45,RP,6984,4.719598,4.366314,4.185698,0.14484821,0.09864536,57.84390958721484,0.44594905,0.35578725,65.0,0.0,0.2
Ty Blach,2032,41,RP,14361,4.7200284,4.36299,4.256318,0.14939591,0.09802071,57.83863503872137,0.44522193,0.35799745,65.0,0.0,0.2
Chase Anderson,2032,44,RP,6895,4.7201276,4.3675404,4.1936426,0.14601101,0.09885946,57.83741947993102,0.4452603,0.35686627,65.0,0.0,0.2
Drew Smyly,2032,43,RP,11760,4.720547,4.366954,4.2067556,0.1470919,0.098940484,57.832280877618636,0.44556597,0.35698557,65.0,0.0,0.2
Richard Bleier,2032,45,RP,7803,4.7205634,4.367571,4.1859937,0.14479938,0.098603,57.832079958930336,0.44550103,0.35622546,65.0,0.0,0.2
Casey Lawrence,2032,44,RP,11121,4.720629,4.368134,4.1935854,0.14594284,0.09878047,57.8312762981374,0.44488382,0.35723373,65.0,0.0,0.2
Albert Suarez,2032,42,RP,6175,4.7214127,4.365801,4.228276,0.14809924,0.09873878,57.821676973927744,0.4462518,0.35667843,65.0,0.0,0.2
Dylan Floro,2032,41,RP,13394,4.7216783,4.363917,4.2579513,0.14893793,0.09779623,57.81842443607393,0.4453874,0.3577847,65.0,0.0,0.2
Jacob Barnes,2032,42,RP,12323,4.7219996,4.366554,4.227256,0.14802864,0.09855882,57.81449028500553,0.44528377,0.35764456,65.0,0.0,0.2
Justin Wilson,2032,44,RP,4301,4.722076,4.3682384,4.1973147,0.14567062,0.098805465,57.8135548856054,0.4460563,0.35604042,65.0,0.0,0.2
Blake Treinen,2032,44,RP,12572,4.7224865,4.3684225,4.197262,0.14545695,0.09862648,57.80852946853316,0.44574457,0.35633418,65.0,0.0,0.2
Huascar Brazoban,2032,42,RP,6107,4.7236385,4.3657527,4.2363544,0.14750199,0.098914206,57.79443113608292,0.44955674,0.35330158,65.0,0.0,0.2
Ryan Pressly,2032,43,RP,7005,4.72368,4.368397,4.2113957,0.14641723,0.09868932,57.79392338177015,0.4462203,0.3562649,65.0,0.0,0.2
Derek Law,2032,41,RP,13133,4.723955,4.3646703,4.2654233,0.14815469,0.09776357,57.79055897018494,0.4479838,0.35506308,65.0,0.0,0.2
Brent Suter,2032,42,RP,13942,4.7248244,4.368846,4.230073,0.14766595,0.09835079,57.7799251121375,0.44485164,0.35803926,65.0,0.0,0.2
Nick Martinez,2032,41,RP,12730,4.7260766,4.3664575,4.267587,0.14779454,0.09748937,57.76461600304997,0.4473508,0.3556546,65.0,0.0,0.2
Aaron Loup,2032,44,RP,10343,4.7270727,4.3714056,4.2046494,0.14507043,0.098708905,57.7524437058055,0.44694608,0.35509604,65.0,0.0,0.2
Matt Bowman,2032,41,RP,13528,4.72771,4.366815,4.273039,0.14733258,0.09761039,57.74465861907773,0.4496566,0.35327414,65.0,0.0,0.2
Tyler Rogers,2032,41,RP,15541,4.728393,4.3683805,4.267691,0.14748792,0.09719231,57.73631760304188,0.44623613,0.3567524,65.0,0.0,0.2
Ross Stripling,2032,42,RP,13273,4.730483,4.372397,4.2401395,0.14676969,0.098213725,57.710808811700616,0.44647795,0.35629362,65.0,0.0,0.2
Scott Alexander,2032,42,RP,10591,4.7364388,4.3736815,4.254833,0.14496928,0.09772687,57.63824078123843,0.45045093,0.35213596,65.0,0.0,0.2
T.J. McFarland,2032,43,RP,3237,4.737154,4.3762736,4.2339973,0.14438617,0.09819361,57.629538748370855,0.44934735,0.3529379,65.0,0.0,0.2
Tim Hill,2032,42,RP,16814,4.738063,4.373854,4.259265,0.14435375,0.09744713,57.61848248957432,0.45140144,0.35113052,65.0,0.0,0.2
