Name,Season,Age,Role,IDfg,ERA,FIP,SIERA,K%,BB%,HR/9,Stuff+,Location+,Pitching+,EV,LA,Barrel%,HardHit%,IP,G,GS,WAR
Blake Snell,2028,35,SP,13543,2.713454,3.044944,3.1858451,0.30346587,0.072687335,0.92155397,108.2143,102.38552,104.07694,87.769066,14.469324,0.07039843,0.33974528,220.0,32.0,30.0,5.2
Shohei Ohtani,2028,33,SP,19755,2.8929458,3.1620567,3.1768854,0.28669947,0.061563954,1.066771,105.88679,102.49653,103.670494,88.18505,15.571904,0.073360346,0.34891495,220.0,32.0,30.0,4.9
Dylan Cease,2028,32,SP,18525,3.0592134,3.6336663,3.6088502,0.29642504,0.089264475,1.1250918,107.22227,99.47319,101.44512,87.701965,17.85754,0.07165285,0.33423355,208.0543279386993,32.0,30.0,3.4
Michael King,2028,33,SP,19853,3.721817,3.9404545,3.8295834,0.24939476,0.067111164,1.3348513,96.892784,103.10296,101.72398,88.716225,16.010443,0.082278885,0.3750457,191.85604097192342,32.0,30.0,2.4
Keaton Winn,2028,30,SP,23499,3.9824135,3.949796,3.9357622,0.20912333,0.06453948,1.1235853,93.39312,100.82653,99.25313,89.431816,10.432228,0.07272114,0.39952987,191.40229014359224,32.0,30.0,2.4
Jose Soriano,2028,29,SP,22100,3.8517525,3.9599154,4.0398993,0.22830069,0.096406505,0.9656355,97.90986,99.94666,99.7449,88.564896,11.573747,0.06380394,0.36548004,190.91316950862134,32.0,30.0,2.3
Quinn Priester,2028,27,SP,25977,4.0733576,3.9711714,3.9607728,0.21983431,0.07027819,1.1448706,91.04252,100.40223,98.362526,89.39748,10.864848,0.07283272,0.39835718,190.3720398469832,32.0,30.0,2.3
Jack Kochanowicz,2028,27,SP,27688,4.1899366,4.001194,4.101451,0.19065408,0.060632233,1.1074076,89.98278,100.27696,98.09837,89.42272,8.82977,0.07219159,0.40505567,188.94360033529992,32.0,30.0,2.2
Brayan Bello,2028,29,SP,23920,4.075584,4.025557,4.055206,0.20969659,0.07952401,1.0566084,92.92256,100.27971,98.73509,89.16956,10.112557,0.06954133,0.39097154,187.80009822243233,32.0,30.0,2.1
Paul Skenes,2028,26,SP,33677,3.9458866,4.059958,3.908036,0.2331731,0.07058572,1.2584332,95.0231,101.91539,100.35541,89.17297,13.221485,0.07574781,0.38835755,186.20882284989156,32.0,30.0,2.0
Logan Webb,2028,31,SP,17995,4.249093,4.0673933,4.0760875,0.19594948,0.063964926,1.1549257,89.33323,100.77998,98.19476,89.68278,9.19244,0.07468361,0.41195166,185.86842831255095,32.0,30.0,2.0
Hunter Brown,2028,29,SP,25880,3.997929,4.0697618,3.9760501,0.22647709,0.07273889,1.2168097,94.56982,101.48078,99.870255,89.17801,12.307397,0.0751545,0.39002013,185.76025751679126,32.0,30.0,2.0
Tanner Houck,2028,32,SP,19879,4.203294,4.0959997,4.098071,0.1971031,0.071828626,1.1173846,91.99547,100.440384,98.53911,89.37976,9.908189,0.07245682,0.39813715,184.5703260183344,32.0,30.0,1.9
Framber Valdez,2028,34,SP,17295,4.250072,4.0966654,4.091493,0.19692583,0.072063476,1.1189797,91.68325,100.0351,98.13097,89.44341,9.761833,0.07299087,0.40051258,184.5403337065312,32.0,30.0,1.9
Kyle Bradish,2028,31,SP,24586,3.9724238,4.119629,4.005891,0.21583822,0.069969244,1.2218542,96.93213,102.014656,100.852325,89.183464,12.801189,0.07831477,0.3902812,183.51167058975457,32.0,30.0,1.9
Reese Olson,2028,28,SP,24968,4.0693703,4.125597,3.9448593,0.22609466,0.07496024,1.2553978,94.308815,100.68385,99.26629,89.04774,14.143179,0.07470391,0.37780392,183.24620654901582,32.0,30.0,1.9
Max Meyer,2028,29,SP,27474,4.0364766,4.1411366,4.030808,0.20630977,0.071591415,1.2121723,95.959625,101.36979,100.33104,88.8578,13.918997,0.073913075,0.37401852,182.5585758267428,32.0,30.0,1.8
Cristopher Sanchez,2028,31,SP,20778,4.3012013,4.1543465,4.2078424,0.1939824,0.07009274,1.1539006,89.75238,100.55871,98.12511,89.36075,8.990187,0.072356395,0.40112466,181.97808006626315,32.0,30.0,1.8
Jared Jones,2028,26,SP,27863,4.004443,4.1925135,3.9941993,0.241439,0.08020821,1.3495879,102.463234,101.86504,102.40602,89.058304,16.283037,0.08258386,0.38544583,180.32142293638415,32.0,30.0,1.7
Tyler Glasnow,2028,34,SP,14374,4.0986867,4.2169213,4.0835314,0.20304805,0.06953078,1.2363447,95.90679,101.008766,99.74579,89.154,13.485209,0.079323985,0.38646555,179.27771144318012,32.0,30.0,1.6
Yoshinobu Yamamoto,2028,29,SP,33825,4.127423,4.226755,4.089983,0.21288928,0.06786295,1.2976642,93.13431,101.73433,99.66439,89.278595,13.445001,0.07964254,0.39387187,178.86061529471192,32.0,30.0,1.6
Kyle Wright,2028,32,SP,19665,4.352547,4.2294836,4.2044525,0.20549306,0.08601285,1.1292901,91.60362,99.95751,97.998924,89.0972,11.152558,0.07092964,0.384794,178.7452255400636,32.0,30.0,1.6
Drew Rasmussen,2028,32,SP,25385,4.130835,4.2321115,4.1414695,0.21304983,0.06304199,1.357056,93.79668,103.46806,100.98642,89.35337,13.589458,0.08633298,0.4030964,178.63423494395172,32.0,30.0,1.6
Bryce Elder,2028,29,SP,27779,4.442705,4.26919,4.258092,0.2191633,0.08852205,1.2029681,89.11149,99.99202,97.45999,89.113075,12.822528,0.07621021,0.3874369,177.08277214178804,32.0,30.0,1.5
Spencer Turnbull,2028,35,SP,16207,4.1442633,4.280791,4.290024,0.19786668,0.087120675,1.1032962,96.41373,100.41133,99.51879,88.81929,12.738908,0.07226247,0.371653,176.60287549660802,32.0,30.0,1.5
David Peterson,2028,32,SP,20302,4.4580994,4.2874327,4.308807,0.2109643,0.0927221,1.1396184,90.11956,99.45648,97.27337,88.990326,11.679321,0.07191212,0.38100338,176.32929841674252,32.0,30.0,1.4
Spencer Schwellenbach,2028,28,SP,31846,4.203099,4.289647,4.1596017,0.22895256,0.06861931,1.4478374,91.93504,102.85338,100.151695,89.32897,15.164204,0.08769924,0.40178883,176.23827788160656,32.0,30.0,1.4
Bobby Miller,2028,29,SP,27483,4.172548,4.299379,4.1456366,0.22340153,0.0738448,1.3767128,97.32587,102.037,101.02353,89.073456,15.384741,0.08360639,0.3881785,175.8393479616475,32.0,30.0,1.4
Max Fried,2028,34,SP,13743,4.4614644,4.299727,4.4161677,0.18930072,0.08322816,1.1154655,90.03832,99.8815,97.49127,89.06667,8.181108,0.07096538,0.39268887,175.82511633878153,32.0,30.0,1.4
Grayson Rodriguez,2028,28,SP,24492,4.116577,4.301516,4.1081567,0.23172767,0.0783555,1.3829973,99.2441,101.79893,101.320274,89.099106,15.837321,0.08274606,0.3868692,175.75199069351362,32.0,30.0,1.4
Corbin Burnes,2028,33,SP,19361,4.1546025,4.304259,4.2136226,0.21456899,0.06355728,1.4120996,92.482254,103.90173,101.07156,89.104164,14.718906,0.08959804,0.39903197,175.63998820702938,32.0,30.0,1.4
Garrett Crochet,2028,29,SP,27463,4.0774245,4.3059487,4.0591583,0.25007263,0.09190609,1.3914083,97.85566,99.605865,99.260025,88.570305,17.638313,0.07773424,0.36033678,175.57106521032173,32.0,30.0,1.4
Graham Ashcraft,2028,30,SP,27552,4.4082,4.309772,4.3397717,0.18081254,0.07629166,1.1386257,93.68319,100.433945,99.05536,89.09133,11.137832,0.07352584,0.38865465,175.41531199330268,32.0,30.0,1.4
Zebby Matthews,2028,28,SP,31827,4.285628,4.314194,4.1064644,0.22566013,0.07366423,1.3969065,92.66359,101.377426,99.328445,89.04722,15.455186,0.0811288,0.3831931,175.23551328475264,32.0,30.0,1.4
Joan Adon,2028,29,SP,22925,4.4990954,4.3171287,4.486819,0.20297015,0.09900563,1.0496585,89.58702,99.57965,97.282036,88.761444,10.905158,0.07158309,0.38045135,175.1163915961088,32.0,30.0,1.4
Braxton Garrett,2028,30,SP,21844,4.6462703,4.3288274,4.170693,0.21108487,0.065331064,1.4065378,83.23485,100.457016,96.22632,89.73268,12.422124,0.08242873,0.4100258,174.64313776982655,32.0,30.0,1.3
Taj Bradley,2028,27,SP,22543,4.204915,4.3417125,4.0861335,0.24033113,0.08426043,1.4270945,99.40194,100.9056,100.77758,88.95695,16.85063,0.081165716,0.37777117,174.12484129246238,32.0,30.0,1.3
J.T. Ginn,2028,29,SP,27889,4.5122433,4.359621,4.178225,0.21753511,0.06889861,1.4246293,87.70485,100.80078,97.54089,89.494736,14.075474,0.08344107,0.40093872,173.40956931806687,32.0,30.0,1.3
Casey Mize,2028,31,SP,20492,4.5387506,4.3658566,4.268784,0.19026326,0.0649711,1.3220167,87.39629,100.83259,97.58637,89.3655,12.3916025,0.07942839,0.39681825,173.16189450656717,32.0,30.0,1.2
George Kirby,2028,30,SP,25436,4.333061,4.3752017,4.2369404,0.21233459,0.06452405,1.4415187,88.76442,102.57885,99.02037,89.36651,14.587422,0.08780376,0.40321803,172.7920337935506,32.0,30.0,1.2
Rhett Lowder,2028,26,SP,33876,4.3588724,4.3774066,4.248875,0.23606211,0.0890436,1.359818,92.32415,100.526695,98.66117,89.09175,15.975061,0.08169893,0.38423312,172.7049984344612,32.0,30.0,1.2
Brady Singer,2028,31,SP,25377,4.704414,4.380266,4.258185,0.21754979,0.074518435,1.4001399,80.84407,99.75008,95.04294,89.60181,12.799774,0.082915574,0.4035641,172.59225809574122,32.0,30.0,1.2
Dylan Dodd,2028,30,SP,29928,4.4929466,4.3953047,4.2368293,0.21020941,0.07135603,1.3780489,87.33915,100.9296,97.488785,89.20741,14.007658,0.081431426,0.38977462,172.00172720676227,32.0,30.0,1.2
Sandy Alcantara,2028,32,SP,18684,4.4346704,4.3961816,4.3174043,0.19442946,0.06395848,1.3826147,88.31828,102.13433,98.6243,89.40547,13.169162,0.085363775,0.40366772,171.96741827043724,32.0,30.0,1.2
Joey Cantillo,2028,28,SP,23335,4.377777,4.396184,4.299601,0.24671516,0.10924893,1.2528594,95.343056,98.11965,97.588425,88.65187,14.863146,0.07552548,0.36858955,171.96732438860613,32.0,30.0,1.2
Chris Sale,2028,39,SP,10603,4.323861,4.3988886,4.283231,0.19069357,0.06531389,1.338056,92.954796,101.09763,98.96096,88.98012,13.393645,0.07999646,0.3793708,171.8615924940677,32.0,30.0,1.2
Dustin May,2028,30,SP,19716,4.281217,4.3990765,4.2630296,0.21283121,0.07557727,1.3670211,94.23872,101.63349,99.869064,89.177826,14.781244,0.0825514,0.39065295,171.85425168214286,32.0,30.0,1.2
Roddery Munoz,2028,28,SP,25311,4.605728,4.404642,4.2337685,0.23919584,0.083259605,1.4547997,84.43785,99.79626,96.00189,89.33622,15.962003,0.088312574,0.3968742,171.6371046727521,32.0,30.0,1.2
Spencer Strider,2028,29,SP,27498,4.2212586,4.406627,4.1809998,0.24421056,0.08406943,1.4722769,98.2362,101.95911,101.383606,88.85534,17.652763,0.08908505,0.38624775,171.55978938085752,32.0,30.0,1.2
Peyton Battenfield,2028,30,SP,25777,4.6477704,4.408244,4.2332106,0.21429975,0.07015132,1.4351329,83.20209,100.59276,96.17351,89.547226,13.766389,0.0842164,0.40238872,171.49685906678488,32.0,30.0,1.1
Ranger Suarez,2028,32,SP,17277,4.5183797,4.413422,4.554915,0.18957311,0.097456396,1.0665665,91.996895,99.91718,98.232025,88.735214,10.154056,0.068788074,0.37805796,171.29565221725912,32.0,30.0,1.1
Brandon Pfaadt,2028,29,SP,27782,4.315994,4.423959,4.2341094,0.22595224,0.07359596,1.4947246,92.94676,102.007034,99.8096,89.15464,16.431923,0.08738112,0.39182645,170.887659673157,32.0,30.0,1.1
Drew Rom,2028,28,SP,24602,4.524258,4.425109,4.2125106,0.23632474,0.08690341,1.4213744,88.413246,100.11323,97.20258,89.21574,16.056044,0.08366534,0.38704985,170.84324928493288,32.0,30.0,1.1
Trevor Rogers,2028,30,SP,22286,4.525149,4.4366016,4.4359765,0.19724685,0.088534534,1.2145363,90.45453,100.619514,98.2608,88.897354,13.603392,0.07599011,0.3780383,170.40069588398472,32.0,30.0,1.1
Jordan Wicks,2028,28,SP,30094,4.5428805,4.438301,4.4554424,0.19974928,0.08724346,1.2185937,88.84208,100.37285,97.65199,88.84858,14.056146,0.07731712,0.37643513,170.3354504347497,32.0,30.0,1.1
Joey Estes,2028,26,SP,26257,4.505249,4.441357,4.2534485,0.22757496,0.073917575,1.5050988,87.70908,101.212524,97.976364,89.0989,16.842289,0.08778773,0.38961342,170.21824636029032,32.0,30.0,1.1
Luis L. Ortiz,2028,29,SP,27646,4.372559,4.4448366,4.476583,0.2015467,0.10016937,1.1306423,95.539314,100.446,99.42264,88.61628,13.937525,0.071711555,0.3670592,170.0849925506823,32.0,30.0,1.1
Nick Lodolo,2028,30,SP,26378,4.347191,4.4502745,4.2501826,0.22185549,0.08915322,1.3616916,95.954414,100.23017,99.26553,88.6815,16.079166,0.07531492,0.36308816,169.87716150992483,32.0,30.0,1.0
Bryce Miller,2028,29,SP,29837,4.287695,4.457917,4.2461877,0.22097558,0.07511087,1.4695852,95.496475,101.68061,100.2477,89.036446,16.573698,0.08538393,0.38476562,169.58592993095206,32.0,30.0,1.0
Jacob deGrom,2028,40,SP,10954,4.3816533,4.464172,4.3437243,0.18795744,0.06767657,1.351456,90.39006,101.672485,98.88632,89.18539,13.818748,0.087092,0.3935138,169.34831364024507,32.0,30.0,1.0
Tarik Skubal,2028,31,SP,22267,4.3416467,4.472706,4.2581925,0.21642207,0.06907601,1.4947863,91.30678,101.91639,99.169,89.11911,15.928521,0.08648,0.3881215,169.02519414421607,32.0,30.0,1.0
Dakota Hudson,2028,33,SP,19206,4.7971563,4.475336,4.6201897,0.19962013,0.09546074,1.1461842,82.33758,98.83599,94.834015,89.07229,11.560973,0.078698196,0.39023775,168.92586389044308,32.0,30.0,1.0
Shane Bieber,2028,33,SP,19427,4.6341214,4.4768033,4.3004956,0.19737616,0.063454755,1.4514254,86.02737,100.80411,97.026436,89.47239,13.347553,0.0850335,0.40123704,168.87049739263728,32.0,30.0,1.0
Shane McClanahan,2028,31,SP,21483,4.333679,4.479281,4.299605,0.2093022,0.07114081,1.4386159,93.0454,101.67482,99.500206,89.15623,15.325625,0.085321814,0.3902271,168.77708721555982,32.0,30.0,1.0
Justin Steele,2028,32,SP,17312,4.354524,4.4866533,4.3482804,0.21651438,0.0705269,1.4841769,89.77197,102.15959,98.95846,89.06658,15.369455,0.088773854,0.39274976,168.49975905203104,32.0,30.0,1.0
Hayden Birdsong,2028,26,SP,31635,4.167571,4.489603,4.312917,0.26459488,0.11773901,1.301301,100.13591,97.09937,98.031906,88.29294,16.988102,0.07762218,0.35938704,168.38905355328745,32.0,30.0,1.0
Drew Thorpe,2028,27,SP,31967,4.596614,4.4998317,4.496754,0.22496064,0.09439379,1.3170913,84.63284,99.65283,95.90679,89.002426,15.82738,0.0854121,0.3863451,168.00628343500048,32.0,30.0,0.9
Chris Paddack,2028,32,SP,20099,4.7009478,4.518925,4.370199,0.19925568,0.0632896,1.4863882,81.38602,101.75404,96.573875,89.45066,14.500705,0.089072935,0.4047995,167.29642558794404,32.0,30.0,0.9
Ryan Weathers,2028,28,SP,23796,4.63653,4.519702,4.3418584,0.2358614,0.091190256,1.4494475,89.06727,99.29613,96.796974,89.114944,16.435944,0.08496278,0.38418052,167.2676649920725,32.0,30.0,0.9
Zac Gallen,2028,32,SP,19291,4.5444617,4.5208683,4.3377275,0.20562978,0.07313978,1.454742,88.89572,100.94482,97.93759,89.244225,15.247357,0.0855243,0.39089835,167.22451304321342,32.0,30.0,0.9
Bradley Blalock,2028,27,SP,26419,4.544848,4.537443,4.4570894,0.23480278,0.10153485,1.3310435,88.05579,99.03632,96.431564,88.92031,16.527235,0.084931955,0.38253275,166.61366324601767,32.0,30.0,0.8
Adrian Houser,2028,35,SP,12718,4.791198,4.5389886,4.545209,0.18130128,0.08226054,1.229641,84.32804,100.01108,96.067024,89.19278,12.147916,0.07913325,0.3895454,166.55692856333678,32.0,30.0,0.8
Ryne Nelson,2028,30,SP,26253,4.570222,4.5419974,4.356354,0.21771495,0.069448546,1.5673822,85.52754,101.80296,97.77768,89.21128,16.931574,0.09252038,0.39724296,166.44659461936286,32.0,30.0,0.8
Jake Woodford,2028,31,SP,18674,4.777141,4.544992,4.4236116,0.19734791,0.07061462,1.4050124,82.93707,100.327484,95.8356,89.2099,14.461498,0.084709376,0.390386,166.33692644563513,32.0,30.0,0.8
Kyle Harrison,2028,26,SP,27758,4.6688943,4.5498304,4.2767773,0.24645202,0.08575272,1.5483813,86.35301,99.3826,96.258965,89.28257,17.424292,0.090661,0.39529192,166.1600397236785,32.0,30.0,0.8
Dane Dunning,2028,33,SP,19409,4.8384166,4.5511937,4.5037937,0.21329658,0.08332582,1.4161432,78.28924,99.279465,94.07256,89.39817,14.133777,0.086956516,0.3982815,166.11026685152953,32.0,30.0,0.8
Logan Gilbert,2028,31,SP,22250,4.467745,4.5571947,4.332174,0.21203108,0.06928192,1.520881,91.138954,101.40544,98.741875,89.22179,15.946123,0.08932388,0.393879,165.89152971673562,32.0,30.0,0.8
Logan Allen,2028,29,SP,27589,4.6789174,4.5597696,4.3612566,0.23072045,0.08250317,1.5335239,84.45239,100.13164,96.20205,89.24869,17.09282,0.09027586,0.393285,165.79785083877923,32.0,30.0,0.8
Daniel Lynch IV,2028,31,SP,21537,4.863567,4.561985,4.399199,0.22706397,0.077609636,1.5578372,76.96961,99.40907,93.74218,89.60169,15.6342945,0.09202976,0.40576807,165.71733576502334,32.0,30.0,0.8
Tommy Henry,2028,30,SP,26285,4.756331,4.5626507,4.5121193,0.23386794,0.09161218,1.4764186,80.40595,98.67352,94.12696,89.206085,16.47179,0.09129184,0.3941167,165.693157269304,32.0,30.0,0.8
Emerson Hancock,2028,29,SP,27470,4.6772194,4.563472,4.5672026,0.1958031,0.075377434,1.3753986,83.402275,100.815414,96.379166,88.86076,15.321881,0.08516815,0.3812755,165.66333703811483,32.0,30.0,0.8
Allan Winans,2028,32,SP,21238,4.746963,4.569604,4.4083576,0.2151932,0.0744121,1.4980819,79.72933,100.420074,94.98268,89.24467,15.556576,0.089718506,0.3938951,165.441031651758,32.0,30.0,0.8
Shane Baz,2028,29,SP,22264,4.3353767,4.570202,4.28238,0.23499179,0.08268063,1.536886,97.63139,100.69503,100.216736,89.01811,18.105503,0.08979255,0.38486582,165.41938408849325,32.0,30.0,0.8
Edward Cabrera,2028,30,SP,21690,4.4047318,4.5816083,4.719775,0.2123846,0.120188974,1.0502864,97.66855,99.37848,99.25899,88.06489,13.422985,0.06654821,0.35088736,165.00755859028806,32.0,30.0,0.8
Valente Bellozo,2028,28,SP,23899,4.861955,4.583487,4.4471903,0.23279195,0.07930895,1.5649294,76.51177,99.25293,93.40175,89.42338,16.74622,0.09555222,0.40614128,164.93992455962024,32.0,30.0,0.7
Alex Cobb,2028,40,SP,6562,4.881922,4.5858207,4.4867787,0.16487318,0.06260514,1.3842018,84.99583,100.59993,96.67941,89.64923,10.935594,0.082970254,0.41064766,164.85598750077602,32.0,30.0,0.7
Zack Wheeler,2028,38,SP,10310,4.50809,4.5895824,4.4298816,0.19082713,0.066765085,1.4436787,87.963196,101.94096,98.41355,89.09574,14.458155,0.08974517,0.39240652,164.72086872217395,32.0,30.0,0.7
Javier Assad,2028,30,SP,21741,4.6870446,4.6000576,4.6908984,0.22058894,0.10549816,1.2590739,84.03461,98.556595,95.035164,88.82975,15.147857,0.08329163,0.38085642,164.34576819212,32.0,30.0,0.7
Frankie Montas,2028,35,SP,14309,4.6494646,4.602799,4.658896,0.17963186,0.09255646,1.1807699,90.73058,100.04286,97.8146,88.83249,13.08451,0.07702894,0.3759594,164.24788481964995,32.0,30.0,0.7
Joey Lucchesi,2028,35,SP,19320,4.8503394,4.6053247,4.72607,0.21563089,0.0998218,1.3040603,77.66524,97.830475,92.71543,89.16354,13.350506,0.08685709,0.39117354,164.15780628888123,32.0,30.0,0.7
Bryan Woo,2028,28,SP,30279,4.569402,4.6053953,4.4165034,0.23038368,0.07845146,1.5975698,88.039734,101.347435,98.02711,89.1402,17.6437,0.09215808,0.3946492,164.15528977501674,32.0,30.0,0.7
Patrick Sandoval,2028,31,SP,19447,4.4907637,4.6063795,4.7459116,0.1909979,0.11091594,1.0574473,95.930626,100.312195,99.43037,88.289085,12.869851,0.06803449,0.35839057,164.1202163217338,32.0,30.0,0.7
Luke Weaver,2028,34,SP,16918,4.330426,4.6075597,4.3667693,0.21125083,0.07580867,1.4925597,94.33772,100.45379,99.02098,88.750015,17.283545,0.08461817,0.36734486,164.07817786929596,32.0,30.0,0.7
Cody Bradford,2028,30,SP,27597,4.6979527,4.6122503,4.3930187,0.21614243,0.070317455,1.5794572,82.92443,101.2753,96.55493,89.16748,16.73401,0.090595745,0.39262432,163.91131244546725,32.0,30.0,0.7
Tyler Phillips,2028,30,SP,20629,4.6478004,4.6173344,4.5534077,0.1606437,0.06950015,1.29383,93.32682,100.82556,99.147804,88.63452,13.95643,0.074637055,0.3678573,163.73083136452064,32.0,30.0,0.7
Tylor Megill,2028,32,SP,21318,4.389042,4.6193004,4.4785037,0.21591732,0.09779573,1.3428029,96.02993,99.47949,98.78154,88.471756,16.34564,0.07631193,0.3571711,163.66114660999315,32.0,30.0,0.7
MacKenzie Gore,2028,29,SP,22201,4.3757095,4.6244187,4.42679,0.22701846,0.099910155,1.3982756,97.67647,99.517296,99.109055,88.43406,17.197836,0.07677434,0.35665986,163.48000668711077,32.0,30.0,0.7
Brad Keller,2028,32,SP,15734,4.657453,4.6260276,4.7271943,0.1644331,0.096413404,1.0872029,94.04617,100.294876,98.9933,88.59265,12.577726,0.071379244,0.3689375,163.42314948574887,32.0,30.0,0.7
Davis Daniel,2028,31,SP,27582,4.684475,4.6260924,4.796041,0.18554278,0.10480028,1.0969759,87.74425,99.84952,96.994804,88.48398,13.109733,0.0745244,0.36875677,163.4208603356042,32.0,30.0,0.7
Josiah Gray,2028,30,SP,24580,4.659034,4.6261573,4.551721,0.24521539,0.105472185,1.4300151,84.786415,97.15617,94.13824,88.909325,16.817698,0.0905709,0.3850561,163.4185677170986,32.0,30.0,0.7
Zach Davies,2028,35,SP,13183,4.792628,4.6287894,4.7432213,0.19300815,0.0961961,1.2189178,81.78027,99.33139,94.80788,88.86109,13.55313,0.081855,0.37993422,163.32564190541916,32.0,30.0,0.6
Simeon Woods Richardson,2028,27,SP,24494,4.531462,4.6303654,4.3684797,0.2285552,0.08600268,1.5264554,92.04039,100.647804,98.63678,88.857414,18.040771,0.085014075,0.37585148,163.2700520783954,32.0,30.0,0.6
Julian Aguiar,2028,27,SP,30031,4.722195,4.6324453,4.5696025,0.19876473,0.0836831,1.3640041,86.534615,100.18547,96.756454,88.72002,15.954292,0.08210021,0.37266293,163.19674621953985,32.0,30.0,0.6
Pablo Lopez,2028,32,SP,17085,4.5657167,4.633359,4.4520936,0.20660067,0.070092216,1.5459108,86.76531,101.888214,97.969055,89.041756,16.272627,0.09088484,0.39168644,163.1645637646468,32.0,30.0,0.6
David Festa,2028,28,SP,30056,4.5257316,4.635617,4.3424654,0.23462681,0.087285444,1.5751567,94.777534,100.52494,99.25022,88.88127,18.210014,0.085326694,0.37559992,163.08508662385182,32.0,30.0,0.6
Johan Oviedo,2028,30,SP,22487,4.525279,4.6365476,4.778966,0.19564325,0.11345528,1.0820875,93.66654,99.841064,98.51683,88.273476,13.935578,0.07058793,0.35729268,163.0523538677787,32.0,30.0,0.6
Gavin Williams,2028,28,SP,30122,4.5218716,4.6384215,4.388116,0.23775937,0.093270674,1.5386988,94.832634,99.95619,98.86744,88.90805,18.155054,0.08646332,0.37870216,162.9864815002259,32.0,30.0,0.6
Seth Lugo,2028,38,SP,12447,4.588023,4.6397643,4.5550456,0.16819875,0.07334374,1.309653,91.685234,100.3637,98.29595,88.93783,13.706307,0.077809796,0.3753547,162.93931137838186,32.0,30.0,0.6
Mason Black,2028,28,SP,30171,4.6553583,4.6423807,4.4511285,0.21345554,0.080455,1.5168954,88.86246,100.79689,97.91881,88.81899,17.68584,0.08656171,0.37624508,162.84748038867212,32.0,30.0,0.6
Tanner Gordon,2028,30,SP,27669,4.7480645,4.6443176,4.525614,0.19146498,0.06337025,1.5124338,83.93773,101.4357,97.035706,88.82518,15.905539,0.08533982,0.37942126,162.7795652907114,32.0,30.0,0.6
Mitchell Parker,2028,28,SP,27636,4.721884,4.6491656,4.4208126,0.22771317,0.084101774,1.5512531,86.54763,99.91497,96.566216,89.119,17.658997,0.088920854,0.38648352,162.60982400798974,32.0,30.0,0.6
Marcus Stroman,2028,37,SP,13431,4.826982,4.6527257,4.6943765,0.17106862,0.08948814,1.1817662,89.29452,99.40559,96.87396,88.96146,11.936349,0.07836075,0.38179034,162.48540076196625,32.0,30.0,0.6
Kyle Tyler,2028,31,SP,22092,4.6864395,4.6537066,4.8436556,0.1695794,0.1075975,1.0035921,93.731445,99.83055,98.62438,88.47203,11.653143,0.06913263,0.3660523,162.4511523781925,32.0,30.0,0.6
Touki Toussaint,2028,32,SP,16929,4.5060205,4.6538496,4.852273,0.20848839,0.12636213,0.99057233,95.216576,98.79242,97.98079,87.882866,12.406271,0.0658764,0.34749675,162.4461607010248,32.0,30.0,0.6
Jared Shuster,2028,29,SP,27472,4.7505,4.65486,4.634742,0.2257855,0.09770708,1.4144285,81.70433,98.72478,94.33148,88.96473,16.482365,0.08895292,0.38608408,162.4108995759271,32.0,30.0,0.6
Randy Vasquez,2028,29,SP,24719,4.6365147,4.656887,4.695526,0.20456634,0.09961057,1.2597485,87.90616,99.58682,96.742004,88.65378,15.483649,0.0805486,0.37252554,162.34020709542662,32.0,30.0,0.6
Jonathan Cannon,2028,27,SP,31730,4.664199,4.6577907,4.5476813,0.20015357,0.084665924,1.388887,90.44592,100.53246,98.17623,88.70266,16.292826,0.07968536,0.3682884,162.30871000708558,32.0,30.0,0.6
Hunter Greene,2028,28,SP,22182,4.2138767,4.6650243,4.360424,0.25670248,0.09456504,1.5468184,99.61199,99.54601,100.01573,88.52507,19.780106,0.09093012,0.3747068,162.05703365789543,32.0,30.0,0.6
Gavin Stone,2028,29,SP,27792,4.6320906,4.6666374,4.605889,0.18331334,0.08116402,1.3461251,93.21469,100.698715,98.9866,88.64444,15.099713,0.07625406,0.36646223,162.00101597780022,32.0,30.0,0.6
Brandon Bielak,2028,32,SP,19866,4.822599,4.669295,4.775761,0.19205298,0.095570005,1.246273,82.744026,99.100525,94.99724,88.84227,14.25918,0.08335039,0.38139355,161.90881064486183,32.0,30.0,0.6
Brandon Woodruff,2028,35,SP,16162,4.630297,4.669406,4.5069532,0.19366886,0.06700261,1.5115061,84.02066,101.83786,97.379944,89.18588,15.397641,0.092554465,0.39683953,161.90496178743078,32.0,30.0,0.6
Eduardo Rodriguez,2028,35,SP,13164,4.8122044,4.6735578,4.722096,0.19775371,0.08872408,1.3598872,79.188995,99.64333,94.47083,88.99131,14.876315,0.08600195,0.3839652,161.76113195818397,32.0,30.0,0.6
Sonny Gray,2028,38,SP,12768,4.597832,4.674819,4.522178,0.18305774,0.07237358,1.4157165,90.578125,100.43931,98.02396,89.097206,14.150675,0.08452072,0.38558662,161.7174910943076,32.0,30.0,0.5
Griffin Canning,2028,32,SP,19867,4.8827515,4.6768546,4.5130053,0.21958016,0.078386,1.5887305,78.59802,99.42308,94.02216,89.37516,16.761845,0.0954347,0.40005544,161.6471035896647,32.0,30.0,0.5
Joe Musgrove,2028,35,SP,12970,4.6572833,4.689769,4.537213,0.18445475,0.066997565,1.4744523,85.93056,101.45962,97.58304,89.10735,14.854459,0.088948265,0.3907967,161.20196964925137,32.0,30.0,0.5
Adam Mazur,2028,27,SP,31900,4.666659,4.6906805,4.5390606,0.22743991,0.09670142,1.4510325,88.231,99.29035,96.52796,88.892845,17.534994,0.08782542,0.38132793,161.17064464313867,32.0,30.0,0.5
Nathan Eovaldi,2028,38,SP,9132,4.881636,4.692601,4.5472593,0.17393734,0.0660893,1.4610614,83.684555,100.6281,96.42056,89.46749,13.0601425,0.086448066,0.40136382,161.10468373509704,32.0,30.0,0.5
Keider Montero,2028,27,SP,22630,4.7082305,4.692957,4.56148,0.20045562,0.08246874,1.4420167,89.98604,100.48142,97.951904,88.68517,16.63962,0.08154008,0.36875138,161.09246259874106,32.0,30.0,0.5
Patrick Corbin,2028,38,SP,9323,5.1321855,4.6942406,4.517929,0.17244267,0.06067909,1.4908817,76.10042,100.47952,94.20835,89.82149,12.37486,0.08845195,0.41324344,161.0484132406848,32.0,30.0,0.5
Jake Irvin,2028,31,SP,21504,4.6361933,4.6952085,4.591979,0.18527092,0.081185,1.3809679,91.0291,100.88322,98.62512,88.64838,15.879891,0.07928847,0.3675316,161.01521370137237,32.0,30.0,0.5
Tobias Myers,2028,29,SP,22191,4.826574,4.696163,4.4842997,0.22523345,0.076675616,1.6430675,81.58316,100.31145,95.54061,89.25963,17.902645,0.09467201,0.39696476,160.9824871922035,32.0,30.0,0.5
Cole Ragans,2028,30,SP,21846,4.3636074,4.6989827,4.5908318,0.2297951,0.110399425,1.3335141,96.59026,99.296814,98.59714,88.22755,16.609861,0.07579135,0.35276434,160.8858870665772,32.0,30.0,0.5
Yusei Kikuchi,2028,37,SP,20633,4.6476555,4.7032347,4.5202384,0.18498944,0.071281545,1.451989,88.982506,100.25468,97.5676,89.12437,14.822724,0.08577145,0.38623688,160.74043678917405,32.0,30.0,0.5
Michael Kopech,2028,32,SP,17282,3.2645552,4.7091503,4.7019305,0.2837017,0.15674405,0.9212079,102.42832,94.76714,95.674194,86.51288,18.376926,0.07435699,0.3072029,160.53851583373756,32.0,30.0,0.5
Walker Buehler,2028,33,SP,19374,4.7701354,4.715054,4.660536,0.17542365,0.07094917,1.4048486,85.64068,100.77396,96.96951,88.931816,14.772351,0.084746614,0.3816707,160.33750620883663,32.0,30.0,0.5
Ryan Feltner,2028,31,SP,21446,4.606458,4.717851,4.748998,0.18369196,0.09528937,1.2527361,92.97898,100.30425,98.58095,88.454475,14.891139,0.0746195,0.36192378,160.2424493694269,32.0,30.0,0.5
Julio Urias,2028,31,SP,14765,4.704486,4.7231445,4.5523267,0.21194486,0.072919115,1.5954894,81.83002,101.47034,96.495384,88.90911,17.34607,0.0945411,0.39041704,160.0628564296519,32.0,30.0,0.4
Tyler Wells,2028,33,SP,20000,4.7934656,4.723976,4.5792017,0.19361787,0.06740294,1.5270796,81.270355,101.21215,96.20584,88.98875,16.434195,0.091267616,0.3875946,160.03468264868408,32.0,30.0,0.4
Cal Quantrill,2028,33,SP,19312,4.82125,4.7248154,4.878609,0.17541414,0.10136686,1.1356761,86.79562,99.26896,96.25342,88.639885,13.439246,0.078483075,0.3729671,160.00625124951975,32.0,30.0,0.4
Martin Perez,2028,37,SP,6902,5.030214,4.726021,4.7501645,0.17498374,0.0823634,1.302407,77.42213,99.827866,93.98248,89.223045,12.3856325,0.084066644,0.39265507,159.96543392422507,32.0,30.0,0.4
Justin Wrobleski,2028,27,SP,31204,4.8525963,4.7280164,4.5681705,0.22624703,0.090381324,1.5150988,82.44377,98.764565,94.61219,88.96719,17.491697,0.09270051,0.38891858,159.89792251989653,32.0,30.0,0.4
Zack Littell,2028,32,SP,15823,4.88252,4.7298017,4.5694804,0.19846296,0.066964045,1.5712447,79.49686,101.06228,95.547745,89.13748,16.390894,0.091629386,0.39275104,159.8375678202323,32.0,30.0,0.4
Kevin Gausman,2028,37,SP,14107,4.7983117,4.7304487,4.580499,0.17297207,0.06708247,1.4437355,83.92974,101.04976,96.89763,89.24198,14.439332,0.086944714,0.3922526,159.81570627750386,32.0,30.0,0.4
Cade Povich,2028,28,SP,30055,4.7657523,4.734105,4.601992,0.2216729,0.093033984,1.4792731,84.904594,99.33276,95.635025,88.86476,17.529976,0.088620044,0.3811512,159.69227551987126,32.0,30.0,0.4
Bailey Falter,2028,31,SP,20070,4.9010677,4.735992,4.587467,0.20918486,0.07509743,1.5887592,79.34001,100.04401,94.715645,89.13453,17.363956,0.093767576,0.39198476,159.6286480213649,32.0,30.0,0.4
Alex Wood,2028,37,SP,13781,5.0550737,4.741596,4.6769443,0.19437607,0.08095173,1.4505544,75.57443,98.91686,92.996544,89.48372,13.536889,0.09068014,0.4013636,159.43998603002026,32.0,30.0,0.4
Aaron Nola,2028,35,SP,16149,4.8010263,4.7416916,4.5928392,0.18641359,0.06594795,1.5386313,81.9669,101.50071,96.5292,89.22213,14.953916,0.09195547,0.39799032,159.43677146780274,32.0,30.0,0.4
Chris Flexen,2028,33,SP,13896,4.905261,4.7424808,4.7694206,0.21078736,0.09134076,1.4734896,77.53198,98.484436,93.05321,89.01306,16.145332,0.09181296,0.388362,159.4102394679173,32.0,30.0,0.4
Jose Urena,2028,36,SP,11589,4.9074745,4.743301,4.878355,0.16067602,0.09613533,1.1182865,87.57107,99.65558,96.60576,88.70369,12.45344,0.07675834,0.37266397,159.38267463945468,32.0,30.0,0.4
Jordan Montgomery,2028,35,SP,16511,4.6787357,4.74431,4.7659755,0.16349487,0.08431002,1.258459,91.45448,100.051834,98.052086,88.5961,14.359886,0.0771677,0.3670455,159.34877779908987,32.0,30.0,0.4
Julio Teheran,2028,37,SP,6797,4.947722,4.7479734,4.6519623,0.18736066,0.075829275,1.4653987,79.298904,99.18891,94.06604,89.17988,14.390189,0.08973688,0.39103162,159.22582885573874,32.0,30.0,0.4
Luis Medina,2028,29,SP,21649,4.507792,4.7480326,4.7465973,0.21882875,0.1193224,1.2003028,94.9708,98.257706,97.49572,88.26029,15.68632,0.075350694,0.35635996,159.22384357681116,32.0,30.0,0.4
Nick Pivetta,2028,35,SP,15454,4.45909,4.7490478,4.546481,0.20978245,0.07972121,1.5221319,91.351135,99.99088,98.04807,88.7961,17.283287,0.09113187,0.37763476,159.18980642814336,32.0,30.0,0.4
Kyle Freeland,2028,35,SP,16256,5.0675063,4.7506948,4.628788,0.17933701,0.0632221,1.5224643,75.63259,100.70355,94.23968,89.44652,14.732476,0.09051931,0.40081117,159.13461753005058,32.0,30.0,0.4
Joey Wentz,2028,30,SP,19962,4.666655,4.751881,4.6420865,0.21911703,0.101952516,1.4127865,88.219025,99.1071,96.31078,88.62851,17.086433,0.08339864,0.36839256,159.0948931591511,32.0,30.0,0.4
Mike Soroka,2028,30,SP,18383,4.59251,4.7521386,4.881518,0.21642412,0.12498383,1.1237406,89.91106,98.13064,96.00295,88.083176,14.7572,0.07557839,0.3570306,159.08626907472774,32.0,30.0,0.4
Reid Detmers,2028,28,SP,27468,4.7068667,4.75397,4.417991,0.24344698,0.09520658,1.588414,90.342285,98.754036,96.73467,88.913956,18.631945,0.091387935,0.38179168,159.02498332972232,32.0,30.0,0.4
Mitch Keller,2028,32,SP,17594,4.670785,4.7541785,4.608725,0.18423465,0.07827304,1.4316342,93.03701,100.642624,98.92299,88.719986,15.783178,0.0794354,0.3686289,159.01800910504306,32.0,30.0,0.4
Ben Lively,2028,36,SP,14932,5.0541434,4.755477,4.691691,0.19815545,0.07636551,1.5300487,72.71354,99.4463,92.548615,89.43963,14.552554,0.09223101,0.40117273,158.97458866902312,32.0,30.0,0.4
Reynaldo Lopez,2028,34,SP,16400,4.553081,4.756198,4.594395,0.20136608,0.08652969,1.4474093,91.34386,99.70725,97.8712,88.7373,16.651634,0.08267616,0.36762932,158.95048944556135,32.0,30.0,0.4
Erick Fedde,2028,35,SP,17425,4.8261046,4.757707,4.690633,0.18816932,0.07880781,1.449976,81.059265,99.977806,95.339195,89.01444,15.612338,0.08741641,0.38342905,158.90007518327633,32.0,30.0,0.4
Kyle Gibson,2028,40,SP,10123,4.713571,4.7602315,4.7864594,0.16425474,0.093562126,1.1623793,91.870834,99.53436,97.72617,88.61896,13.301001,0.07732377,0.36692113,158.81580549181274,32.0,30.0,0.4
Kodai Senga,2028,35,SP,31838,4.2128587,4.7605658,4.813745,0.23479293,0.12814173,1.133149,94.88905,97.05461,96.53906,87.72202,15.428272,0.07319604,0.33627284,158.80465300994265,32.0,30.0,0.4
Zach Eflin,2028,34,SP,13774,4.906097,4.7610126,4.695492,0.17029572,0.060219146,1.5107818,80.91406,101.66103,96.40846,89.04273,14.774446,0.088350095,0.3908536,158.78974989480182,32.0,30.0,0.4
Rich Hill,2028,48,SP,4806,4.6631513,4.777432,4.780938,0.16551785,0.096379526,1.1204269,93.84256,98.65452,97.36628,88.641304,12.50381,0.07729474,0.36482823,158.24401058978967,32.0,30.0,0.3
Paul Blackburn,2028,34,SP,14739,4.7032437,4.7776685,4.8100667,0.16673994,0.08391321,1.293301,88.163895,100.28866,97.4301,88.54703,14.759497,0.07857801,0.36637467,158.2361773321025,32.0,30.0,0.3
Marco Gonzales,2028,36,SP,15467,5.051379,4.7778053,4.7425766,0.17192392,0.07076589,1.4261047,75.643326,100.474075,94.15721,89.29649,14.360652,0.088489875,0.39402363,158.23164665165407,32.0,30.0,0.3
Taijuan Walker,2028,35,SP,11836,4.8675537,4.7800007,4.793026,0.17588261,0.08258636,1.3553158,82.83718,99.67514,95.534065,88.93545,14.987168,0.086355284,0.38148332,158.15897265454373,32.0,30.0,0.3
Austin Gomber,2028,34,SP,16561,5.0361967,4.783603,4.7048903,0.17971373,0.06775578,1.502178,77.57497,100.3355,94.54278,89.2197,15.423547,0.08954676,0.39190003,158.03987078359137,32.0,30.0,0.3
Noah Davis,2028,31,SP,25862,4.8032103,4.7904897,4.548351,0.22558466,0.08586426,1.6122541,85.09503,98.99687,95.39292,88.94574,18.232975,0.0930892,0.38279593,157.81267622806914,32.0,30.0,0.3
Nick Nastrini,2028,28,SP,29833,4.448089,4.791151,4.8955193,0.2480962,0.1382367,1.1581112,86.703,95.53842,93.27576,88.01672,16.41802,0.08445146,0.36401016,157.79089408787158,32.0,30.0,0.3
Jose Berrios,2028,34,SP,14168,4.947922,4.7944684,4.6858234,0.18386167,0.06860601,1.5247573,79.09538,100.828285,95.32798,89.182274,15.646901,0.0906668,0.39263913,157.68171503643657,32.0,30.0,0.3
Trevor Williams,2028,36,SP,16977,4.930678,4.79488,4.7731156,0.18945825,0.081576705,1.4696751,78.96542,99.44084,94.348816,89.0108,15.469137,0.088074036,0.3816794,157.66817939135078,32.0,30.0,0.3
Luis Castillo,2028,35,SP,15689,4.837358,4.800893,4.61717,0.18946874,0.069225095,1.5603558,81.735725,100.84408,96.14049,89.18482,15.889523,0.09229768,0.39374048,157.47070388779753,32.0,30.0,0.3
Merrill Kelly,2028,39,SP,11156,5.020755,4.8084154,4.6615567,0.16394602,0.06585048,1.4706007,80.472466,100.626175,95.69453,89.42242,13.657701,0.087676436,0.39797366,157.22435295419777,32.0,30.0,0.3
Charlie Morton,2028,44,SP,4676,4.656274,4.8154874,4.8257594,0.16697696,0.10176544,1.0987096,95.06813,99.12056,98.21698,88.54227,12.504368,0.075039096,0.3619604,156.99345407902013,32.0,30.0,0.3
Colin Rea,2028,37,SP,12317,5.196013,4.818053,4.622207,0.17761756,0.059975423,1.590483,73.91516,100.672905,93.698746,89.689095,14.256231,0.093583584,0.4113008,156.90985549557053,32.0,30.0,0.3
James Paxton,2028,39,SP,11828,4.9942756,4.8275995,4.9081907,0.19036338,0.09955694,1.2931778,77.77622,98.0083,92.6347,88.911514,13.513061,0.08833359,0.382446,156.59956879190165,32.0,30.0,0.2
Jack Flaherty,2028,32,SP,17479,4.544993,4.8332667,4.57405,0.22522943,0.0905923,1.596827,91.97291,99.40538,97.85445,88.58941,18.98952,0.086677685,0.36271226,156.41594948608983,32.0,30.0,0.2
Carlos Carrasco,2028,41,SP,6632,5.0670986,4.8378263,4.7020617,0.1508149,0.067357555,1.4156007,83.516266,99.73052,95.73389,89.24951,12.891789,0.084871046,0.39041147,156.26852911192785,32.0,30.0,0.2
Gerrit Cole,2028,37,SP,13125,4.643918,4.839262,4.671641,0.18478936,0.07573076,1.4913516,89.02176,100.11146,97.44361,88.92001,16.002615,0.08928081,0.37952605,156.22216776029074,32.0,30.0,0.2
Noah Syndergaard,2028,35,SP,11762,5.0012536,4.844341,4.7839556,0.16996509,0.06777847,1.4891341,79.71658,100.364716,95.17026,89.01562,15.523369,0.08773032,0.38361102,156.0583782190395,32.0,30.0,0.2
Matt Waldron,2028,31,SP,25550,4.799384,4.8510985,4.766988,0.18497518,0.080777004,1.4504138,87.16019,100.302124,96.97089,88.44626,16.968874,0.082213186,0.36259937,155.84099147852803,32.0,30.0,0.2
Joe Ryan,2028,32,SP,21390,4.8393755,4.8553658,4.610943,0.21403314,0.073440485,1.6918691,82.210434,100.524445,95.89235,88.94831,18.304049,0.098014496,0.38932514,155.7040254309984,32.0,30.0,0.2
Alec Marsh,2028,30,SP,27451,4.6671596,4.86029,4.638836,0.23823303,0.10690674,1.512227,89.34312,97.28806,95.36829,88.71616,18.285692,0.089538105,0.3723539,155.54627398776617,32.0,30.0,0.2
Jesus Luzardo,2028,30,SP,19959,4.7644634,4.8608046,4.5777483,0.22078966,0.08936546,1.6069891,89.527695,99.24384,96.921814,88.76821,18.784172,0.089058176,0.37267703,155.52980673199662,32.0,30.0,0.2
Tanner Bibee,2028,29,SP,30134,4.788558,4.861893,4.5881534,0.22751707,0.08522922,1.6777968,87.51485,99.745804,96.71778,88.8903,19.115925,0.09433831,0.3825646,155.4949892973786,32.0,30.0,0.2
Wade Miley,2028,41,SP,8779,5.092963,4.8620043,5.044355,0.13176486,0.091895044,1.1007286,88.765656,99.771965,96.949875,88.705345,11.234103,0.077786736,0.37584376,155.4914297381432,32.0,30.0,0.2
Albert Suarez,2028,38,SP,6175,4.547759,4.865476,4.875584,0.17531535,0.09445051,1.2377762,91.79806,99.48093,97.66114,88.35846,14.755278,0.07746988,0.3579263,155.38048075871714,32.0,30.0,0.2
Davis Martin,2028,31,SP,21448,4.6653585,4.871481,4.8140616,0.17983834,0.09203166,1.3610845,93.5213,100.235306,98.62094,88.32294,16.056686,0.07686827,0.3557972,155.18894562043863,32.0,30.0,0.2
Jon Gray,2028,36,SP,14916,4.9444437,4.8736033,4.757212,0.18170324,0.07569635,1.516769,81.50155,99.66031,95.23461,89.06085,16.339716,0.08969727,0.38324258,155.12136574595638,32.0,30.0,0.1
Luis Severino,2028,34,SP,15890,4.700245,4.8752694,4.828638,0.18296242,0.079641566,1.4723618,86.92993,100.11612,96.77957,88.57091,16.364353,0.087273,0.37001526,155.06835376112755,32.0,30.0,0.1
Alek Manoah,2028,30,SP,26410,4.7866964,4.877454,4.8055634,0.23566268,0.11281356,1.4536601,82.1217,96.58814,92.94477,88.732666,17.266788,0.09156398,0.3796382,154.998899015757,32.0,30.0,0.1
Eury Perez,2028,25,SP,27768,4.8749905,4.880906,4.571913,0.24141023,0.09347613,1.6478817,85.38658,98.188446,94.96641,88.945015,19.158524,0.09699665,0.3900319,154.8892767039562,32.0,30.0,0.1
Spencer Arrighetti,2028,28,SP,29921,4.729842,4.884341,4.5720825,0.23941563,0.101863176,1.5739537,90.26774,98.22091,96.22101,88.77437,18.761738,0.09068484,0.3763624,154.78034805514193,32.0,30.0,0.1
DJ Herz,2028,27,SP,26389,4.647583,4.8931775,4.6155815,0.24541533,0.11102705,1.4931384,90.67456,97.507126,95.69065,88.580986,18.233448,0.08784395,0.36982355,154.50083304764644,32.0,30.0,0.1
Anthony DeSclafani,2028,38,SP,13050,5.2039895,4.8988743,4.720609,0.16058832,0.06147319,1.5609584,78.31764,100.001175,94.53484,89.45046,14.24685,0.09024293,0.3987443,154.3211672118225,32.0,30.0,0.1
Jeffrey Springs,2028,35,SP,17677,4.8774652,4.901342,4.705013,0.20330268,0.08038822,1.6144481,81.701965,98.993454,94.7278,89.07464,17.121391,0.09351505,0.38496962,154.24347046176337,32.0,30.0,0.1
Shota Imanaga,2028,34,SP,33829,4.917441,4.9075575,4.732324,0.18752897,0.06653738,1.6305836,82.374756,100.83913,96.20159,88.90338,17.097582,0.09368801,0.38546166,154.04811864150344,32.0,30.0,0.1
Dean Kremer,2028,32,SP,19350,4.817652,4.9130898,4.8546586,0.19931446,0.09543712,1.4678802,84.86129,99.12345,95.43378,88.494316,17.49042,0.0864859,0.36585578,153.874655415417,32.0,30.0,0.1
Miles Mikolas,2028,39,SP,9803,5.21473,4.9156694,4.757559,0.14023077,0.052310128,1.5421983,79.916435,101.393234,95.92762,89.37801,13.728147,0.08803182,0.39972025,153.7939064819941,32.0,30.0,0.1
Clarke Schmidt,2028,32,SP,19899,4.5508075,4.915832,4.607221,0.22241695,0.090138875,1.6169753,93.51293,99.112976,97.89822,88.63659,19.030394,0.09042556,0.3664532,153.7888194714547,32.0,30.0,0.1
Jordan Lyles,2028,37,SP,7593,5.046351,4.916094,4.8848596,0.16449328,0.07635059,1.4318157,82.014824,99.39117,95.162476,88.94609,15.365141,0.087668575,0.37785596,153.7806233973557,32.0,30.0,0.1
Clayton Kershaw,2028,40,SP,2036,4.987555,4.91714,4.8271737,0.15664464,0.07283449,1.4528178,85.563194,99.18825,95.96077,89.06842,14.081852,0.08769693,0.38458896,153.74791037066262,32.0,30.0,0.1
Brandon Williamson,2028,30,SP,25463,4.960044,4.918009,4.710644,0.22757852,0.08958685,1.6592664,79.52551,97.87652,93.08144,89.10089,18.34366,0.09860378,0.39448854,153.72074349599606,32.0,30.0,0.1
Jameson Taillon,2028,36,SP,11674,5.0214186,4.9298816,4.842689,0.1669444,0.06434942,1.5502969,80.48178,100.81709,95.72751,88.9479,16.113281,0.090058446,0.38464662,153.35053888515296,32.0,30.0,0.0
Jose Quintana,2028,39,SP,11423,4.8453536,4.937809,5.097161,0.16069886,0.10858595,1.0907365,91.54038,99.54826,97.606,88.21023,12.968091,0.07388928,0.3561371,153.1043424320382,32.0,30.0,0.0
Hyun-Jin Ryu,2028,41,SP,14444,5.3468294,4.962627,4.8142853,0.13497086,0.057969127,1.5097739,78.13018,100.245514,94.8116,89.46895,12.831872,0.08767966,0.40027225,152.33867062747208,32.0,30.0,-0.0
Joe Boyle,2028,28,SP,29608,4.439599,4.9670663,4.6716113,0.24993919,0.11807534,1.4940829,94.00633,96.39331,95.67129,88.394684,19.68148,0.092268236,0.36688915,152.2025184161524,32.0,30.0,-0.0
Emmet Sheehan,2028,28,SP,29839,4.791564,4.974157,4.7245355,0.24426918,0.10778975,1.5791402,82.709526,96.511,93.07579,88.84984,18.766119,0.0968585,0.386098,151.98555252678997,32.0,30.0,-0.0
Jose Butto,2028,30,SP,23313,4.5409036,4.97581,4.7347765,0.24656458,0.11981028,1.4898167,88.78217,95.98863,94.164764,88.49613,19.014235,0.09207621,0.36790502,151.93506182912932,32.0,30.0,-0.0
Johnny Cueto,2028,42,SP,6893,5.2699,4.9758286,4.8884935,0.13389438,0.0609699,1.4773365,80.7377,99.9797,95.37123,89.21194,13.453278,0.08764077,0.39066595,151.93449388509887,32.0,30.0,-0.0
Eric Lauer,2028,33,SP,19316,4.943147,4.9777637,4.8801584,0.21903872,0.09829086,1.5951785,77.83159,97.00944,91.976395,88.87454,17.817429,0.09777281,0.385576,151.87542952269914,32.0,30.0,-0.1
Luis Gil,2028,30,SP,21052,4.1057796,4.985737,4.8334618,0.26063997,0.14332552,1.2886611,93.075294,94.52278,93.815346,87.68102,19.27906,0.08784346,0.3468566,151.6325470035824,32.0,30.0,-0.1
Matt Manning,2028,30,SP,20369,4.9520016,4.9960027,4.8240666,0.20752877,0.09045116,1.5985337,83.81184,98.74691,94.841446,88.61791,18.673368,0.092688404,0.3746014,151.32097506672685,32.0,30.0,-0.1
J.P. France,2028,33,SP,21212,4.855182,4.9975543,4.975485,0.16312402,0.08568109,1.3919023,89.719406,99.57268,97.02808,88.32898,16.365755,0.08140872,0.35919103,151.27399416150416,32.0,30.0,-0.1
Adam Wainwright,2028,46,SP,2233,4.9446793,5.006062,4.970919,0.12496607,0.0792828,1.241738,92.07202,99.642395,97.877846,88.62856,13.103071,0.07971937,0.36936283,151.01690710182973,32.0,30.0,-0.1
Landon Knack,2028,30,SP,27487,5.0133553,5.011214,4.717223,0.21654019,0.07968391,1.7324218,83.05848,98.67952,94.7169,88.87991,19.220375,0.09977791,0.3872516,150.86164749699375,32.0,30.0,-0.1
Andrew Abbott,2028,29,SP,29911,4.9825053,5.0131783,4.749226,0.22783151,0.09352658,1.6673275,81.2957,97.81378,93.48015,88.868034,18.95053,0.09832609,0.38698065,150.80253578852364,32.0,30.0,-0.1
Michael Lorenzen,2028,36,SP,14843,4.8219094,5.020054,5.1837163,0.15678446,0.110460356,1.1129447,91.033676,99.540344,97.48716,88.14574,14.380625,0.07571345,0.35463265,150.5959896048927,32.0,30.0,-0.1
Bailey Ober,2028,32,SP,21224,4.9537287,5.0230236,4.8106403,0.20627213,0.080700815,1.6984537,82.51212,99.362404,95.04633,88.51368,19.185522,0.09461887,0.3716902,150.50695760219006,32.0,30.0,-0.1
Chris Bassitt,2028,39,SP,12304,4.6737456,5.0232167,5.0972714,0.17102715,0.109239504,1.171983,91.06526,98.99039,97.07555,88.05011,14.937802,0.07622392,0.34788516,150.50117188852315,32.0,30.0,-0.1
Yonny Chirinos,2028,34,SP,16401,4.963483,5.0278482,4.988694,0.17930168,0.09040789,1.4745514,83.52662,98.3123,94.35807,88.559456,16.725222,0.09090286,0.3717044,150.36253481161185,32.0,30.0,-0.1
Yariel Rodriguez,2028,31,SP,33838,4.5804663,5.0329523,4.9674997,0.23083717,0.12709272,1.341673,88.106926,96.463776,94.163734,88.20008,17.771418,0.087484874,0.36073765,150.21004669565417,32.0,30.0,-0.2
Kutter Crawford,2028,32,SP,20531,4.873117,5.0335383,4.820656,0.20317423,0.081566,1.6822976,85.057396,99.6434,95.983154,88.45493,19.111893,0.09465902,0.3706329,150.19255937716815,32.0,30.0,-0.2
Kyle Hendricks,2028,38,SP,12049,4.767493,5.0376086,5.0661244,0.14386062,0.08244489,1.3086144,89.695114,99.93538,97.39387,88.089226,14.637564,0.07743113,0.35336113,150.0712064053567,32.0,30.0,-0.2
Andrew Heaney,2028,37,SP,15423,5.025265,5.0396056,4.918268,0.18184775,0.07887816,1.6164471,81.738754,98.66459,94.50787,88.83309,17.647108,0.09303072,0.37643835,150.01173901386252,32.0,30.0,-0.2
Adam Oller,2028,33,SP,20132,4.8350234,5.049095,4.924556,0.21016973,0.10459438,1.5314313,83.15063,96.963005,93.32316,88.66204,18.440966,0.095153295,0.37415278,150.0,32.0,30.0,-0.2
Aaron Civale,2028,33,SP,19479,4.964508,5.0492206,4.850302,0.19590653,0.079587005,1.6748252,83.946526,99.30223,95.33607,88.656525,18.80909,0.09457331,0.37489516,150.0,32.0,30.0,-0.2
Christian Scott,2028,29,SP,30107,5.0701947,5.0517306,4.884545,0.20010275,0.08662858,1.6270285,83.637764,98.615486,94.7478,88.47709,18.670437,0.09093029,0.3688426,150.0,32.0,30.0,-0.2
Michael Wacha,2028,36,SP,14078,4.7731085,5.052721,5.059972,0.18370625,0.09136308,1.4764998,86.56158,98.84208,95.858,88.007034,17.49708,0.08361895,0.34955856,150.0,32.0,30.0,-0.2
Freddy Peralta,2028,32,SP,18679,4.472076,5.0603986,4.7446184,0.23793288,0.1113073,1.5825241,90.73457,96.78704,95.23837,88.23355,20.113165,0.09186126,0.35711336,150.0,32.0,30.0,-0.2
Tony Gonsolin,2028,34,SP,19388,4.863634,5.0716963,5.0596104,0.19789818,0.10548755,1.4587455,82.4346,97.46736,93.478424,88.42672,17.635195,0.09157454,0.36721104,150.0,32.0,30.0,-0.2
JP Sears,2028,32,SP,23429,5.0406294,5.0720387,4.912735,0.20403208,0.089762606,1.6392003,81.60545,98.08772,93.79417,88.620804,18.776524,0.09485378,0.37508473,150.0,32.0,30.0,-0.2
Triston McKenzie,2028,30,SP,18000,4.6904373,5.07259,4.914474,0.24143144,0.123281464,1.5075076,82.80651,95.1871,92.04214,88.56748,19.10353,0.09705085,0.3783353,150.0,32.0,30.0,-0.2
Sean Manaea,2028,36,SP,15873,4.656502,5.076197,4.980934,0.20756976,0.10792993,1.467301,86.911835,97.24904,94.60848,88.298164,17.959232,0.08769618,0.35624182,150.0,32.0,30.0,-0.2
Yu Darvish,2028,41,SP,13074,4.96408,5.080507,4.95891,0.15814467,0.07562761,1.5210938,86.370125,99.09755,96.14234,88.84856,15.550742,0.09015625,0.3773352,150.0,32.0,30.0,-0.2
Kenta Maeda,2028,40,SP,18498,4.9465375,5.0867977,5.010099,0.15564923,0.07653736,1.5116684,85.93007,98.848305,95.85164,88.468025,16.345598,0.08631952,0.36390013,150.0,32.0,30.0,-0.3
Lucas Giolito,2028,33,SP,15474,4.9313583,5.09184,4.871899,0.2124465,0.09116284,1.6767539,81.46586,97.96983,93.63936,88.70388,19.022676,0.09763754,0.37782794,150.0,32.0,30.0,-0.3
Nestor Cortes,2028,33,SP,17874,5.020239,5.0957556,4.8487186,0.20404823,0.079161994,1.7361866,81.49272,98.68691,94.263176,88.78115,19.172861,0.09993796,0.3827215,150.0,32.0,30.0,-0.3
Matthew Boyd,2028,37,SP,15440,4.608833,5.0968947,5.0406756,0.21318015,0.11172045,1.4600081,84.81267,96.840324,93.75579,88.09104,17.967678,0.08908979,0.3528669,150.0,32.0,30.0,-0.3
Alex Faedo,2028,32,SP,19874,4.848197,5.1021833,4.949655,0.20661487,0.099964894,1.5644042,85.514435,98.40991,94.88886,88.341934,18.518667,0.09113563,0.36320043,150.0,32.0,30.0,-0.3
James Kaprielian,2028,34,SP,18331,4.887071,5.104236,5.0502505,0.20108034,0.1033427,1.523573,80.7501,97.315475,92.89875,88.43824,18.182135,0.0942769,0.36960766,150.0,32.0,30.0,-0.3
Mike Clevinger,2028,37,SP,12808,4.87589,5.1069193,5.106494,0.17864792,0.098374195,1.4280955,83.18405,97.811584,93.972984,88.30082,16.852966,0.08907835,0.36113173,150.0,32.0,30.0,-0.3
Lance Lynn,2028,41,SP,2520,5.0221477,5.11531,5.158042,0.15855429,0.09299921,1.369799,83.45733,98.12529,94.487236,88.536316,15.31395,0.08675411,0.36628547,150.0,32.0,30.0,-0.3
Carlos Rodon,2028,35,SP,16137,4.6261363,5.1277556,4.916613,0.20711654,0.10234845,1.5649116,89.010086,97.01385,95.18569,88.39031,18.900154,0.092012346,0.3597966,150.0,32.0,30.0,-0.3
Domingo German,2028,35,SP,17149,4.8385673,5.149596,5.0527844,0.19769292,0.103349015,1.5210104,83.84119,97.278366,93.5128,88.25879,18.283081,0.09288405,0.3625733,150.0,32.0,30.0,-0.4
Zack Greinke,2028,44,SP,1943,5.167868,5.1566525,4.9793086,0.10303089,0.05102855,1.5014043,89.11907,100.44142,97.934265,88.73328,14.242618,0.08109983,0.37049243,150.0,32.0,30.0,-0.4
Ryan Pepiot,2028,30,SP,26221,4.8935156,5.173479,4.920274,0.22288038,0.105155766,1.6321423,84.72637,97.11545,93.84122,88.44938,19.511953,0.09710722,0.37282306,150.0,32.0,30.0,-0.4
Max Scherzer,2028,43,SP,3137,4.9745083,5.178375,5.078968,0.15725562,0.075895645,1.5686986,85.16456,98.866806,95.631805,88.473076,16.30958,0.08948326,0.36779654,150.0,32.0,30.0,-0.4
Justin Verlander,2028,45,SP,8700,4.9608126,5.186318,5.101283,0.14135529,0.0785462,1.4477147,87.3946,98.77185,96.02917,88.53071,14.72999,0.088161044,0.37218422,150.0,32.0,30.0,-0.4
Tyler Anderson,2028,38,SP,12880,4.8198853,5.2344885,5.3778815,0.17204542,0.11206488,1.2957617,84.34328,97.87835,94.13388,87.84347,16.226658,0.08545335,0.35042095,150.0,32.0,30.0,-0.5
Ronel Blanco,2028,34,SP,19407,4.652635,5.23994,5.3139067,0.19904278,0.13103615,1.2439156,87.521515,97.23352,94.66222,87.78267,16.927872,0.081997514,0.34546322,150.0,32.0,30.0,-0.5
Chase Anderson,2028,40,SP,6895,4.812213,5.2434716,5.3325496,0.15904605,0.10501742,1.280654,87.8102,98.27416,95.53682,87.804955,15.549683,0.08221569,0.3485621,150.0,32.0,30.0,-0.5
Vince Velasquez,2028,36,SP,11189,4.8278303,5.2506204,5.1216545,0.19379558,0.10229926,1.5838099,84.41488,97.1157,93.92917,88.260994,18.872932,0.09294513,0.3588925,150.0,32.0,30.0,-0.6
Robbie Ray,2028,36,SP,11486,4.0720196,5.266585,5.25351,0.23395212,0.15167525,1.1909183,88.92842,94.28981,92.24951,87.327354,18.977175,0.0888597,0.33224383,150.0,32.0,30.0,-0.6
Cristian Javier,2028,31,SP,17606,4.8245344,5.2902017,5.1763706,0.22109126,0.124708824,1.523556,79.43668,95.162285,91.05163,88.31092,19.34636,0.09929291,0.37351054,150.0,32.0,30.0,-0.6
